0043be040ec36289068f9fad91a6ee736713cefcc6d0eb88b59650efa6b2bcf1,Ramnit
006eec8147d961df6c2ad9902c79273162331fec6cb5240dab858da160e0478b,Zbot
00af70504cb88dc0dd0b875fdf921bf5c9a489a49bdf9984becf6a3f78713df8,Andromeda
00b12f6b4cd0e1a7d295c176fdcffcdf5710a9b327bba4366504dbe8ce0d6e7f,Banload
00c4159e79e74320b52915d263534119ba7674ed47fc752b7be1c75cb862b949,Injector
00eac7f489877b42e978e983a02b5bf58ba17bf03b07cb7f1af6715113c6b35a,Inject
00f828d58514b1089837200c5b20971bde3dbfa12d1159cd568c6e84289e2d8b,Ramnit
0120f5a6d5b5bedbcbb339e2694f1d81ce42815b0f5b0f9ba08548e0ad0f1baf,Zbot
01213f7edf39a50de8f814d4a8f4dfbc85ad5b4854e501f7d30d83e76df194aa,Ramnit
0151d5c539134ed1097236ad8be0c536000e2cd0f5196c6d6d3571e852a3e6ab,Injector
01c17a4dc4f3d80a21281997fb6d870b8f502e7ae8647280bc87ead15797ed7d,Injector
01edc56149840d17466b2dd9f4360f6b9031f5bcaa756efc35f33437549afc32,Injector
0205ef17fbb552d47aeda54c9e19d65da310b691a25e4b52a0ebe8dbbd92b5d8,Smsagent
027afa2a71f8768a28c4bf38674060b6996d80ca0d58cbe9133620371cf389be,Cutwail
02d22609177f493e47b4e6394cfd91ed3b880cce5ceb4cf128d88900dc7031a4,Injector
02f5bcb06e89c3e9f64b3125b30872203cce29d4e35a16dfa3143a36559156b8,Injector
02f97ba01ec647d6fb7df7723d5daa7d530d8dbd9659b567bd8b7bb2214e08ce,Cutwail
0317fda021037c4ec160fbc87f9e56796dd7e3362481996653d43ba22de19666,Injector
033847fec56bea69c4f1a0ccba9f00c550a7c5ff40ccb249444468fbe4717dce,Smsthief
03488bd6f4e369609069e53075b6aef5b946eaac3301b84f600a9be3b253f131,Ramnit
0348d3212afe09917286d39839018629f8bf1aa3e0bfacbc59aa8a72b43695bd,Andromeda
037e2e5288178142a64bfe59298762d59e245a77257516d5e88dc9a14db519ec,Shifu
039cec906fdb2c24ea27ea8815f22dd90d6d7bcf73adfe1516d31de54e80ccdd,Cutwail
03a83ac82a72113dd273237f4f9ff6a0b101432d4f6d0938ddc19177bc54d7f4,Smsagent
03feed6163fcd0722edf1ba98fe7a94a9abc8cb29fc351c0f44dad23730b2078,Shifu
042fd80c550311b1a1debfd5b9271c94f609386cdcb002d0636bb59c9542d757,Cutwail
0451d000a389af83a1c00accfc1ebbe4b3bef27a7fd63f7f658bcdb0f99e72c6,Shifu
048de1d3320e1bdc1d953c7ae67b4eed58081be474252d5bc7c37b738f26e674,Smsthief
04ae15817968df1526433bbd9c58067841c8a994923041defc263fb257b52f84,Cutwail
04fd0c0925a4b846fbd6e65ec0daa0a6d43a9a7697c42d37ae075219121aca3b,Zbot
056b7bb9763f6526d0c2e3841209e1e9472ad9248f0d93525695793de434ae89,Cutwail
05d41ad9e4266ace50ea26af7f5ff47265c939315c02831db2ce222ba2912256,Inject
05e23156246cc0fceb62eadb8ddd4b502a91a486db67f35f23a7ceed38c6155d,Banload
0630d6c827770e814dfdc89f4701f08953be71ff49d6e545693a9cc07d30e9db,Smsagent
06317fa9f0db4f504342096e613d9a70baab1d872b8e8e00b04fadb77d41167c,Ramnit
06575fa28c361b8750b464f980d6dfe48a9551777a5a5ee1024cd475009d29eb,Cutwail
065ce1ca6c73038c9fe2466a658e70d4731438b5c658d6e8aa423bd37358a490,Inject
066aaa692abcc9bcfc5ee58f83ea3bd05c1ff2538e27610713be388ebe68c933,Smsthief
06976b4d36e12f6b67821e29bae7c50de8155eccc085d5f4171fb376434d58a9,Banload
06b7fcf8ff7dd9f04754c98a38014c8134dfd2ab98dbaecb6a4564fb4528b8c0,Smsthief
079e5fd6609026f04f19e9ef8ed9bd42b68124560a0dd6ab1bf8b85c6994d229,Zbot
07fc8a2cf600560c8bb5e94561be855cfef313299135277dae04f7a2e5644163,Injector
089e3020ca5b51fce52c3987199b00fcacfe8049c2263121aaa479224388509a,Ramnit
08b1c0993c32c21b0a760d7a3bd5fbf5484666062653b6f93a567fedc3a54981,Zbot
09023950265867155c585319a385195f8752d25522b9b52cbe6f06557820839d,Banker
091e44784f0beb3493d6ff37cece36ddf7fb78f0a9b90940491abfce32b9f22f,Smsagent
09336d88a15388b50ac171ed945bd8c536f6c6b04928741b4ce68f888c0da9aa,Inject
093fde13f5801edd4241a7fd1d678d30dfb721d0af7be3a148d9c2a8bcada71d,Zbot
0971becaabf663b34edf47c3cfb29936db033205d92372612e9d06da35bd7480,Smsagent
097e01569c18c0369137b999b4df5aac393ded2519db316bae63e933e1044114,Shifu
09c8309286b0e2d9d0462d35fa329944f7c797103f3fe68d9b1eaba4ea9c8123,Shifu
09d283716b5de0b20d7c79e87d21603a35ad494f12106c207579b67af8a1f3e7,Smsagent
0a272bb155c4b72d672e4c759a528cd9366bc97aa5e7abadbef09b1e0dbbd2ec,Ramnit
0a6712a2b1c710ead99699c4a6ac5530d257e672e90445a724b8dc9e3a9e47ab,Banload
0ac16bfd7dfae22487cd159e29b8ffea37ad0f425123f5754d992324f5e5cc21,Inject
0b41852ca881b0b99b69ab0a7b5fdad51cbbd722dae4db6791cae452ced1e5d4,Ramnit
0c6276a789347850e4c216907cf7fc80232c85938e63e1c64d23a3ea0167bbe6,Ramnit
0c953b0087c73d617b0ed5c489c0b4dcb745047285e85bbbd05aab7fdf2fd61f,Banker
0cb6e9c1429e0f4f170d8767dbc5b08088994cb267b938a646465ad6bc1d6858,Banload
0cc695f9980edacc77a21e1ed2a0cfd0a02956506790c4a041f3ffbe1ec3d790,Inject
0ccbe81a82506a50759451a677d0d0bf1af9895749616a25c7bd707d31768bd2,Andromeda
0cd7a5ace16dafa1747c5dd63d6c3be6914dfaedb8ee2b5d3dccf1baf9ec3cb1,Ramnit
0cf60020a882cbe3e10d40c180d54ec4cbb6fe20dcde7ad739f8c44f7009efd3,Banker
0d0cc92b19b7a9d9d80e7cf8ecb3e0561b8a13c9af84a6561ff8015344afaa82,Smsagent
0d500cb3cd54a84c301f9b6a9c8acce6e8ab0c987f165afe7b5a4eb41896f43d,Smsagent
0d98e7e515edfa9aa6580469f51fd8875a7fdf71944f200b99fbd33526edd5f1,Cutwail
0db601a12e5f854d508cc974347768478cbca449badb8b99f218c2f3adc21f1a,Smsthief
0dcbd5b4c0e8689c3cb23eee4868a3db47d9c484e7e7660fbb6ef3b0c60652e5,Banker
0e189a13155e0f79d2202d27a5fbbd00c55ee1698b653dded00f55da00d429ac,Zbot
0e4e1e6286c17173e50a7a47bb6308e5db268dcc16448583ab8e96314f56b39a,Smsagent
0e7cbfed1b1c41bca52fd294f034f477c669bedfa5de887de4b96a2d3c5dad78,Inject
0e826926f37faa85bd259f41851e4034b0936d91054247e2c10a4929b9ceb9d1,Banload
0e896d269e35d69c995f465382921a06474d63b2665e1532d58b9768cd98d9d5,Shifu
0f0d5437f3ea1d82f8fd1f081a47e11c51464a43f8152f5ad3052afdbce0224d,Smsthief
0f1257f206b405af425dd2970bcf39817a4c0feca35a1453cc024beee9f048aa,Shifu
0f270459e9db65dbdacfcf296e32433554afbb38b733d5d99b1f6674a07a4be0,Banker
0f59bb847e4d9a019c5b9a8f6536d72eb9f845cc11e8def72ed47b13dc5f65e4,Zbot
0f7113d0c4694fc31e50600df567852ada7e88d771dd2411a1946cd7cedd489b,Smsthief
0f85c03950d2731e067983581240507421722d03b5b4a841f480b7c38749d3aa,Andromeda
0f9cba5ffd2d1e87079ec211c07bcee5a0e32d2890a36f82ac84030307500a01,Smsagent
103f9e8cc9abc8d3c7594626f342aafd53bcdd635afce32303b6dbae828e3c6f,Cutwail
1047518a0952de1870748ed4b86b2a4d107d0a820b01ad9ce7a2e021f1362452,Smsthief
107ce41541cf1bac5a64a3ef275811bf28c6125dd2904cad4acf039eae395776,Shifu
108cc70b1a2e086a722e14a6e2f72a3c249a21c2afb26e4bd42b4a5570ba15e1,Smsthief
10f68d72d80bcbee0db3f5418a877a0832759017a15856eb78957f99a8990568,Shifu
11130cac38c0227f683d7f8345face1d4003fb0d6798cd2ccabf916a0077684c,Inject
113c78174c094e9a8648b807e836663fd399a838bfac161e634e06b42a3c4535,Andromeda
114aa935d0a06a887ec6fc9044fdb7722343a57fab4b560348b2110c1263033c,Banker
116608a5c82bb0f50b1af00b3afc587040f06d893af26c9d0c0e1d07704f561d,Smsagent
11acf2ffae4738a4b47f80f14d3e733342475307d7910be40e36692053faa886,Banload
12217f3eb9829a2f7fe97fdd51f9106c7fe3da28504d4191d57d3a64d1f2f9f2,Banload
12b33df2eecc6d160061c11256b7aa6bbec06dc24a92160c21165eac1d3859d4,Inject
12db4d886189315257cbf19a34d7b05b6a2778eff37bf17b2099f0b2fe4f5f14,Banload
1380ffe088167b6af6bea5ab6e408c897b82f3a020579403292de143e2d89171,Inject
1398940811fa81b1f0cbafcdcb30089f8745d4e8acc60c7cb3020239ce68c171,Inject
13e14b0adcb11880f6cd79afbc11cfb735743f51c1e03636d87a84552b12a9ad,Andromeda
13efa6b49551c996c3ce851b1e5a026cfb64b8599ca036b515ae590d04922a4b,Andromeda
14a0985a8575156e775944cebdd7652fbc8ff410badc856f9ec7a41ba7ae1573,Smsthief
14bdcc45988b65dfc3436d2043dc35e1ce80bc86fc00574c2dad3c7ce7d22907,Injector
14c96988718dadeeef2789cf595c1d4e205a27492bb368ec04b86ffc45799625,Smsthief
14d1959ab7535336af34a881a8ddb55acc77ce6884d969733ba73bb7e7d439ac,Inject
150e6eb958d71cd9d4e395296b203037c3d8e8002826c1f732ef965230a7131a,Zbot
15248b2a07d0e93371a12fffc4781b41a3b9f4fd0edbb02f837cb014029f37e2,Andromeda
1556fdcaafb298523d5d033113ace1460468f7cffd196883f391b218530c148b,Andromeda
1573d4fc2aac1e04a80ad0f2f5aea377d9b3c21069e8c1c371ae71b57dc7e45c,Shifu
15bc757811a3eea9908de1dbdc87b42dae3814a2aad0a6e9dd2adf65704cb771,Zbot
15d47246b1b43ad9ca9563f1f9f1e7cafcd61892683ac6033eab1544f5d35132,Inject
163f7d47b5302ac4c44d375048f06a829829365511939af556488543575a01a7,Cutwail
168ab5fce0e224ba31d188c4eddc9c4f1e0489ec7e1fcd97cf9d15fab9125f4f,Cutwail
16a1f4193a4766f84ccd3963b6b10870323b6b401fa91802990f23e06fdcf480,Zbot
16b331674a7149a6f9111de11526801f1922eb5ed8ee0477427d406cd77ed76d,Cutwail
1753f77a66235034ee6f2af476ac98fed1687fec392cfcb23c5a27c80420256a,Ramnit
1762cef3f63a3a1dd2851cf979e068ed3d3ba1f59bfc5640dfb1c48cf4b66f4c,Shifu
17d1f2f3530714b3391c6675e24dd5899c05831b9ba1598a717830d84a207c0f,Inject
17da8f92961fdc5a20798182a6684360fd54cf577a499f1f27f1669257fceeeb,Smsthief
17fc65bef388be6894fcf1a13d440133ed2d0fee9d75503bfa38c00aaca5ad8d,Ramnit
1820fcbccabc67b53a983150c8de96b9814b8d28b289339582b895366e8f3c41,Ramnit
18307147811ff45c121f8c2b9a833ef1afd94c6000a59630975b74feeddb0320,Ramnit
1850e40f62d8d541715862c7e57f569bedf1b2d1d8b472ac499281e2a59442bf,Banker
1856df6d4cec4ec1bfbe4a147d6b3fa584b831ca046b02aebaba4644a540afe6,Banload
186d139d5e9492021413146baeccd91a3a947c94784a8890de98644460ca3657,Ramnit
18bd23aefc93e3db34bc47912115be0f9165aa33cd2f8ddb0c683ff84b318503,Inject
18ecbfc0a8c6cbdf1e26ad80264a1a358b8eca2a7a4db61207eda610a9b9e816,Smsagent
194c26ff9264a860c9dab84ea176ab6e59200a874fd279cc4e7f953895cf168e,Injector
19948851b3b37a70107052054e793a6949dd912cff8221ea747dd6249c6ee6d4,Andromeda
19a95f611af4d86f43312c2e6708a1012daf922a46bdf011ef36ee4090bdb12d,Banker
19b4cc4835180fbf675a57c74f0868f030b8ae38378571664880c94d50dbe347,Andromeda
19c4047b34307c45e9daa380b280d6990411cb766f434e18a1c3ecafea3d3bdc,Cutwail
1a001511f85e339c6b6a62d0588bce914378d2f61511401981f03f37c2bb04b6,Andromeda
1a5f9672696fe470db6561166401a2b5f88a973db3aca35be74b02ef996e1800,Banker
1ac2ee43736d1168d213233e0f86e103b2bae0ed3f4ef6eced9feb1cb55750f0,Smsagent
1acc86baec3ad6dcab394363bbff7d883914fae28850099c7ff8c3976adeb074,Zbot
1b15dd4d75931e830c18d9d7a706af595d658c8f43c2e0614fc6cfc588c435bc,Smsagent
1b1a5b1ae6e6f7802f5c71b6629015a7964097187a47e13342d9bf27340e8f17,Andromeda
1b359a55b129a6f47f297bd8f1dc6aa117a1d6b99aa0b30fa9fa591c54a793a3,Smsthief
1b6e4ffe599f1a6980872feeb82450940bbeb47cd36139dfedf57df561fd66aa,Andromeda
1b76b54c6c0e4782f8ea0581bb7379d822d65ccdbc1ad5c243a2f8888c62d01b,Cutwail
1bbc513161a9635291a6c502fb19057892c0cfd587703abf0609332bbab0e362,Zbot
1be686364df875e4dcf7881b161381c6005224ad81aac576fd6a87eaf9e8d1fc,Shifu
1c2e9304703a4561ac1540c1ae48ca6ee4d4812de96499a38b68760e573a93d0,Injector
1c60fc4ad3f255853c591347aa9b6b5c9cf752bf890b4353a8ba317582bc6553,Shifu
1ca98e462a4dc13f12a0de42638b98f22fdbf5186328de0214496faa40df4a15,Smsagent
1ce8c2b1b665b67ca704481b8e973c39e0aba4d3e6a8c5a693d0df8b7d70988b,Banker
1cedfe855b66b65aaf8762b349b2c2e25b480faed9c929079317d83fa9976796,Smsagent
1d3ab2671acbb425058f21f12135e8ead98fd9448fbc63d020e6274d16e3a32e,Inject
1da1dc2627aa2591dcd8eaf8812cf323ab9bf97504b81f5561c67c83d0d10ac9,Inject
1de3a4698e69048491ea7b2b5eefe3fc5b82ae98ff8ad3c97cee0b39515ff2ad,Smsagent
1e4fb86c58b01cfdc79ca2cdccd8b64506f98d1374c3cff69f1087a5457f209e,Ramnit
1ecea0c1d01be5fd3f487edf84e6eb74b75b0b0aae17110b318e1e860126f71f,Injector
1ee6064c0dfd9d8519bf9122e1e997be82bda9d91032ce668948f4444bd30c5e,Smsthief
1ef0e0f83fd33482908233b59c40060000178d1cb4e3529fc9296be35baf279a,Andromeda
1f11570ebcba68443aa6adbd2fffbf61ee4382e57e4d7b31b095f42ac180bd35,Zbot
1fad52160f7dca10f2b4a168350a9680fd8a1e7c7657b16b9fa998e9c46579dd,Cutwail
200111540abefb5403be057a3998a53e199a9519eb27a7ef24e064891dc8a505,Smsthief
203f6e9b1cede8ed0058721f88ae6611382117d8ab0c30e533eaba9d3846ff56,Inject
209be2d626611e674957a782f9cc9bf0d997d68a540a74b0d39b4b14841a3bc1,Banload
210921a2fd22375b22ab0b9601f16982a85b6f6e22d15ee92196efcf69bd0cfd,Zbot
213cc75d1a0a0814d259b42ee712c7588c1f37d2b7209ab5971fe5cd93f065a4,Injector
21457dfb09c2bbdf22d887f6ec88b22fdcf29340a00acd0a4285ba49fdcc89d9,Cutwail
21bffab6c2b670427445bbf5f69c431e4a300063e579dc2ffc546ffef419fbe9,Shifu
21da2fccb393401b27c970e1276d13ead418923ea77470ab6ae4713241791a88,Ramnit
224257233054aba34bd50b842ce0f18541a2906d181fe3292d3daf3ebb9aab1d,Andromeda
2260852548cc1bfe1ebb3f69e754c23516ebde719f60d4be5aa37ad556026159,Banload
22dad4d31e67e347a6f148bff7b2d6767b78c915926be4c711f156e3f563fbcf,Banload
231dc607ab944f3d5f5175cee6a61bf30737ec89b2b8d91878d21a075a59b46e,Banker
23428d7ea857bb5403cfbdf65c122f02513b5f711a0b1dcdafff534e542f7f3d,Ramnit
234c259a2acb2cb89dd62fabaa61024b24c5771279ecb59d9817c1ee487abd17,Banker
23663f97bcd69dd246bd03b3c52e319c28a91bd9ceca92ef35aba75aa2fdc193,Banker
2378c49de0639c54a161ae5c92f9e1b405cf0b391098e7a4240df372e51fcf52,Banker
23b9a6e67937bd3a01e8be85354cafbe45a17b1bd864f1491be91116571c3e1a,Smsthief
23d310880ed0b718c2fb6b8010f3bba750cff38da69c233b92d8942f6db472df,Injector
2419804619c3720d494fc345a7f4bc3ad42a425482b227d187c2065620d34895,Smsthief
241c5525213140fe2a510bfef02284881c27001bc15c6644903ccc6acb2aa623,Banker
242f4c7531069f3797ee5b4eb738df3b7d2f8105ba74df22d708be1144c00bde,Smsagent
24456d941411aeee6707bf470bbd3d328bc6b5d7959213f7012874fcf27756f5,Cutwail
247745206e48ad2a8ab53d9024847373802c403ff40d1122be61f809e14256c8,Cutwail
247dd5f856525d3fd1cf4e79dd541675c2275c19d00a87d67eef30d05369ceef,Banker
24a5579e95c7ed3c858f7984b0ebe6958c0b74e9b370471982c6e5f6d0660872,Andromeda
24a59d7c1e8ed8dcb40aac159ed2abff3c293ad2719d87ed991b7bce216a6c74,Inject
24d993a3406705d0d27f9c0e31a1112ed89152211599cded11f5ef5ec778d149,Shifu
25095e49af990db7a0cb2d0272ebaa4904fe38caaf3e30ffe6d713be03ef83e5,Banker
2529f75ce671898d8b16162742c5014c557ab02805df0e73701fff504cb4b694,Shifu
259639f7fade768753b5df739262cbcab472a293c907f9ba70af74b56d2288c1,Cutwail
25981ab8a91cbf41e861a94bbbf49445cf89a80282b7c91ed37655563c4502c2,Banload
2601242c6fe1fe7e1f8f4ddc7862bc3389c6944af417b29ccbb091036206081a,Smsagent
260daf5ca6a7ad34c9addd25145cf060a6827e883f55558aaf1bc4394ffb0e3d,Smsagent
266b1c8521398d6a7dc987bb17f04f52fbfe5ee01fbc42f5e904acddfa75deec,Ramnit
26b2e140442cc88bd1546907727a8e4bc50c2a78cde9bc5390612e9e31d1e834,Zbot
26c6ee0adc1f480aac45825305b5b99b1c9759d81e2e39d40e1669cbf4284507,Smsthief
274576c15205772a915bdb0fbfed1213ebfa231daaba2dd001a4e307305e7f65,Smsthief
274b12f3857ffc3152ffc9eed72f58c2856739461c02748f98047c3b6e886025,Smsthief
279bdc4c43c7c9d38374ecf90f1b91e23f75086af950cfdb0209572404676644,Injector
27a63b8dd49e71960e255b4fc66ea9f69a082f7e20a00e7492aa86e2e3fd4a97,Banload
27b659ae1b42557d09b010d0fbb040673817ed6828b2b0030972d1467c1e764d,Shifu
27ffc9f4ea10b719901e1b4f12702f7abde99ff19619634820401fc41160dd4b,Smsagent
28c1e25ee5863b55e933135ed1173c59efc5a74c0f51ed1bb8de1b6ba73801c6,Smsthief
291891041d16292bb376933a2318cef6883e8f701d799a0bd81095f86271df51,Shifu
2919c2d70a62a799253d3dc048d28478024700894ee7c11e3086fd4cef7badf9,Banker
29606984530d68cffb33ff0b726fd47ddf0a49f2a6e7995827631ff93ad5162f,Banload
2986700052a53166851e6b3b4ee028b7e46b4e0a08b8f0790ae72342c6b515b5,Smsagent
29a83b7099d89be5f71d4887fb5dcd796e66d9f0631795847568f63d913ffcd6,Inject
2a87d4cd3ee16e4be797eedcdd78b3384c1fb16b10101b7d602312821987a884,Banload
2a96265805d0576833ee83e5a5dfa31acedc915b51934378faaae8d46d5a461e,Banload
2a970757ad804362326229d9caf9e639a55c9c4f185c735bbba8a5f19f151250,Smsagent
2ad16e8b2578040cb0e25c2799103b0918ec88675c51844f054733f0b7c3f548,Andromeda
2ad3aba8efd4cb7053cbed1fffed637015a2f6745d91dbdd942f67c5431d75bd,Smsagent
2ad49a7638d11afe3e4d306b86721d0bd3b993a57b7912996bfacbbb474c25ee,Ramnit
2b9054c4ea21630e26b0636472c0834d3d04f6ec33f686a936c20a7732997719,Smsthief
2b9e6bb60f2aa37953ed13ea01ecc659fe40700910d428d848a8b73811f38cc7,Smsagent
2bae0de6cdab051fc89e9817624dba942bf25dc5133935c8d18d7f8c5536f142,Cutwail
2bdeca27ec26a9fed768ba0413e9c5b9a9ef506b1d37028b35a35ffb18b811aa,Smsthief
2c8d44e11f8a7707e7befc0d11f1351da5416c81dcb524ce2a73fae5d1447288,Shifu
2cf1b4fe094b40a1024b2491da2d76093e92ba2ae9240bbfc540dccd698e78dc,Injector
2d5fdc4fd5582009e20ca8e05901bd000f7fc6612851928fd5d00f017a36844a,Injector
2e30bb4c9238936286e7ae727abc514dad8867b244e4f043d0598931dd37ce00,Zbot
2e41cf8c99f0a9988830f67d72790aeadb9210875a6d7c4ddfbb6373e6db5a74,Zbot
2e5a1a8aa4cfb473bb78882dc1f3696e5e5938f990ef7df32bb09c2213a21aaf,Smsthief
2e5e7c4d0dae50beadcc9f5993118d615c4fd95a403a7d4136ae31b322581312,Zbot
2e87d231ea1f041bcfb97c125ec373b7d8e32d398809bba72482c7c793ca25f5,Banker
2eb74c0124ac58bc22a739a7915239885181f55f7f00db36fe851b205e57e29d,Zbot
2f26e3975c37e5d69cf2ff37f4c823fad7e6da2d6ae7dbb9fe1a131a5b3871b3,Andromeda
2f2f2c5b8ac947a12bb8cf32f8755728c853844501b8b431b111badef928272d,Smsagent
2f3da2fd9970ba475507dddb5d10d6ffcc44e9d4ac6bb1d4adc227a65c19dd00,Banload
2f3ec342fc2dc38e70308682dc3acc42d3b931d675a7005aabeca3d5ce5ee963,Cutwail
2f52a8902584ee67cf7df337eacd4104c42148ae077feb247c7c8f2b0a612f95,Cutwail
2f6521ce461b38f6d96a8ceab186106799b50f02129dfc7579c5ced5e47566a9,Smsagent
3026c3c5ce402db2087725fae979bd23db5306312db50095a6e4f490da6d9346,Inject
30588336f10df3c2f2a642e118a03285320a7147bf330e9d9f88a08b358ff72a,Ramnit
305b4d23f7545659484b2a85a474d393b5e2674dc1aaba35ec66688cf0e2242c,Banload
308231c73c0288b5397d2749462e4c89ed7cb9ad3ec1feac8b159f3491b4d590,Shifu
30b4eec3c537a414d54fa9d711dbbbc7a4c34567081f38b94ff2b5333cf0dc31,Andromeda
30bd2fa26a7aae6eef6d60d4596d92a0f847cfe672398866deb7614d9cf91330,Banload
3151cd46e86ec21b0cee9a158a3e20604e9489f7ea5d6b977a0116b814fc5a24,Andromeda
3184e653ed8776d4976b6cc8d9328645a36f68648eeac8fa45d5a3262a6913f1,Smsthief
31daacbd2824fecf08371c9d966c412878f4d0377b0993dcc5bb8084201eed42,Ramnit
320140bbd74b6490f94464f19ddc232832e6467adead30af7795da717f308799,Cutwail
3215b419caba1d50502375882a9a8e9009e7b6c2b883cd660d3c614148112306,Ramnit
338a2c18c0888ea1d848adff8195673fc17078e65470b17c2422a5ecbfe53569,Inject
33a3e4de3876989688fac34e02b529f8879fb936157a543e67f7278b413c98f0,Cutwail
33de386570ba4a33b2f50ed9599acd71cf2a0dc28cc14c0b03acdf452dc9bd8d,Banker
3470c7e7cf3a3ef35db63df760697172e439006557f7a8bed211d68ab21a11e0,Zbot
34cbad4f822a7c05136b170fc867ed3e09dd990475f86c98cab0397a2a4b15f5,Banker
34e4bae9ea547d947dd4dae194be5d55c6072b81676787cda43b8a82d31b1dd3,Smsagent
34e93fb5e4f344b6a39c5b2f0cd98fad0345b7f492b8e3fabbe0c9e69e657db8,Zbot
3530a38f5bf7290a62a9d84eaf53156663ddcf60266569b1e71263f9470fc0e9,Andromeda
355b82c2ca3ffa7b6f22caccfdd6edb976bcf66f13f26d3f2c3a91cb3d3fd530,Andromeda
355b936b3de191077f6cb2384e7193377e72a12b93eac7cdc105ab17596fc498,Smsagent
358757557f1c704b7b7e63876ec1bb9ce7d2d7964bb0a43837c87133d7aaeba4,Zbot
35ab93f2691cf74570e2880f0551d4984154d953e2f1a8043bedb5aa921e3edd,Inject
35b83dee1f8f020914409abcd9c40619ba1d00d3ba33b84553631793ff6fda30,Injector
35d50bf3972c31ed90e213465b6a215ac5aa94a1d6de18da1e45e2091d45d281,Ramnit
35e222b86b54b0b2e0d710b1d6ec88d742a6e659f2eb79b89c3f8c3ef382464b,Banload
371c8c46a64256d3b4bf25444350c61d6de2e589b732c64c48b52908bafe2a42,Zbot
37712d0bdd2a636b8c6f54da55ed936a2c55fa9713fe976cf6883721bd4457a6,Shifu
37cbb1919ca06aab50bc43356f144add30b070e1f56928176a58396f40e0ab94,Shifu
3806a0704ed6748f6131374f632f745268d23ae12110f684c426f85e5833aecb,Banload
38169d79d29b81af380a1d9c66eb26ccf7ab4f3f286288e04f28a62fce6c7dd3,Injector
38aea95ed4d47daa155571341482d361c11953050aef41647edc1573a56af803,Banload
38d43734fe6173c789ef2ed816a228f50741b21df47afda74b5d4b89a1011322,Injector
38e2be61fcc0480d22a7d4271e2c5b12238ead6c3cdb8f7f2b306273929e2498,Banker
39264070fd6df7098341f16bf40fb47174f3cbdb6f1a2aa0137d419283bc5077,Smsagent
3946261b3bcd583c313659900840dfdb0705ed45d57136dba559ff5b15c3e3ac,Banload
3954676fe8e0399738abc1a926a79f2b86b92b73e505694355e756fd69788664,Cutwail
39a440b1f4e9e8dd25c689ba970efceb5060c6cfdba005eedf9267cdc930c820,Injector
3a17c9011894d34a8e1cc74e396b486ee1131f880c7dae69be36c8724b4dd366,Smsthief
3b1bf30d4cd8f62dac63d7a8e6e4d0ece8d5e6b35221d0d3be5ff1a0124015fb,Banload
3b4db2201f7287737ee9804783078a3cec7d45c7e3e9724e4d812b510ae7dcaf,Smsthief
3b6808e2a9c914973146edfcc87a5e60a6bf180a567c02c1ba4438463ffaa45d,Shifu
3be56434a8571c7e42a4259511fbd66529d120f44d60ddf3b73094d96db3ffb7,Banload
3cb16be037cc14cba348c5c85e619f99ac4d40b60b22a201fef69bafa1413af9,Injector
3cde55be90e840e3a2b85378370ecf628c14176181dbb1368adf6789cf88d31e,Ramnit
3daf7658b722677fe42fea5b44e096acb79c6271d92db125ba9e371f323f17bf,Shifu
3dc2590a69343e87bda5cd85fbd332401eb56dfc6d068d979f1476e57600285d,Banker
3e16ba7a580f85e6a5cd11942d41298dee1c5e389c8c3cc30bf4f9d390c8f996,Banker
3e297170d59ca6f706d18c03757e73fed3c071b9339bfbdeb44d6b86cd69df8e,Ramnit
3e404d2f84b04b1cc30267a8b240762ca27e34decae3a7c7690821b6d6b1e8f0,Andromeda
3e42ac1ec34d6bbb376a5dfc5d99f2991fb8da457629132b1a98627af191ac6b,Smsthief
3e6bed311eda22f3ec5cb4e3b1fd406c660c1209ab1ea3b88e50a223769b52e4,Inject
3efc395b4b0823e2c2490379bd5637559dd2e17fe27d53769dd9e594562a4c4f,Cutwail
3f11f7998b7fcfcc1e8328e9ad12bb2fe26be7d8a97e8ce55a5c6af80682237e,Banload
3f5625f9fadf88f59940d09549ec1e7840bb5d3f87440f516aff416d0f0d23f4,Shifu
3fab1d5ba47e2b35764c48be87fbab71c445efc1db613acfc688d18f9831c367,Andromeda
3feb2ffd5be5d4432f582cb41b3d9b25127e867e9f75d26d6c9982d9f1a7764d,Inject
4001fe0145614a5f94f901152418275d049a70ff6571803b14fcb303f9b34c23,Injector
40f709beca8764aacfd3dcffd05cb4bee1b0d0aaaf2945abae35c2e3e2e8928f,Banload
417c5208aa406cdd6779e145f5602c3e9c8ade65685d474c4c66c2a9fa2bffe5,Injector
4182817b41e686e31329beff815627fc9967bf7f99667d200f6180bb40eb692d,Banload
41843f8fc4a8d496316fae142fa18cb18abecb2a4b33c2aa1e27493e8f6ac88c,Banload
4185e252d526b462fb304f7867090ad8dd196869f021f31b4354470c5309512d,Cutwail
419f68de20daffafb628456dd1a92c45efb781394162e374ec490be9ef1a7663,Zbot
41ee0036ef5728399d4920a71a251e5fd865fc6e9d786fdf687d0f3c72d51918,Shifu
41f0957fdd26d3da13a924859b2a09a339eb614c57baf89efa95682fc2def28c,Smsagent
41f31c79726a7981ffe778218cfc6a870ec3aeadae5f7066f1ad18e4dd4c7cec,Smsagent
422d50a884a51070218babff017092272a63e07b3a226ef7a8e1ecb87fbc08fd,Cutwail
42611697b63eb2079ed078bd0c20b0e4dccce48d39187a65a751774b78a5be8b,Ramnit
431942f0f8d45a9ae9712c70749736714879d55a3e6621378b94464d9e12ee0a,Smsthief
432b0842af97d7a94ecb319b9f61e54d8e38e15189c24a0380f84b7f6e661727,Banload
434293f8cc9318b89301b7d52d7d29cb991303c7d75d877f08449129d7dd1baf,Smsthief
4359b4f165220eca7825ee95cdedfd8855caf32e8048f63293f2f1b669b4f8df,Injector
43616243a815856df90a5e219edec5c780a81147ebc65ddcde94f84fd5526ebb,Shifu
43ae67e8b6a173982f997209a6dde539b7bd28e880ee655178e7d2dcf3e3eaa7,Banload
43ba8f5251b78dd775bd28b0dbc400cd6c2cd6ecf913720ab300c14cd8028c87,Shifu
43bc24e92a37875423fa41f278e9ee1be2d7f125a8cf5a8b87ea1e722dc36ef1,Shifu
43be69b7b900687875f6201d8077a2474c3ebee07b4a58e622bb4a096daaf0b0,Smsagent
43f2f62f4b4ad7f614a4147d81abfdc28da8a4d86edc2371c2abfc27e8c9e835,Ramnit
441d2db3bbb6e8e0739373fd6caf35efaefc56c02f770e667b7824189e7bf2a4,Banload
4516360613f664eb74a052c12ac07c56e736acff928a086d4f4be0ffac62c413,Smsagent
452bf4bc19599b24286468ffea40d5304abe7fb487a70d5d0473419ae12ce57b,Shifu
45663c049c45ce4ad73bb45a81101e19e38191d944eca021f7ae663c1d00aef4,Inject
4576cb70339571a338ffeb326741830e739f2b4479c3ca7c90ad51f5ef8ca84b,Banker
45a8d426207ecf20f6dc5e672867cedf2b4ada3751d6e17ddb4d76fe59fbdf87,Inject
45d51d9fc13c8877f13a63f5d13ade79e2b72686da36e4c4d74a28f2e396d10b,Andromeda
4649cbeea98b6cc1261bf050cd01ad7e0963d143b4ed6398d3169fa1a91bc752,Shifu
46613b9c2db9c07a2ddfccc896efbcc6de5d222884321e110d8835504fca20f2,Andromeda
468dd476c88a79149157d7bad1796fafadc90edca8b854f982503c60c0db29d2,Banload
46c46f5f2822f9ddc9fe9272c74b778794b365f4a3605edad41147c2ebf880bc,Ramnit
46dec9b040367fbb48e0c2cfaec29b8caa9f539e40a664c0b75f7b0f45047a5f,Shifu
472c55a88a5b356d32395cfa9aa7a4772a0a8441dbd0084070cced4041d0d089,Andromeda
47f5512e2eedfd8e913fd22081f238b5e7e1c73b5899366e74ab560df60fef05,Shifu
47f7dac074d262be91a021e7b182ef4074032a9b4fb7274cf7b4b09c1cc1d8ae,Banker
4878ca1e166299896618f45b7515fa61a864dfee66147c7456ee55e1e13ce70f,Injector
48fbe7f6c8e40fced2b4f2210542427da6657af4a024a07b9c88e28f3f3c9ee9,Inject
490599e73152585433a6a89725df4d163e0c9d74dd106c5da6e80ac6b8b6fd59,Banload
491e88b77347cb7f42e7b634c865b54bc20189130b770cc628c8147819bd1656,Injector
499caaf19b8782ecd063f43c572be22c9ea2e3c0a7a09fb61f040392c32f6ae5,Inject
49eb455130cf1ac23a92a116cbcf92066b17363ef7dd258293e2323e764308f6,Shifu
49f078fa539054838c8dfbabf8d808ffa31819f74e0211bddd689d665780a437,Zbot
4a4917279feda356d36b39e1c5103d3456ec7aa66c6d8b765467b320d97c2af6,Cutwail
4a7abbb579e6be66e991c3b52f1eb265cf65d8011fe2906dc5586fa60358bce3,Shifu
4a979867ee83ae9722c15972c4a12bef890146afc38a495bfdff3b32638d632b,Inject
4accf4efd8727c1e78f361310ca3610bb7c7af072fca2730f157803b68d77ed4,Banker
4b3718ef681014924e29276c2577c6088c7a86ad67d92b7561fceef4d0807517,Ramnit
4b414810bcc0e9115f80eef434792d403547888c0cf89c97458a4666920f73c9,Inject
4b60c078d61662cdacc1097b2935e62fdea932b40ae715630664a536bb4ebb25,Inject
4b8ccfafa69e512ae144d223b56bda98d64975738ec8810cbcdcc2ec0425f424,Inject
4bac63791e7f22737a97d0552299359cbfd5d7a46b3e70834ad7357d752c20ec,Inject
4cf57f13b4b2b0ccafb9291b26a085f6f17b073ec6c9c6b7dbc50206e7f1e9ec,Shifu
4d01108b004cdfee927d16743ce705efbd81834e4ef75364b089d9aa09a845f5,Cutwail
4d0e0797c91a564c81fb9db0d21789243eb3b3e990373e19a621ef8974508718,Ramnit
4d7f824059f4a73d4053c344ad61c7f83257ddee2fe45246ae7ee20040195750,Smsthief
4d87ccf35e2876acc5b44d0b269ad4b22d5771a16750d7bf68d6283b4ad4cb30,Andromeda
4df28d6d6b921f92b6de0bb87fc12603def1164c50ebd6ec06f3c47378632f03,Banker
4e3ecc4949c5c4d7915da36ea078627d20be4370d8f280dab8afe31071ca9a04,Injector
4e62c8b5a3123827300a7fcbd3811133980604a39bdbfa40d792f8341d40df95,Banload
4ec5f31ed7d6619920ada3e2880bbdde1277303ade25e9531f5f3587d589ecb1,Inject
4f3da1407c1d77216f46959d389331b50de83c35543fd8c1ad7211ab94fe2d56,Inject
4fb1b11d7ad5fdc4f7d421d4435da44cf53ee3865aaa5fa25e69f57584826f16,Smsagent
4ff18e6a0fae8fa658cf154bde4b074a41a4507134080e9f753546f547baa772,Banker
4ffded726c86086f9db04e10611e1312e98ea5f1d7bd786656372849a8e43542,Cutwail
50085cee0717c224259a65c4d565cbcc1527a5dd190a8e02aa543e1ad265e2a9,Andromeda
5030c9fe34d19f478ed2c576e674269ed62b1f24a5cdd9f34db1bcb5d1f7ddc1,Zbot
507e3a9005052db35c8d07bcb6954b59bcacbe9963f570c563c7ef155360ff06,Smsagent
5099cd3131cd6c9133a11cac685d8b9e7be4c71acfb33f3db4afb079d792e455,Inject
5119ace90a80bb4b241d3ba0b22dee1cd618a0dcad75210ee40300fc19bb9175,Smsthief
511bafcfcd77edcbb56c192e0580fad2a2931bdf4a68305ee496b4ecf173d5d1,Banload
512dd21a0ec215e9eef7534c00638e0eda53fc26bd8ba3f7af0d22a314434fed,Smsagent
515cd554b039ba5a246d298e7e7fe9e5b907723c0151e644cf7b9b7790bf4d2d,Injector
519bb7d694d68efe826ae4404621f1eb9017f1eb1d271120fe6bd336d29ee6c0,Banker
51dfb4b3b7aef1cb9b53f531a858567078cb9f505f7bcf09b8835aa49ee884e1,Banload
51f3b17a14055c5c271b3cd78ffa669191f100aac5b063fe56c93dbe3a08e8b0,Banload
521e055c9844a27e61da0499ea358c485d17b6f701bd735ac345c8eef5bc2cd3,Smsagent
5258b2896a5aa6ccd18d32914b0e29c86ef1c6c99db443b788b2a56ec9445630,Inject
52865c3895b8d6b4d4f34d09ed759800e76eaf1ab9e7a56cee465ba0d48ebcc3,Inject
52a56ac8f747f507c40b5e5e8ecc16d7cf1100d07c6c37cb5a13b38967602fca,Banload
52e55b6a4aeae53f38d8e0ca8377b1a2a1e3915a9c0d96f9337a1a410b977d9a,Smsthief
52f28f967d7bb4d9ff45ef8fc5fa212de6a27aa2d78058b2335ca1c6d202ed7e,Andromeda
52f8537d9afe2189bd52f6b92fe567429f13f716c41de0a954d194caad3c5c2f,Banker
539b5315bde094115f93b9fbfdfad4ef2675d99ea6b2aa1ed634639c1d99200d,Andromeda
53d2b49dfb84e26a4cb7d662e17a1bb8827585ab4d7e3cdbbcd6a6b1235c7a38,Banker
53e2b6c45944242801ee4c02bd039045628f0645c71b8fbf48771877c11af67d,Injector
543420dc81efffb34a81bf7e0bf2e0d22a7213096d137adbd9bf35398141504e,Injector
54773264a9dc945952da07b35c183d98feffd98a1208720dc8b3885412cd23e2,Ramnit
549d8aa6506e8197828ee46b2589b75cc5036f8fe88e9067e60ef1af0c38d2f8,Banker
54a1d24c596bec669c49fb241fa8344b5833e16757fcd4e4ae00a758cf9143ca,Shifu
54dc87f4649d18e7d36e694f5d05f7bb1132ba39c0760c3e47673eaecee87ff4,Banker
552eb81ed197887520c4e8d91204591fcf320777e7b82ebadb93ba5b0659cf9b,Banker
5532ececcd8fa740b30500f2d8ed629a04836ff5dfe918fae96c263fdaa28ffa,Inject
553ef29ae12d86a99037a7e6c43709cd2ccf72090cf3b3bb8a09544f46079a05,Inject
55703a6acbd0a7654aa3b03f5500b647d159e412556853d7aa8d948d932a2ff2,Cutwail
55739e0221ec6e10b79190f39dcec428f3578c590b4e4afcd3c71c4172d36436,Smsagent
55866ce3c73efb479f4030fa1c6c80b534b43389bc4870dbd514ab674e8fae66,Cutwail
55db317df50dd41ff844c2b398be4c6ad569c71564d32d30ca176d0319b7e227,Smsagent
55def73ac66cab591fdb06bea537e5786cf2e99628ec61ae305b769702f7d7e8,Andromeda
56183ecc83e1280f2e7de5327c8149bbfa242a9cb00b4611c904e6d561a3a7bd,Banker
5620560a7dfe29a380a679a1fee998961158665e91104bb0a08842bf37086725,Ramnit
56b2a340f22fe4a24ca2d1e20280790a8bc1ece19e1121d9347dac657f1bbe89,Zbot
577b9aa224c493c0da44f49f7682dc11283e7b91dda93505bf3e862a2b5613a5,Ramnit
57919c0d5ae5f7da88f2b280528710881760fe142b347dee7d68cdb9d2055e6f,Shifu
5793c6a5fb0d2d80d9af5f2e26e8e9ea9b434ea2b4c90f94d85e97a3abe34db2,Injector
57f9d074898398cec69e3c951684b728c5ee8ffec947587d8a4f6809ebe1847c,Zbot
581df0937b683dabdcede1e39dd11a0e32012bc3cdfb55ce5c2e7b15374d346f,Inject
583914bd810bee48498c370421c392bb16205d5c4a7316ccaeebbd4f302e9b8e,Cutwail
586d80c4ab153b899947c26716021f1378651aa81baa011c9997191948f49bd0,Ramnit
58d31682943fed339e70e4843b13b12683b56d2f6f27b927998d4ed1c5c2d927,Injector
58e00fb47ed92dfcf75ca12f19b2cb8d2fae412342cddda66c20e9988fe818b9,Shifu
5915d49cadee5e71eb555940bcfd6c2f83f7d6d712d6c28463344b264bfda334,Cutwail
5980f8cddd2d25c02f5302582cbe51ddff898d28e7a37b6511c3f6d052e20c70,Smsagent
59ce9e0e4135f39a703ca22279eb947f1bcbed34263102ff61faf62509bb2d7a,Shifu
59f9c8468b967e5a2b0c3d2c0516be787652f452e0eafd8e190b8f5582a146d0,Andromeda
5a69c340a61780d6876f7aa7016793c99b7b1d41af932e164357ad502b6e0b5b,Andromeda
5a7ecb8b274d27844908d12fc4bcfb57ea0b822b266cca60c9f2e4d35f8fec5e,Injector
5a99e418310df4aa1a8b6f68a873a3ee8eec6d7efde8fdf045650232ca61033f,Banload
5ab4431e0c29ed6ee5fd1460dba91cf0365745ccb40188bcf3778b98d61e06c0,Inject
5b34801f36d861ea98300dd27b1bab2a94e48a33dfc97dccfe091b143ef29860,Smsthief
5b7b917dd34629bdf965403bcca9d788e9133dd6c2ea55a4d9cf35b7071f5994,Banker
5bdefc85aa58d476668f60728fd4800db9294f0db388d162895e58df74ae0a36,Banker
5bfe6b598721e0ad3cdd3abf23b670dd774dd1f29049a73977d6cfcae1347712,Andromeda
5c417349bd0d1b1ab027e4e4949ac8026a94b087ccee0874426854d2046df267,Smsthief
5cea9ec00ffb70652a33b47645ab199bb57962bc8219ed3da7f80b0c3351767c,Smsagent
5d26cc832420cf5ac6b24273c815b07d600eb4f8922338863a754dc58069e8b0,Banker
5d7af859c6b0049c0c6da631e20ea98670cc3a9bc0720b5832aac8af201338ab,Injector
5dc3c17d1bd2c1d215465518cf3ddbe0a93d9cef3973908332bebf9c7cb5665f,Zbot
5e1817a49b90e7970a42199d2886386a34bfa8f904553aa56931d0cd73bc83f0,Injector
5e2de098567da3b29fc7333e75bcee64fda7f4d7c5756408ea2df8c97d335c87,Shifu
5e4076647fae111b69300e281c235077bda9a0b6dc120aca61d64c3d91530962,Banload
5e5535bd270ed885082555e911d4a3d08d0b646ddbad1a643faad4434de3e31e,Cutwail
5e586bb4c1a917108cddbdfa0afc23e2668518a8536687d4f404cd9f58ed7a8a,Banker
5ed826066c049cfe381ba35257a17b367e00739320d2405e65f8bf2c5daeb8ff,Inject
5ef7d6b4fdf37f26955dc9d555f8908ac4f56f3be8742b4db965f2b139056632,Inject
5ef9599283bb213d686c137646b8b3c081cffd0470d3a83327ab43f59329533d,Cutwail
5efa9e3e32496de485824177a61ed1ef9234d096b93fa125e8c0b7e365cb7c60,Ramnit
5f116e48ac8802aad7e30fcf3bdf751e254b7f5df5a18c1a27f625f99fb7cb29,Shifu
602d8f799a370526c3b369596005ea0474af7eb426dc9a6d791286a71647f803,Injector
605f435e47a152cd8e6dd1e8dbbb05c727bc9776fbc147948ef9a88b0cef91ed,Smsagent
606c7b446d335c9e2fc728a811d3e15edef3d0c62b81c1649d0e062dc196e6b7,Banload
6092ff1a958c8efc200deeb8dd1e103ad369e45a528b8c9829b8773556a0cb6a,Banload
60ae16dabff8919f1a7a9f9585620913493343a00a385e49fa2badf02dc5bbf8,Zbot
60b1cab52f04a5091ccf8fcea94598a2b1e395aa6dba5b9bef7810412b16be30,Shifu
60c660f53ec0b9ed9f1339cc1ab3a4f917aa08834a0fb0ef7ac787cd00e2cd21,Ramnit
60e45bee5ceea1b07e8da9d2cca17e4327c17be704d7c9c91f1319ae7f0d59b1,Zbot
60f2d041eaf05934d3b494571b8fbdfbfff6fe22de9b81a424f1b6c8efd34ba5,Smsthief
6123e8eaa236d42be377775f8c1fd555c87d8126e8502782f39e5f1c0b7cdfdc,Smsthief
61832d944fca0429812baf26b1017d681cc862e4c17ea3ecc5c90339ede37e7c,Andromeda
618d3717e514212063a3ecb38fbcdcf0f6f7a77178fe10cf9e1b43c54bc624a7,Banker
61b75f935ba237c35c6cda5239766fa8d49aa82f060d8f03f339c9e256b34f12,Banload
62140648d26fd56be1ac47afca3d616360839f5ccde427757fa5479d7c996bec,Zbot
6235d2775e9e6dedff790206fedad4defb2ff8232a9566eeecdece77dfeda952,Cutwail
6250ab07c5cb0a184cd2c0dbd6264e8772b5d76ee1c8900adcca1438bc0c7838,Inject
625599ee263f5ce5266732ce17efe1d098b94c19c4955205130da302fe998682,Banker
6283e66550bd7a7a3f1f5fb56455eef412bda32d46a01022bd3a88a7dad8b22e,Smsthief
629b667a18b0d5ff41c446ce16fd3a97b17591c093787677dc7f779ca3534ed2,Cutwail
62bd4d66ce14219bbdb791d377159527c8c37acd480bd2d1273029d7268d1ad4,Cutwail
639aea8818bff774b758983efd6cef80f030c3a871b6caa8486da7da693e3203,Zbot
639b91118d80b14c6443db36f70d8d4d022bbc2b06fccee54721ad8cd2472a85,Inject
63feea92cd679df045d04a7afbf30d8c82e12e9cf89b15c27190e8489d7c35f3,Ramnit
646c119aedb6ec31c35acd59e333e6364bca238feee4f92355afc13631800e4b,Cutwail
64adc74ce69df5cfc1f01d3144ecdd04b77e7e200ad233c98b7587b3bd62485f,Smsthief
64c78a7cb1c2e425d0f31fd92fa366c9ac343f45aeeb822804ddf7811ccb62ad,Inject
64f3fbe627e5abe21068912cbc234db70ff1508e8251ba3e7a6397af8c3c91c7,Cutwail
651a0d0f926c4ed32b2c32f032cb4f3fa7c1f88e542aa628a7c0327c70d377c1,Banload
65965eec9fb5ba24e7e06d0e6966e7c259e1239b745ab43e624a682a021803ec,Banker
65a7826984f54501df42063f0e60782d642149cf0a337eb38dc1694b8e8b74a6,Zbot
664bf74a2e38436911a37df4c055fc92e4b263cfe8f3c83500316df7125fcc99,Inject
6655bc44956979faf05bfceb32ad5c8a05324459df3b88ddd4708398d2580667,Smsthief
66a4825a501aaac5e6a30792e5cd4515ef01f1ed62e01fe6a4930bc1afd7ae6a,Andromeda
674fe9824179301ca7a65c19e48e74bd33cfb22422bf741c1280ec0ba8712adc,Injector
67da8b98eb80a8d16799901ff6a1deedae93321fbafc38e8e6eb0eac97447300,Smsthief
67f7b87a5ea98ba08ad6a9c2500938f1370fe94bebd63b878be01e872136a97c,Smsagent
68e95a582ebf1732b3bc0449e35e3f5fd126a2115892fe1311609746c3c89583,Ramnit
69140dc1daf963c3dae31fc7f1fa8bdc5a51732a9c1b1c46fb26d4cb70efb877,Zbot
694e4ddc0d0b47295d6cb5ba9c988fe4f792e66c87daa051c16ed0738ce29314,Cutwail
6962c562151c497e7098d4dc1e2e78bc96b46df4bf6721bcc86eb5575ef5c705,Shifu
696c08857fafc89066a5f519d64de2ab2f281a63a6150652c04104488dd8923c,Banload
69c6edb201425031485ea669a884ce221966619d6b77869a0d713c904f7a3a82,Andromeda
6a4ba34eac28830c0290a96604d0c324f9f44fb63d6dd7357636f5f671d3075e,Inject
6a78741881e023ad82c073f481e36548fb6fccc723f40bf20112498628b8ee64,Injector
6ad62934acf58bdbb3ff8c09e950bd7d1ec6ac5405264b89759981bf9bef2f23,Zbot
6af92ff5e94485c8ecd0343aff96fecc34a318904690674e79a1873650fdd673,Injector
6b0d90d1937386ad333a17bc415ef543e1af9ddc2b5ca94dedde1cc77c0f5fba,Shifu
6b4f3909e4b1926583bc059c0b7f20b0ef5b63c5badd11ea372515a101d9dc6f,Andromeda
6c2a61e520319b1902a0a6f7656c3b56262a234a044974e28da9ece2cd3bcf76,Smsagent
6caa26a489af428da0492519124468ca9059e36db437aa8402133a19d9d88915,Smsagent
6ce8e7b20075671ba33308e4d31b4a4959d05c6b73a76122a110dc8f4261b2c8,Injector
6cec8725008124d73630e4ccd67e1639ea3435cd90a331d053c967b764a74272,Banker
6d11ac1e3dfe13d9284232caa8482ee5dad237e5bcfa5ddf71742ab095e2269d,Smsagent
6dbaaea0cd7063a1256625012f4c9f9f76a2b02dacc2003ffb1453394c687355,Zbot
6de3d843776c83a3fa5dfa135332d86babfb90d9502bfa5b4729c2faeade7937,Smsagent
6e0516d9ed21ef8869f3306196cc59b4faa8d2b9e02645deefca2b8fb15e00e7,Smsagent
6e13d8e1113b22066a18d1a254912089452a51cd6cf0464f4414212199c94cf0,Ramnit
6e1757691853e8362ad31bcd3fbff53f306e93a7743486e3afde106b56f77185,Banload
6e34f4171f934acbbfc99f7714e7dabbd95b9b229c3c4d82eb03387310e44ef0,Smsthief
6e4d4faad3495a94fd8c8efd327537801090ae43d4b8b0b1e63f790c41390980,Cutwail
6eb33e3a747fb725e80895651542af55800f61ffb770fcbcf412596c2fd714ae,Banker
6ec8be386a325393344cc51537a6d5c5c34797fdaf9e1b04bc74c2c82a7ed907,Injector
6f1b6251dbd65a688713eb097af76829212b9c5f352db64999e2dd8e918914b6,Injector
6f3e0f6d9f0e2de38feb09a982d978ff9e3efe6cab049c49ac8d30ac553f5a61,Smsthief
7021aa35a717db321b25078ccde46bfa5ca002b897fe9e99ff3128ff8dcc4aae,Zbot
702aa3903361ff087a64305ab333928ea4390d9b30df81382ea3d1b6773fea29,Banload
702bb965c61d12752d18cf125059694a944c577ec2905f234defd08403e6d733,Banload
702f0145fa51a9d47fa1c76179ff4c104ea38a0d3cf916d39ebe7aa606f3652a,Ramnit
70717bba9b620dfaff8f409c038e9873db55e196e4e5ccae298d70942e8ad073,Zbot
70833142950a81adb5aac3e6a375589219e3a6fa53fada939d42ea3b8e394761,Zbot
710f82b0004f5832cd9224b2545698de50af2ce88744a326947b483b9a776875,Ramnit
711dec840cbc8629144834fb881edff22dabdf326013a0bd743de92f48c20f94,Banload
711e322e08f1ad7910f46cb8aeacb79ca5f8f3f00adb53afdea598cdb1e4f62c,Zbot
7161892b2cd8cec7ef1238b7ce433ca693d1275f3733e05d1072ad6616fa5c59,Shifu
71b4f65cdf358f04f419d11575ac09c9731f59acfe0c1d946b60f83917cacf96,Banker
71ee25ac561a0d4e59649f8fb3cc81bbb270f155121502e6e468cb5e7c1619ba,Banker
72c91e74040b5928809b3ebd6fa13e98460a0bb848c030c9d2a08362085f0ff3,Cutwail
72decc0186a7d5d1370046598ad4fc37cdd8618e8f73dc74ffafd29f5c7327f3,Ramnit
72e598b8f0ee52a67f730f1da0abffe48630e4fc712f571cedab6e5154c64416,Ramnit
730174e14ec19e76f275d78f5b722804ff2af729d6b92d06fb8baf12f2eba54d,Shifu
730395686c881a24883d3e94cd3ff42c0057deec4e99a416c8973d26bc0d852a,Banker
735e9023bcb7789cb109abfad87506807bdbf0ecb41cd4f4f785e08cd732fd9d,Andromeda
7408a746d74c1004f6149fcb2a2d792bb5d1e12dcf9d00cdfab273008e7ca733,Smsthief
740ad048e75be07c3c38468e982bb6855520517f4aedcaecc08e902e99a5f1b0,Injector
742ef8a50b2025759e3a3aa093e3bad8b1d07fcb3bf80c6673afe4c94143ab16,Banker
744c7e4b86429b26e50cda5011402b5d027ac43b1ef81fc7a5f9d6f390b2d00d,Injector
74ef93c48adb44f4a8748966ac747ced30e479c5097739e637a114687aef467f,Andromeda
74f83be95c47537e723de630b7e4796c928ef8a21cddc2863a8d9e59a2dd16a0,Zbot
751431c2593cd0ba304842a463e87151859d1cb69389686afed11771da0da503,Zbot
753521d60c6e75182dbd78301ff5eaf02c53c875b54a46ad63e117555b6c430d,Zbot
7560f8230f8d5833c21fa0329015255c92bef10e1dc8c856ccf9c3203811907b,Injector
75db842c5294bcfa9a3d49bc4da5d941270464d38cd190edabdd7afc46bfa459,Shifu
75f2c6057c003c0df8991d031d9ff4dc511f51f870a3bec510f5c8bf2004e624,Shifu
763d74da1c42043e507f5f1e336bf975ceb5c73b8d93afea0f0d30ca30716af0,Smsthief
771daea65f59b81d59d9b92d03a8e76e58538e2bf4491d518b4a6d26e6cdf318,Banload
775c6df492cb6f3480c4d5b7eeaceefbb930bf8348fbcf34406194f71e3d5388,Shifu
77c1f9a4714eed165932b547fbb3ec80b7dcaac2d51aa69d1ed92a049dc88e21,Injector
77c1faa4c906feb3d69e7580e627ecfb4cb1e329d3609ba2c9aebb09a026f0bd,Injector
77dddc0d812537060d7f36f0ce39024a2e28586d3d8459aa86f8bc4f24507a15,Banload
781ef13b99ae3d285e45cd2d818066c368aac58efcfe1de5c7f124d19273f12f,Smsthief
78a48c5cde04b9121537a7b279ca9fc661eccc0bd43d4b6f60adb873b3617b7c,Banload
78b690c7061685d35b51b379164efcb3b941dff2721f7c5ad0f53d7a65271252,Cutwail
792bbd5a31252a2a8fe68ac15d3ed6fcc10d8db8d8e10f08ea8c4a6fd3eca0e9,Andromeda
792f237db2f50177c46b4eff99cbb3a954435d74da66f6789563cbc8709b8fcf,Smsthief
795ee1b99ce95d29ac1a5487d08997b387b79dc7116c23802e18562bf90f7981,Shifu
79994158a22e177fd132ca88097b21fbb949eb7011ff3f53b0832c008f2f0c92,Ramnit
79b199bd2ebbf81939cc178794b71eb4f0ace8956a3f83c2047f4f2d5942b1ff,Andromeda
7a27927fb083895292118197e616e1c989a1d93f5dad5e98e298ef9e09874c5a,Smsthief
7a8bdf5fe1cb4c719f2cec962273759aed10b6f64e78b48f00082af2b70682bc,Banker
7a9d53ed4d24997d66b3377b5e25ee3cde0114d4bdb66afe2dca2e4a4ebfaa80,Banload
7ae9c2b72bf8fcd50ba8d84b7dbf2b2e59182e5803377dd09b27a64679a266d5,Shifu
7b1fbf085951ae86d5fab57aca910e664e642b2a3a66129c3d2d0fcedd00a45c,Ramnit
7be3ca2d8a5f31ce3284c3a5f0ab1c8d78eed9f9e9a1c9a1257c7c71df155d80,Inject
7c1be3dc37eb6c1c85de5df0dfe7187279b86d91a6f0066bf24448b796a0073d,Andromeda
7c9ee236ed3fd9562cf0532de7f083c5da83e9db8d75eda0d6702a94bf304cec,Smsthief
7d77671041298d2955b39c02d6559127a3eec6f7dc6296322abdb0fdf073af3f,Inject
7e0de8968df3a8c0d51e5f350a6b1cd0bf68cc80f6992a79a0c781b7afb1adb9,Shifu
7e3c46124f291d5801593ce786dc81b9101d03673b72c8fba500e902cf827cf3,Andromeda
7e460320bcf71d2921381e784a0c966478b6f63b506f86fc699b6509dc3e532d,Zbot
7e739defc2c1ec7b14a92ee548bdac4978ccd692481cdb3c07ca9f2816ef0215,Ramnit
7f3646ed1138b47646f277b0f62333ef08cd481a1dcc83019d250bafd6b9d71e,Smsthief
7f499732499c2def96a3fb492a00fb3ce464a8ea263a3c72261d85d6081226f4,Banker
7f9194f73dd34940ee48be4a7a42b644e6de0ecca1402c1b36f1531c68cbfbbd,Smsagent
7fd187a49b5a20271a8173dae6ba76b80cda62cd53581eb2d90dcfa0ea59f50a,Cutwail
809bed19ad5a4045a9b56181ff09844cdddbcabb0e305f6e0f4c7fe4c03afa5f,Ramnit
80e58271987c3dc5baac85a5c239cb177b836055a0c18ad289b2ff082fdb80f5,Cutwail
81323bdc04feeaefd06ff086c2b3a971b9afbc3758c4a05c4219926acc1e1ce8,Injector
8180cfd293663bfea3f631bcb3a9af2231bf3ef9b3388532815f44ffcb264780,Injector
81b19e3038a18c2740aeb415943d0babdcc6b4bd69e384f09e60d038cb3d5b11,Shifu
81c4b9ac02efe95c2e819f561ee8eb8efe67f5261a833edec8791e6e3bfc61bc,Injector
82106c2734817835aab6953f24f1b771b51991bdf08ff3971aea7f8624f67776,Inject
82408847e5ce35c5709a37a1e438c4e701a52f7dcfb76e1d290d2e911d3f3f16,Injector
82611e01cb47c929ca3142070389b24cf0203d53b5c86da6192cca882f3b7d51,Ramnit
8285b764a980d48f30e2d7a941d67aa950494198b9bc8039c5730b58cb16782d,Injector
82ace5e7966bc92d2e132221831113a4bf52ae3950a45d02b7c927b06a7941a9,Injector
82d00db99c08928908f41e9c0cccd86ca989c8602109172ea8b3f026401dafa0,Smsthief
82ffce571859851f96a0a7d069ee34222286490789444831dab603df2a96f359,Ramnit
838014038be82a0e0c6268b6bf9ce9274ca93a886a856568b4bc43b2f32ab37a,Cutwail
8421a75094ad32a13756577ed2713dc284aa4ceb5f8e146121fe7dd8ca0b04ef,Banker
8456149cee0bdd5261f55a48255192e42b408ada07494006f230073b758e76b0,Smsthief
847d4508a9e71a6634b77161d475cb2b36383cb0bfdeb39bfc83f4541de93c48,Banload
854627106389dc27340eb93fd03aa8bd36fc14e6b1523875610201a8312d8b3d,Ramnit
856538c18a611f824aa2f57550dd2b3d969f6110c9c83048f1f523a7104aef55,Shifu
85833dec50ae4896f0cfaad4e036b28a1568cd12339b574a37af083b0798635e,Banker
85b0be1eba3c3c0bd7fedd3096817b354be2fd9934968e91ffb80b00328c5647,Smsthief
863a6e9b77d4619e3283caaae8d4401e454591ea3029a42fda06fe44b273a1eb,Shifu
864823d6aed880e129966451bd8ff1b93307ec0da624644d1e86311a185555aa,Banload
866dea1855cdd6c5eab86022058406c8d4c855823227a927e0bebb216ba03426,Smsagent
868bdd617d883c10b17043559691ff1d231b8fc213c1f38da5f567d50b7b4059,Zbot
8693483a1342d11996641fb5b21593a3e27294f0f76ae2b29bd6a7a81e58a784,Injector
8731a0e87d15dbc69170cc470de15304058f477b3da0be4590eea2af197c1b49,Smsagent
873bfde5332c495c89bb68950d1beea2641ddeb0787c15158fe47911f6a6e6e3,Ramnit
87433045cf7f7fb18f11611c3ee9e4a2b1c9af9a21cbf24ffb952718cc0e9d97,Zbot
876a9c937fd8a83e8b0556267e135859c33d19c4618e38f108d7c12af369bf03,Cutwail
87b32e62b13fef3ad5b5bde1386774578e28f4dd1bf17fb518a3424ee912f7db,Andromeda
884b623029330255fdc3780e32e8265343cac112fd0411dc9e730d948ef20c9f,Shifu
88c7d932ea47437ec9f62d583165ae6d6388b00e091f1ec4e2ee0d399309c90e,Ramnit
89220b8a68ff6562d15ffcf04f29cc7dd54ac3d033c4b779ac1339ca53590ada,Banload
893510bc472b1ce369fb8bc1d3146f6dc231b1ad9b4c21a1b18ee629ce1431cc,Ramnit
894478289b74b2363c1ca44539bacf024430c7258a8a8f0c603466bb9b4991c2,Banload
89941fa8ee396db61ef06eea80b6b84d9e1ed4dccf44fc793eddf30dd5311bcc,Smsagent
8998f9f5a526448df519d63e3f22618e5ba1177c901d293e25550582c3554cfd,Shifu
89b76e9b69def316171b067b6171e03b96f202103064ef172b34d599a6aaaf00,Smsthief
89db69ce833c978487d48a8debd4e086029dd07167707b86468c3899ddfa0e49,Banker
89e503caaad2be2815e30567284044764eb861a711b877d74c68a09d8ad0876d,Banker
89e6a1bea7ab69b4c4de506d903bff28491b57df04f48f96f4cb9ab6f738e44d,Zbot
89f2daac998864e051867f58b0389a21855e2acfcb0afdc02ab902ad0ca89f83,Banker
8a04ad42a2cdbe13e0395f69b52322c6356109312c500c3baa008aa68bd1579b,Ramnit
8a093f1d36a4cbf6773dbe1d6da60c3ceba7ac175a7a029d0fc7841f5703fb1f,Smsthief
8a4aa17ab8a973d3af30c9e9b8d1c73c51a1e505a318841e957dcd9655ef7df5,Zbot
8a58438979d0dda3f9b85241c1b17d3a66fbccd4ea669f8ffda99f36dc6d486e,Ramnit
8a700e37d6ccd2d29338d6ebefeb13351c6cfd5f5fe3fde400eee078c2234e14,Banload
8a80f4bd1f9628bb00c0ba25e7d1cf19994d5437c100a0c3013e2b384cbbe0fb,Smsagent
8a83a00ba4e6289724991c0dbecc0dc6ad439cd5cc0f1b1e58710f8484e14568,Smsagent
8aa0d39af8a1f1541d5fa23c71401b0cecb3397dcca8e82cd6d0573fcc8dcc8b,Ramnit
8ad8423e95d71c42b634fd17b8c703b91024d30a921c3f494ec3a19a1a3e23d4,Smsagent
8ae679b16326ab7ccb3295959b1653360c994203a1b7bbceed5fd0767dd1e161,Smsagent
8aeeb25e569a6dbabe0dd0376d89a286a1825282d81fa0ab0bdd22bde6c2910f,Smsthief
8b16428cb9c875eb2540a03ecff0e8c46eaa75be1746f991fc54b0dead386bee,Shifu
8b4021411b888614eb6bf496d554329a733291f4d6ddcba856e07adcd6036930,Banload
8b485f121c25cfb8b8f1bc571b10ce1749c245ec041ead359e8b1903a2bca273,Banker
8bcd8de2629f628695aab9db8496d091ed370d3a16bb14154dbdd2b061128cb4,Banker
8c23906de6aadc3e3ac34d161bd9060905f7cd19c1c1de864c4c264099df08bf,Shifu
8c88f262ff2ca98a1a3b16acbe03068af5b7d41cd97eee82810dc0a3e5ad617e,Shifu
8cde0897b4cd214f06e9d5fe187d170b4b2b904fc627b3d7775dc3da66d8a3b7,Cutwail
8ceaeb8d72a8cbb429356f9d15af3d11efec375a135b31d2ffa0201dc873abf9,Injector
8d159f872e4d771d4098d358f94ddb28eac1f380254a1942b123449a551c9644,Zbot
8d3a5e06da85e51c9a60083a89725db4848557276dc93344893053af6b02f1ca,Andromeda
8e2dfe910de392481621020b08565b671a3b3176fa02ac35186f052ae5ab0672,Smsagent
8e4147eebde5ea7dd6a197cd323054440bfece5d28a05e7259704bfaa6ccaec1,Andromeda
8e5ac8dac33b5cd8084865fc23d6b956c832dddf3746737922d44dc8885154e4,Andromeda
8e9db9a65347c093691fa8e8c74fc9916513a4fcff24edaed84d48ce167900d7,Inject
8fd59063fd0aaadc4653c755822f374dfe5a7109b67a573d0feea683968296c2,Inject
8fdd8c8dbd95adf079eab9307d948ae61e5e29f7e218552471545414d0bb2259,Zbot
900241602d8ddd08ac9491b60b760ad4a1b91b4087049788b2597413721c1bd8,Inject
90299be633aed8127f26b065c4aa4ac4d32089730d74eb2f240296acda3061b0,Inject
90c6df6d79ea07cd5e63b3ef8ec3c2a34d49b75ad1435f1848e12e3548fd6850,Banload
90ca5058d4d0a41763cbf1f6c78318397d90c649784a8c184c8eaa9f280ef907,Cutwail
917db84408b2fc2d426e574ee6d7d2eddd604cd418929f1695da74a49dcda068,Inject
918ff9e180afae95b5f798d83e52c460ded6e1be1d56bce2e5b5eb7e296f4a33,Banker
91e66b51a6a4a7bd9dca6fa535038a3648919f00ffbfd70a0185496a0477044f,Injector
920ba4df24927c659f8e089b56859a0b0239cba82c13a4556228201b4e167c30,Smsthief
921ccd21a8580701767db14b9787e1d4aba2ddc20855f2b21740792d14e34f60,Ramnit
928b1c6d7023253028520f0fa3deec048bf31c21b866dab23bf612357d1e8908,Injector
92a24df8c943618ae08064cbe84ac45df31783974214b74fb87baf06696c1708,Banker
92b388aafe5647ce4315313873b3f454f4ecca6d11dafc8f4d1b2107e7b56ff4,Zbot
92f3331204ff21465add22b00f853bf43ced4f8cf66476ff643060465a5808fd,Banker
930a64051617a5f1a7cad33427df98b35e240c00798ef2e9b0568ce58f0c86b8,Shifu
935a4a352954c61e9ad3b4a70996c3ba6dc186d023835ead07ba1a0fff4a6df7,Smsagent
9396e7734a80072442a846d88b16aaab014aff5155110da760b192a9930449db,Inject
93a51e87f0d61a88c1642b0c0d349c7b9cdcfab20a7b3132cc36917f7d45080c,Zbot
93ea3a6d434813eaa24f943fa79bdfae273992b8c8c37a90bc1f7e6dfca4c64f,Ramnit
93f2e3c17da410e489564e81831e3d86cd1d7e476a684c94d604b39771036f3b,Andromeda
93f4beed7636becb98a425eef68a2f2e8f3435241e2bf9fe74ae436fd9f463ad,Banker
9404321fb180451c060d5774ffbfc9845f08ae1cdfc81384507fb0a80b1de2e0,Ramnit
945d89bf1dc7e490b00df96314882421099b23c84dc4cff129a89cfdac150f94,Ramnit
946cbd0ca6f44b14d9c139d8ca9ada0b63b8722568f63e90dee4b546bf1d3082,Zbot
9474ba9992083ed4c61645f32e66bbd19da0a86b523e27a124b3836b85b6ae15,Smsagent
949aff44aff0045b3ca5eb35f2ff015cd4aa185cdbac5bb3d568636ba0ea78cf,Cutwail
949d62252f9b2c0be4d6b1fed440d065b9eb20f9dcc5cb4af6513159e8a5fe2b,Injector
955e2cae016b48991b975c247c29213b26cf5899620d44d2f3ec483118d2da9d,Cutwail
956e5eb2f993be72a6f150965f6394229f7554bcd14f8913370cf45bcc080bb5,Cutwail
962383f96d5ce26c49d7fb07eed3aa1f34881c1718c571b24afc7be585c1f451,Andromeda
9636064d522a7d19aa5590c6565c92610a0c346772f5f29229d3cbbf66873ef7,Injector
9678d31366696c2013447637eac0614761ed88be87182edb4a61ff6fbe24b990,Smsagent
96f0e068e73a4dabf3e42ecc2f66f03bf064dbd405973ba7e144c7bc12d17b67,Banload
9725de6f78534bd30248a32d917e497f6fd90c651f24ffefa42d0ce6108bd5ec,Injector
97aded491707c4f404e2fd059da6dae0df7abfe7f68982518b0b4cdac9252436,Zbot
981927b9a90770a704397e69a9cf71ae1d9b2a93c7095c50bfc0fe9c0878c75c,Smsagent
98c57c5d67fc5700e970e32be81f3c5f1344938775dded63771d45dbfe213820,Ramnit
9935e37d8dd526cc22f8a7f36959cec041bdae3ee628ee2fcb1ba379c677dab1,Ramnit
9973d62f439bb880d9ac363ff79f29f3385adeb382c2cb04e46725fcca5c7426,Cutwail
99b5ad02c0ecb468034f41a840a0a69b1b88bde4940dafd39e015bfa44951a80,Shifu
99e224e85f9616d7b6cae07234b922a3fce91737b42611af6bddffeb4eaf23de,Smsthief
9a02378ae852ee98ac75b0275290703600dd17fd4a2bc7370aadecb4a7eb841d,Ramnit
9a14116e0fb5e0e3ea951bba727bbd4c249fe2ef040fa2ff928af87d1cf016d6,Injector
9a26c72dfc24bfdd5b11efb223a3de6fe8c2befaf9ef1b6545ec551e8e0804f8,Inject
9a2f9192fc7f70fe32647279248cafb08eaa08c497240f418fe6849f172dfe9f,Injector
9a31ff36284dcaf552371e065e47cb3a5b1f7f3d8cc943f634bf68fd518a0bfa,Smsthief
9aa1a1c90f7b91bbe53f755276cbabfbf03a04ba4361d4ff80ab31a31a12b391,Smsthief
9abd9caac938aee0314f96b97840e77c285f834be42b241f07efeac6bf249320,Banker
9ae867fc2c997fc94160b073301750eb25b2461f26ac662df5673b54570f1447,Shifu
9b0107e00e6db0048d5fd6389d0557d59f99d685d56a4ed70e8b6cc8506a8db1,Smsthief
9b2a57f26171c8b8a0a56c8352cb95f123409922a497a73950ce28382f55621d,Andromeda
9b771c9934b8194f6d1fc7648f8855b5050e8728d4de14d15d6c955bda4abcb6,Cutwail
9bbd9d758224fefb5ab5b1a61d1663f6f890e5f68d089674c6154456bd966da6,Ramnit
9bbfb57af521ddaf7b112815ccc1078f24ec3d2ed63873d2351c9b57febe8192,Smsthief
9c95f14e9afb927fc12ff592512a3e6a4bc1e5862d4a179bb0e566346099c9f3,Cutwail
9ccfb653b27c7c7d6b5ba12deae759616ab7deb968478d436dc247af43a78038,Zbot
9cf35d2c04d233b3fb217c85844a4aaf7e23b8ac1a36c5808a1dda01bd6a1bfe,Injector
9d31d198e9e5fc503c03b2056916613daba402f0674a1b826d1b14bd41fe9df2,Banker
9d4ae23dd081357df0f1d1db334f2d92c20372e6301597687e18d3771c4aa80d,Andromeda
9d5c9e716025382f92d3720a478a996aa91d3cfaac8ff6ad5f4026d78c409cb2,Injector
9db9b026e1b8838e699fd1b2d92da08294516649479bd6d023e44d3c6dbaa8af,Injector
9dc63befe7497360fed9467965f6035b5e9532efb148c0ee54b69971e0215b17,Andromeda
9dc6ccfa5c15d506ef92ee99f19615d6ede4edaeadf769e0023b4cdc34604881,Smsthief
9e31c016a32ac2bcebddf0402c0d0afeaf4215ccdc4e6b8689b43a88999ae898,Banload
9e43886af6fc3729de8922f8fc6cacaca7e575986b64309d4639e3a22552f267,Smsthief
9e5f8a3a09d91321423432e4c59fdb3b1df69cdbe394927dd73c612386ea4b3c,Smsagent
9e5fa8f49c04c1dd96445eed032c9b3c895491f70efe00c5160bcf57ee9abf0a,Smsthief
9edf7d3dad392e5834c7354d14fd1c6b10b144ff835c3027ab4849d412bc928f,Cutwail
9edfd594554f5b22bfe97401eec53133359fbc6074fb469065085e991d41bcbb,Banker
9f1114eb66ebaf72404f9e064f41bc34685d0b9d894b17db1f35717c056651c1,Injector
9f2b91eb20c73122b19e811adb875ff7a52d067d4637b0377ddd73f775a31523,Cutwail
9f34f86fb6c3a678dd76b9d82e9c75ea61e86fbe86a74094b076d63cf95c2e96,Shifu
9f3b4158b0a3ac4c0ea832442952084737ff2cb624c88817131b29bb3789ebb2,Banker
9f60a71aced8a37812f6570f1a813aef73904e0375e9cff19cb1512835ac2d06,Zbot
9f9db7170c2b5d243ac9f42abb6fd05ae9b3f744a2b118e934fa1b02f1b03750,Ramnit
9fa6ad99509ae6404e78fe5a4c23d25da4537fc3b0fe5c69d246d275d4d6317c,Injector
9fad04671c541d6d214a28b882350e2c89aa236dd54b93088f84dd9a28009fc6,Shifu
9fdc61873ed1cbb636c086dd4145dcad7e701e4fa7cb8d08231fb2e7c0f999f7,Andromeda
a00cbeb172360b4ed8b1369b24444cc1c873ffa8fb8c40d1f7e2c10a25730ad5,Banker
a03e639f26ecc043edc27ab85c08fb68601ca2af5f35f593d781f0c40930201f,Andromeda
a066b60aea7f6d5330220f818f445c07a814938e18da36f37c29212eff6354b4,Inject
a088e883917c6ab56e88c14ce251f8d68e791949adfc97abde9596ce6ef3686b,Injector
a09c365bec42fe05c1955e07414f2425272e099460d4eab89d5c30fd041fbb18,Shifu
a0a5fc176a8e83f0dd078f6b4e97ccf08099d628d6d930b8f02eeaddaa3499a5,Inject
a0b1eb8d4d263c8e63bfc2996a7daa481d38ec27894955dc234e360474df2398,Banload
a12fe5b22ab374cd83e2dca84070ca0559d131c7504c7a430cdc3a16a94dec20,Banker
a19008763ec99d025b702b570d9ec037a08d73648be8a97702d2943b303ad5b5,Ramnit
a1f452b0c34e47092d7d002416637e11fc0d702d67fcbdc774b32cecd93eafb2,Banker
a24901c472da7ec77fadb4f9fead0b3e2ea9b43b1e28b1faf7dd9be002438ad0,Zbot
a2503c65ba3cf34b109062b51334b3101840a64933870cb3c3835ea0335c699b,Ramnit
a2b0453e57e5babc6567af3be51c9ed4d9d385fb9eaafa3ae8f057591be22fb3,Andromeda
a3389b8ab6dc01e35b9fd05569b46ae388574996883e0e1f7d5d6e8e3d395e92,Banker
a34ddbbd65fb2b2ae2c59c8299a38b919dc431687d36e72c512e8a550ddd78e9,Banload
a35925063954bdc00293cfe476da44d0613cb617b224a8d0d85de1b0c7ba6cda,Banker
a37ad3cf13502a1c5180fb1695b2a6cc0dc395fccc470caee7d42941f658f625,Zbot
a422c691847e97211e7583c2b34895d8ea3c27f10ca1016fb2500e377647a635,Zbot
a499241ae97b2ac4f4a57f7bb32e2759fb8ff66fdfc00ff71439f413e4c676a8,Shifu
a49c9353742289507bf0b424b2336f7ad3b8d678a63ab700f104cf0bf636c12b,Zbot
a5068751768d9d98cfc3cd7f6147a35d017f9e9172e7bdcfb22abadfdd71fb5d,Smsthief
a52f59a52a08a39d8d2d4df11d3eb3a03b14dcff6d03503d6df44d3364b30834,Smsagent
a5668962fa024b9ba36d689ebdb4d68e736389669595e008a14b225edb0b74aa,Smsagent
a56a801c63a8cfae3ac40bb3b3fa4ed1710ba3152349546c95e4fd3407850472,Banload
a59412247c772ea669c0fee801b78b3f1420fa93e05c612bd2d42008544e12df,Smsthief
a5a0e21364681243c9d005f2b3fa0e52169323460e4d00c0a3bfd5639d53f31d,Andromeda
a5a4802d762926defa6272c13c8f7b2d3c2ea22803661c58ec9a4c83d34fbe8d,Banker
a5f677c4cf6eae5fc067ba86e27d206a4c195334bd057a4b4bfff457f4758f3a,Zbot
a5f98bfd0631178e7d16cb82cf39e0c8f1898276c68e1b9b159baff0f8747fb1,Smsagent
a624a2f751f8de3f0a8242bc35c0cff77211cc73ca5968bf3cfe10809fb767b4,Ramnit
a67ea6681244598a259294a68911158468051da0fe019b58b7f71172baccda07,Banload
a6958439a490b3e60fd43688fcf189b4cea27c0db201ce9727f13839ebb2c643,Banker
a6a88eb709031462a0dc8e0c8dbf69d6d409fb6e11a22412fe297ca0d5259789,Smsagent
a774b2ef1f49efd31a3fab270c7f7c66300679a2c543fd1459fa65036ebb3f29,Smsagent
a7949d33e0c7794340e5e6e6c5621eb4289ca742d57bb06ca666c417791f7f54,Ramnit
a79acbe5786d27c8cb51c8474d1991a644a6eccea98c8d273a7b9df745132619,Injector
a7a1c95959f393f2455bb5ef9c7ba44ef236bac09cf8d434eae25ddcb684a997,Injector
a7c586032317c3c3c015b859b357debb3d6bc438d4b44efee927144782381dde,Smsthief
a8022ad76cfad6eb76119448f034da5716f8c266bfe438e1b7e6635e20d939ec,Smsagent
a820da23e7137c0309bb1a2036029437dd4e75da43c376a1b31d36bc666eea44,Smsagent
a8b5eed66d899e8c853510c26aab25510902561a0ab2a124dbeaa75c067d5c0e,Andromeda
a8ed7f812b3a18c5d356b70a805def2ec13cc80d08040ffc79146908f7bd4e21,Banload
aa2e9a780a059b8c0319988f656711b8d6ac2d65fcf85a51deb478e7c8b15a69,Andromeda
aa338276586475d2e65216aa21283655138fa4e767d43b94aa7d3f8b5f647d93,Andromeda
aa670cae618c522857e832f1a6e9104344fa8b174551ee0882dfca40b2ff64a2,Banker
aa79ff2a26f83971cde0f44bcd6186118850e08210402e4bb6d9d14d1ca94215,Ramnit
aab03b1df9f7010b035a96557e53c8c5b8d8c365340b310b863e8eabc6b4a86b,Smsthief
aaceafbc6eaeae2ff2935089968091c66c4b30ef154c8f7b72dd4d28d9da56cc,Smsagent
ab17293ee909582132f8a73e4fb8eac6adb7f26d593ac9f299f8a91e5fa11d99,Smsthief
ab491848dff8769a753c311b9df73f84751b3d3e800acdb90a7bb6176a81cc82,Andromeda
ab84cca607896e5751550a45a47a73e54fc5a0c4b2d80ab5b0c70a1c2ce77c8b,Cutwail
ab9ec8fece3f27d0ac17946b30807b9c320a5a9ef2856dfbaec90965d9a17523,Shifu
abc79db5e326422b805b8c22cfb66d89e7cdabaf57f0c9e78408532783602723,Injector
ac8342bd98741172d1297128e2109dbcf70b7771c80c6102742215e903e69f37,Ramnit
ac8cf6e3d7c951478cd6f1ab0598302ab6c79ddbc2b71f20bfacc8316f4331e5,Banload
acbe143f247a0b4d3d11fe0dd00beb9ece2d8f55622e1448aff511b8d4f1460a,Shifu
acffb0f16532bfc83f6bcb93a8fd7fc77b702d86685451f3c33bfd626b239280,Smsagent
ad6df8ce884b70ca1e0c8c1116ee7c9f2120ebfeaf703fd4163b999d25029994,Banload
ae129257542f200dc5e19df685eac8be259ced54e4f8a5ffa2006e5b7fe6843f,Shifu
ae20b88fb38d2a89e51635bfa49028502f9a5eb6f5bf79a6379d3fc868ae391d,Smsthief
ae4da92aba379ef4e01883f38a34e67bb54375f0ae045e51ff32d0ed60fb4016,Injector
aeb840b04b9634189a754b137732e2468105194c17475013a06c0fb2b747c6d5,Banload
aef03b3bec0da3d83fb250ac0695665d734b29b4a4699cfa7b066f53e3e1d167,Ramnit
af4b348ef6db6c348f2d735cac2be4faa8131f860242c34a2fbe4bc453e5e4a9,Injector
af6cf1a90d3871d8e72e21e0427f07973ee2ad6299283b7c885012e1fd290c19,Banker
af6e5cec3647082973aad08c60f740298bc9707f84b3e3188890db9d0d9b3ad5,Banload
af6f86bec7cd050df4df675bfdb08dd6ef02a34521bba1a4b8649a554eeb9294,Inject
b06daf8b19573162b44a38f7ef64a8704e7e1c4a9e6218bca2952bfd21810182,Ramnit
b09fae5f26b41bc4602f18fee7384976b53584b51f3c70f20ebb084641232436,Inject
b0e9bcb6a372a799cdb62cf922e05355e4db30e7a16bc9de1d2e009f55c96074,Inject
b111d5b50a3d09b160a80749d8b81b91e3cb8fce71e0d942efded48a3f2d11ac,Inject
b17f43aef34b795c22066758bab8dbee4fc86d87c01766b5da104821a2269b67,Smsagent
b1a96d3d1a1af37beee2085e434c685d3683cbd8965b1a5dea4cfdde1924ab6f,Ramnit
b1f51b66f38643b283b6583eb10fe0dcec804d006b188fcf6a01dc851c68707a,Banker
b21440cb6fc6cda659b95652346e0328cffc8916dd2c97450cd4be4c880a3326,Banload
b22647730214b24328bda9c01e32f796abc2b8bb214397ff3b41abf598352a5b,Andromeda
b2314344d6a0415c87ccb84cf0e1dee5dd36dfa1c7fa56bcd49e91c535a4d724,Andromeda
b37e84b19e7780ef35698a17b83f205c7cdcf9c4b7fbd19f0e29173b9ca288c0,Inject
b3cab12084d3da6d865e9cf1092109bf045ef8c3aac10b977a27c4ecb8ea2d30,Smsagent
b45022f1a21f6a75e7a17b49c007c687aadacdddc9b32f7a612a7f33a77b739d,Shifu
b49ca8258183326697fe2cbbb037a484da10ed68e2d8ce56a591f960a4a801bc,Shifu
b4c0e254f20507fad462fadbe7ad5520d11d14384c5e9e34cfa637ecad47b069,Inject
b4c75efa5a6ab2d6ee09c4f828c02d4e90afafb15f23f954a20ada442cf10881,Banload
b5038db2b15da2148723c14ba4a7bb24b3518c859865f14292e2ae90cb3f9edf,Smsagent
b5210dbccb07bb125180a9e6e98a7ba101c1a882dfa611e3b27b9828aaa03b4d,Cutwail
b5266704976be117fe8fe19f61d65acb6d27d320d998c9844c4e205edb651af1,Zbot
b5483538d0ecb5127eb6ffa7b4cd9d3241bbdc7b8de120ebf69b3b08368cb96f,Andromeda
b59540cee603422f090c109c5f41c34b114c18c7b29dfed700902aab586e8fa3,Inject
b5d18f3f2f493809f56677c694858864cfab881f80712b969164bde4d938b5fd,Smsagent
b66a76e4c75192153936334ddec5831b73b20280edc999918ea14b21088b436e,Andromeda
b69a45c1d1150037f7aa6cf69d199dc8ec7e0938a2ce883998dbdb7e6d7fb835,Zbot
b6af8f99b5ba652c056075d88fc7c8a8c9efbd40a12887c173c1dd6704bf63ae,Ramnit
b6bce30649dbdf0056bbfa3cbfc9ffa3ac0ad9dbafe7a03d212026075e3776bb,Shifu
b6ce0a0c2a4ec8cbed24cb8f87a1492151c06a1307e06d14064c317a556f6c7f,Ramnit
b751f34309a4ac2f07d2ba323e84e613c3c9ccafa7b37ace09a51b513269abee,Smsagent
b7fea3cd635b202271ed4067bc7610e07d76e97a066fa3ba20cb562ac49ffc43,Injector
b80e2ff0f738c0a526a56acd69a2fad2a8b899d5abc1b7d6cc74b8d6eab74a76,Inject
b8cca0676964155ae5b2441745e1506565cc84a491b2de74d7d3043e8a5e04d5,Andromeda
b8ff070930aaff3c7cbbab0deaf8bf52cc3ca3a2fe2f4bf44310116546c0934b,Injector
b90f4ff15c9e60722fdcfe00564ba340ad26d3075c1cbd139641af68106970ff,Inject
b97471014c07161eae8e61e067fff349b40e23a42adba812ecd4f7d646666f55,Zbot
b9bae7165ff697e5079091ea6b50976477c12996eaa87480fe3ac4d1a8e58dd6,Banload
ba452235391fd02918e08bfb2984cdd1a623e8fdbc827179192790b7bf9b4d4a,Andromeda
bb036ec3efc0019d81f9dceedfd6725b032f2ad7d2e861b6da3ce7e79aae28e6,Banload
bb40fd72b1c2377449384feff4226a01f5cdb0bea57228e512506f3fdb9ee47d,Zbot
bb42db601bfee215017038ec2c0998c475dd480b14431bc1db55ac11382c03ca,Injector
bb6c7e6764e4f1bd238c4616e4a8148df8b64aa0fb45b79068f6f44bc0b05a89,Injector
bbd9133c1e47cfea8b97fe6e7776a372745619a26156df7940e388b5c04d23e0,Andromeda
bc70a2574256283ac728bc7ced53bed6b5491eb96aa7b73fdeb96deb6afe2d96,Zbot
bc9a1565ae0de8b649887b1816f263179635c3fc10a574040719429cd341073f,Shifu
bcb739ece06f35fd3ce36d7a143c4185c9a2336d1993eb02d86930fefbbda30c,Banload
bcea6754d392872453c73b41f71b9543317b6efe8cbe7994020312c230baf58e,Smsthief
bdc656cd3675ff41d51d1a7c0ddecd1aba83d6da5bed85cae0b1326b647f3115,Smsagent
be07f598d923d492f2861fa5d125f71b799b3e0ffbd2d1535b6c277d58099e94,Cutwail
bf48a879e123c7a8c6b465959e3ac4a2424bf4e7e23512276e0c00688a9b8a03,Zbot
c02f9ae6c8e5c20c39ce1927ed5feebffbbc01f0d905c969587604c55f37a4cb,Ramnit
c04abbd987cbaa271efd4c947943bca7a41a084931c1211fa286e40343714cb9,Ramnit
c052cb715c97f8763e877da9813b96f2ff1e5ff1adcf0f24d2f26ee7f07bb8db,Shifu
c08930c26a609de61df77bc0ab01b40d773d07c84b5e72767f5d2389b50625ad,Cutwail
c0a287ac0475fa26b31d6450b188c007035ace8155031dd7b9c6c7d1307e1600,Banker
c10ef4ccef0942690d249029847bed23b8dbf390689d2a316b636fb2c36a3391,Smsagent
c115a54196889a4053ce0b478e2580b30fe9321c8bb98592ff59885006faca4a,Smsthief
c19969432ba7d96f5ba7fb4c0859daf95f59f2d2285c8243ea78a485334da6cc,Andromeda
c1a7d0f6cd700a18e8f43bd53f79562ba422caf46927ac6e7d58bbb9a3ce4a9c,Zbot
c1b401121808a36f1b5dffad4983a82502d5751603aff303bf617205cf675264,Andromeda
c1bdc4062b4f2b2da6bfab021c29705898a94e2eb1e4046e775efca8d57ce48d,Banker
c21e021ab00bacf87a317f47afa14643342eac297da7267a5194824b06c92e2c,Inject
c220e04a3f504c560020ce440166aa1a6d288d38486da898939ea369ec1538ad,Injector
c2606983a16559d231d9c43ab823337dc2e1cf2970e624a17b6ba65ad0313081,Inject
c270568a7755cbe9c253ed9d6b06d66b65f3b2a7c2e9cd79e9da8d2d78473bd7,Injector
c278e2e5d4985787904178439a12b5913a99c40628888c5689512c5dc6b51303,Andromeda
c27c32594b4aa1fab5af3d32db3a0574ef95d44bb088bbac0ac0cd85a6db53c9,Zbot
c286a2d960ef59360f33963d92528226ff9344d7987db25b6928130d31abb3d7,Inject
c292a869fc26942921ab2a4fcf012401ab34f329df48cfb8a702ffa1c4c64203,Zbot
c2976d2ddf116dffbf6ca25a0177410d34565b211adb8b4531995956946303c1,Banload
c2e40ee234c978bf24d73077c23276c671ec9d518de6b60359686c61cc2b9381,Smsthief
c2e48ec493d6b2fa75f2bc0a050d426dafe66e232e128db6c9ecb9408dcf2232,Cutwail
c32c69aac3a83952f2b8369e37b3a6af3b4b890b8b534947f4b82c9d081e9ef6,Banker
c3b1a2d38284725430475489857d5df8590a67105135449bda0bf6b188409381,Banload
c3cbae48086f55af2893518fef143e2ac342059281b7bb43fc1bf8f1b11cfea7,Injector
c453bc88f8fb6d99bbfcdbf196d6aa0dd1475c2264b15f4dde8a31c15c05e3dc,Smsagent
c4615330ccea7e027c60286f4db023f296eb4c36f3c1efb90bb77afe0f6fddb8,Injector
c4724ca2d09fa53702416bc8e65b72601c9570458406edeed218581055b56eec,Smsagent
c478c58bda150d89f87f7434d08c6802b5738b1eb35e32f2783b209ee20ed0bf,Smsagent
c4ac6befed8505c6da4548a4c220e5d09adc0bcee6408550e5e97d12d045258e,Andromeda
c4c6a1c4ed44d4fb731841b2678ca14c7e24b9b26145388e2a5bd788db83c347,Injector
c4e87fea62cd4a628e855c0ebaea4e18f4eefa59b6144d3ecd998c790e07d8d3,Zbot
c5166cab6777c3d4605d201c1f820d4b59204ea2a82358acd0a84192c77e2593,Cutwail
c57afa53b19d02906f013c6b261606d3505a8f2914e167f2820eb8c609b40682,Banker
c5dd47a9a59b689704712f347d16ff6aa0d18a3052440e2b3434df6f1e582b25,Zbot
c60ad79cd7c73e1ff40ece3d0269606b2db53fc5249bd97cac2cce1696adf734,Inject
c61264e58a768fcf3c67af1ed0b8c4bab5d5f8463d09d7ebe434da3bcc598ab6,Zbot
c63e46270af9bcb60b8710853b5df659253a7f6c37b9a72450ab468bfa2d993f,Injector
c66400f55500c87f7f9f470a767d8016668c1ed6965997ef67ef8c99bdc27fe4,Shifu
c69c6baaaf5d7abb30021f3641e732757376632e6b472564b98489cbc22ed6ac,Smsagent
c6c3001aa7739108096e2ab77de246b63ad01ad23434289308a0c38146c5442d,Smsthief
c6d391800eb23110d7bb6fd0af181bf37a6a3a8c7ba8a963b45f6d54c97fc6bd,Smsagent
c70797b04cffbbebf26d8aaab7024537b2e9860fc3359d76fdef945399488788,Zbot
c710977bc561f4f72199f8c7076a485e233012a35dd9d02652ae5458583dabeb,Smsthief
c71e563bdd2a9a9447a8130a5a8636174038b892af8f7c736bf1ec7481ac2fb0,Cutwail
c7237f419dd8b880b48078f75dbf74dd6550a32fd69c1d26cf3614a8eb38a7a6,Shifu
c753c79e3f3d33f457c68dd606aea2ba2ae4841b700e616f72b741e573f65418,Inject
c75425d4b7f3c4e1b81050d021eb1cf6579373219c1b0824085c7a03dbb81eb4,Zbot
c7734dd8b835f917a5536e12bd00dd54bc8d72f0a7c5e8bdb418776dde271600,Inject
c7bd67fdfa3bfa6cfeaadc9b8b7f1ff1a7da57dddaa6716e9dbf4331b521b1f4,Smsagent
c7e97ec5c4c9e938c0341021ea712c77cd95671a00e0499414fd47bb225192a8,Andromeda
c7efa0d3147109b2b17884ca3568bae625d730bf116aa8dfb17ad47799765b95,Injector
c842b04c3535583762d9034614ae9c3ac99868ae05e591d0c6dd3f846500fb3b,Smsthief
c874ce90370c3b3d3fe882ef193bd104689d92378cec345ff30014e97a2b6156,Ramnit
c89bbb45e8b2200af02fd9b6d26f7843a885df53ba0da1914ab78780f6f44550,Smsthief
c9672912fac100bfb836758cec999a3f82fd4ef63a6c72d9c337c4698b80353d,Zbot
c98acb21171ad52d97ac6927f7cac98d88fc7c2bb64b7328d6b55e6c9c6f0da0,Andromeda
c9caa2003691ad4842aa44823b4df9d3530207f62ae7aaac7cc00f66abe0db8f,Inject
c9f1dd79a2356c334b3b611b86dac9df3bcdf5b1c08bf2db80c48480f15119ff,Shifu
ca6451866d2ee6e3b8de48c35cc6357bd5a651a6b52bacab4ab0f7712871e182,Smsagent
caf7ca05a20e4e4f7cfd1520f8728c74304ffba9e240389cc49b174c4bf4c79c,Smsthief
cc5f539496fdcafee32a39a460222fadba1eebc0b2cc2537ad13740f4d4fc646,Banload
ccbc869657183d893e229f284535514c5cb87eff5620ffac153808ee5f109577,Shifu
ccda2c40fc83776a5e39414ada45e5828874447141ba0c578e03b50a010ea6b0,Cutwail
ccea23298d45ee36d7404ec68f3d0177a26a9fc3dd216018303c2c34a6f72be1,Banload
ccf72733e65880099027161a56bca79e50c67b6a9a272d54edbe4917ca86664c,Andromeda
cdeb860cfe2862aaedaab48ceb114e4184ec9b9ffedb28eee60f85fbdc60d36d,Cutwail
ce43cc8fc847a5ea8777143e03407fe173caa885d0cfb0e2fd2adc3e122d049d,Cutwail
ce8e31ab679ba8a0e5401c8997baa1200fa87d9c460bf1afe578d8e52b5a34d1,Inject
cebed1134b24c19a9c1fc2b1f714c8b41003c6f6751aa0f21906487b987b4a64,Andromeda
cf47a87fd9e79050c0378641ddaf5efb7fd4476cf484e83c12f5d41f735f6db3,Inject
cf49c346145afe7d144b9f34511e6f8980daaec5484bb488aff05408ab631cdf,Cutwail
cf6e2b94e449179cb40ee405a265fc83fdf1a65ca608a05e0c180e6a9e70f265,Smsthief
cfb1704b0dfdbfb359a4445a05ba0196fa26428a5067c31f48715a3f983bfcdd,Andromeda
cfd283a1084caa177da063a528693fb898281c6a05d3b0166f8458f519fc4818,Zbot
cff7b1c18fc847ce1882c74b859d7f6b0da6a18e08fa18f322f2db1bcf0bf8c1,Banker
d07c33f7814825b0191b75112375a92de47f9cdca2812822580d426924e5a789,Banker
d097d13330df2da545669fffeace779c2a1f718fb75e2889fb9a90fe252e5833,Shifu
d0cdb66e5fca808df0c16806a7217091868fe1922ae3703aeb3f79dc9aad4027,Inject
d114f21417327b4fa077592e15b6ce653b37f984e414f7e1204f42faee0963a9,Ramnit
d199649e3ebfb7f076cac7dbba43dc5659e7064c1d4cb5758c3e6e95b772047a,Injector
d1c76141463995bf79daef4b4dcefcbc961057f3f1d554605cff7de261b88dd5,Shifu
d1cd79edc4762475663e355daf6522dfb1d548886682ff7be7941133e7ca4425,Inject
d28440dc8fcd84f65df1c115a3292a8f10bf545d6f472f857bba6a275ee45f3d,Zbot
d2aa2353ab2c9e8c41806ba51f577c4444f93a0e436782bdd0f3519c20c6f487,Ramnit
d33b3e53252374876524f5f63a11a1a5ac04025432c68926a5966927026a994b,Cutwail
d34dd094a3b4009d69de9b921daf7542936d133147f251ed671ceed696dfbf39,Inject
d416635a1d48631951db211fe35abab6c00161058aef1b04833af1fbf6ebb2aa,Banload
d41698ab53e1df0773c334d8e356cc13f0cdfda3306c9f2c766a838c8468bb4a,Inject
d42133cfe59091a00295db503a84acfcd154b09571b08ae6e94c04b6668657f9,Cutwail
d427072bfa0856a9f6759f0686ad28f098e4c6c3892166c8c3789b4ce8aa4193,Banload
d4b78e641ee3b4b863584e1e1324b70149d962f86f64802de227f301bfeaacf9,Andromeda
d4c5e8d857f5fdf4cf6de3983a3d959333545b9f1b37b1db11f8095f66df866b,Banker
d528635ab7ec49873d08e0031b8180ebcf2def2c1c79eec220dd1dddd9cfa960,Smsthief
d56fdc17a55fc0bf3bb98e9c49ed906501f6e07603a9f72657c48ead6f05bbb6,Cutwail
d574a520bb25f23147f805a655a7bac21bce96e2c1bceb7541dc7bf4c53d8bbe,Cutwail
d5e3a4dda114dd0d4c19e751cae6cfef8d3ffb66700e0cd7a01abaf0f0f2b506,Cutwail
d5ed74e60175c4c920304cd7af3e0f6d54e43b73a2196978d44448966109d5ef,Inject
d5f0e68d91a1d264ce1185d2cd83711b8fa17c2720a9cb60530b3e67c6ce12e9,Injector
d605784b0ca0051939422908592c92780f9a51395455df443dee610f94fed5f4,Ramnit
d67c9da4c6231a6286c4ca745d95cb9f9344db23e974e2634d8ba13c480189ce,Banload
d690e72a9aad43b623d7b312aa9918ced5343424bcfd7feb2cce5abaf042c6c1,Smsagent
d6b2e3ef585bbe9a4e7fcd33e5611e8fa3972a8577985743127240daae8f2e75,Zbot
d6efdd31e6b0392564d1dc0176412e0b78ce83c118fe442fecdb60d11efcd58d,Banload
d735b70563cf008245b8df7177f66224ca77572924900e8688a1d541fa2f1115,Smsagent
d741b4f88308e2796e15e8e731d5e478c846875dfd8123e56bcdf702df4e3867,Smsagent
d77815ce864ab1b370a00e389bf4c2ea3fcd5b3aa81a23076a955d3b689dacb4,Cutwail
d7f66e1b655097dde619bec2b501782ef0a44fde87ee0ebf8077bc282c969f14,Shifu
d8065d40ec12d8cbec03e3f1fae8536ddd07d1d6f8b7a61998782e0cdcd60ed8,Cutwail
d8482e3030060b389eac500af356b61eb5b97079a9e80a1d3b65f056ecb56064,Zbot
d85594a22c3a13bf3ce6406cb1f72f7eebd5f1b0bb2fb2171ed5781e7c346ab0,Cutwail
d8bdd99c90139349554d686b06e878fb8c277120666d416f3f8c3dbb00584c08,Zbot
d8dff378c3636eb46a1e2d5d512ba174e86e8584c1ecac47969b07c0e0e960e9,Banker
d916d8445c9e2c9615073dc36b1d805055ac6b016de2c137af00341c8a23aaae,Smsagent
d99689a2dc2c69b0170091caf9d55d6b4e763ba9a0ab8011426d98f2745b6c5e,Ramnit
d9c65a11e0c5973ca1bf16a4a153c820c0a4f4570365fe04e1cfb653c2ae9bb5,Ramnit
d9cdb8cb38a1af9d9d0ec2f7eb4686d035a2086b7ebabbf3779c154e49f37938,Andromeda
d9e0ebc73728ce1c48f84953ff588cbfe132158dc0ca3621a1db2b12c386cf1a,Banker
d9f5f8c4121dd768db42817844993bb8fcaf89bebde2063b3e864ccc68b504a0,Andromeda
da039d0bfda4b654e5b073cf9281926780cbd5aa796f2ce2a5afe38899cb4786,Zbot
da867ccaeb53e8e96f6bee9c919c9a34141a311ef51eef9d9526cebdaa874669,Ramnit
da8991fb7ea4c9dc8bf36de4617815e37e191d73facde3c3fbfe8c09469fe5a3,Banker
dafd9e93feebc8ed99b6c6a11b16b24c43f6f1569eb21469ddfa222f9b7eb8ee,Ramnit
db1507e0536783d39a0e1ae19eba04614716ab52f89a7f5e80043c3d82503e24,Zbot
dba71a30003323acc3fcb12fc9aa12b9bf7460dd1aeac1e6ba10d8816a2b649b,Smsthief
dbc1ba4cbae0f2a17de407ac81fbb438cd0cce047330e7e0a4aebfe0b2961532,Ramnit
dbe6c37a7bb3b0e48aeb4f050a87c1159b40be6e715b57656784ebfbef41d311,Ramnit
dc137410998e1a761624ea0609981196b8fb94fdfeeaa97a92f1ec885201b855,Zbot
dc1a976a14308cf6f53087b6577892694db5ddd2436155bcf5aa11335e859e36,Banload
dc28025ef2587035bff01f7335a4998c15099f9355a7d4fce5fc4a8a9b6437c9,Banload
dca9c6502d030b6dd22d185034f9ece62f9bac3d53d436646a146369c3db2b44,Banker
dce7d5e25dfd3d3b288ec4b3326e3b5a108b6ed694552412a484da4ea9732c56,Injector
dcec1c694be374fcd92bc7da45837cfa897848c21468a7527931e86185cc1ce5,Smsagent
ddd600d73c88a8e61e3d4d5b8a2f72eaa0f7a0d303bf9d55fe525d7b97bfc338,Injector
ddeae92e1e00173b6f4e99455615799bd3460821feb1f67aa0663e13ea00aa37,Smsthief
de19989ee97085677ab6ffe07476de3fb7f5ca6b14f7edf61264ecbedc3adf23,Injector
df39976f1e83dd8f8a7da04b737a2dedb9da21f53fb4d0fb945d9fe0780e90f8,Banload
df486a6d23e376e9d1d27f44e5e891454b87025746e2699f71043e00ea1d0296,Smsagent
df657d00e6f873ccc47ab084998d3ef9e3cc2c5d730aec0c00c73f69d638bb5c,Inject
dfb193a09a56fe684160cb44ac8267012ae48714bb6bf12c3a1df25327adc2bd,Banload
dfc6eca4cc9dabd0abc50b0e76f40705d4e9661b1d6e1dab01c2fa40037f5d1f,Inject
dfdaa1ef364de317738764084099a866a41acc23d0fb27e8eef1c0ff68ae6ce4,Injector
e0026078f645dca2522159a374b04af08fe68677fc7abcad7f8ad1c6e3bd2ec0,Smsagent
e02865ed4b929d2eb4452e28f1a7a49fa8f008076d31b812f3a44c86cb66d965,Andromeda
e03ad7e3662c9c7d2b4d9a4a371ec801d453c33dbf2a98fea8f221ec5e344e72,Inject
e063803fff925f8c547d63912952a3d6900bdb1e5fb077feccce7ffda8a6f8e2,Shifu
e079e755c86469ebe0cf8297b48b38a463d4a191f9f212a22cce86b641357bba,Smsthief
e08b59ac0916aea1f808b0c10968c25ad565ddbd9d0928753d0c14198a8fb72d,Cutwail
e0ab4ee9b8927bad168dceb2e5f272eb3d46c28048761e42b51d323a0edf3f68,Banker
e0b61e108e6837fc669f2663e684e2aec7676aad7d89e578363191eb88ac99c1,Inject
e0f601b2680cf55cbcb7cf30abe9e12139e2cc52d8f7c58158e7579c73ecb54b,Smsthief
e0f7307be6d9df05de1e2010d7a2852d75b05dbd9a29a673128f3ec57d347c35,Andromeda
e19b7314ec81219f94b6b1ad457f3a6fc79eb80815434c707dee78f417f100b9,Cutwail
e1e2676fecdfe07ebc8c5e2ce123f5059a63fa3356c9a42d7243880e09cbf970,Andromeda
e21eebad61409c60cc700c8455437affb378f7f0489ccca10a66d881145b91ee,Smsagent
e223d9497e07cd29096baa5b7b7e96f026c4c70f614209902db81df63ab874e0,Zbot
e27f580fdb8e1826bcca406891f59d5b1ab497d36fbbf454ecad93820dee0edd,Zbot
e2838bcf2e21fc9cfe069ed82202ee684bf0498662b3fd0518aae3dfad3ee270,Shifu
e28b4b22cd532864ff1a4b12d647b7667fe59ae9ae13c79c20f4fb3c89d2aa5c,Smsagent
e2b367551924b780da5ca940fa6a157f2db7dbb53d812917e6ff666b890b3005,Ramnit
e3ae2384100b817f461779fdd3bd2538b7b047ffa0508e6cc785348ae05e28f1,Andromeda
e40e79de8e2d2be7e3b83a327f58ca754f74eb4a8b1134b51cbf442c5862e600,Andromeda
e487b3d431592159160de3f47f410d26995ef49ae4b44f1d4f3b58b679060cad,Smsthief
e4918cdf5354dbc3b02b2e6758c610f08811d6f4cc9acbc5f410434ce1500ce0,Shifu
e4df396267c834a570437e7e23adf7c227609f94f12bdad8bf5139b78ec87c26,Banload
e4e08277fc0a68fc6268676c0b917339f4171d2b483cb57f823251ff811d2317,Cutwail
e4f0c49addb808037bc2799f09aa2ee607d17abdbaf25cbf98e57d2f347b6e9d,Cutwail
e5515b856ad9a6dd54c338952e9bdc6de7aefd8852fddc5fbd7c7ea7997460d8,Injector
e5aa0eaca618e069bc05032deff50d71f33300597728486a61d437f3b3ce623a,Andromeda
e5b711a62aef6f8461413ae98c4d0dfb9f828e3704369abaeaa87488b9b7fdf8,Inject
e5c4f544460c0a6cf1ae6ef35f45583f372aa21b4ad3cc5921e8c1a41a10c5f8,Shifu
e62ec7e9c9e5498efd8384e98183398ff368a95e6cdd52310c74c27627ee9b92,Shifu
e62f1520a66bcdf4aecbfecc5827667ff88836f3595d3b3dcade6668c00c2a17,Inject
e649e36fea44865590463aac478de6dedd097a8a8ed3c562d01406380fe8175c,Andromeda
e68006fb617dabd45eb6a9f8537ccb4a651fce3caf34db55a96e105d9419fe74,Cutwail
e6a4346f006048c7cc8a36199202875e68370189b297d3a4c05836d35b09773b,Injector
e6b9f1048deacc2b7c4403b6d74b545127f048eefc95c963835eb533bc90e7ac,Zbot
e6deb2b8231c3c53bbb22eba432180c84b1f6a8bf8f7a1bf30bc2fe6d3fe44bd,Zbot
e6f567402a1656fe0338d9a7057a607a1845a2a2f454c4452e0deb6026ff6e41,Smsagent
e6f60547af92be6fda4715aefa84e11be032cfdc67ef91da2ef132227060ef25,Banload
e6fbe57ea774ef6bf727549046ac1c042075ffd60db98c832c07a5fbf75823d3,Shifu
e724a83fe19ff660e8546cf406d01a64c3f6b4f190912e2d4f7a632a62273def,Andromeda
e78be3e8f044373270bd328d38860d1cdb40842827f01c6529e7454b23628df2,Zbot
e7b69f4e9d4fea5ad3bb3c3714b23fa9bb5a278c34294d9396eae7f770f2abff,Zbot
e7babe7fbdeae3653b0740ec14bfcf7fb762cb3548950c446249508ecd66ffdf,Ramnit
e7c0f08f146b891f84cb260ca6ed62919f71c036cf42ac460525c2a272f7abea,Shifu
e7f12222a6ee4996e7a200cf80d60fdd6893572d487be4a3e179e13e23008750,Shifu
e901ab19f716b1fc85d8f84a109e35cfdf39130a16b101aa88d06dc0f7d72d31,Cutwail
e91e0043a78b2da02494ee07de24a2e66a6f6bb81621c4af3a25cd3d45b83a37,Ramnit
e988df1269472c5ddde80c816e5191e1f00f5492a9cd8752cce9c69e4ce7e723,Banker
e9c123adf15c9066d4716e868fabb37377aad2265c336b36c726bb872ec46223,Cutwail
e9dec7834e24908e66fefa110bfc7d7b6b54a4eeaca6da4785908f0ebf164034,Ramnit
e9f7ad140f87cbdd6a331b7c0a07cf43b1b94cf2f420f3e6a92570a221c6cf86,Shifu
e9fa5a59edecb1864b90c2e5858695642f2fc4a4a392f0cd85efdf596817cb06,Banker
ea1b7528befdb539f765b0ece083afefcf707acf8d04ef9587d80085378216e4,Injector
ea8d5ed27e3006076fa6034ff7ca41be5b064ef85cf2ccd4cf3f29a54b5cb3a9,Cutwail
eb9e78cb29f041a49e9df61909dc7ad57ac6ecc33ae951164e7d5b5f884970cb,Smsthief
ebfc898e5b3ee8e11dc77b417a4e2a88d7e5690fc5f7fe13b23938f7bf898d3c,Shifu
ec93918573d7d17c95b8f40096657c56d2b9cb4a94251ee869fb3ba38d08bf8f,Smsthief
ecc441463b39c70decf017c932a1b58b540e41ebaa014620126bb11d6dd70077,Smsagent
ece9e685054f2ffb4feb6d5a278dc07c1206d9f8af83304ad83d66dc286c890d,Banload
ed0dee0c3157611df139ecfa3e655045b3ba7728c807adce58b7e91323351fa4,Cutwail
ed4414cfb33afcb8a3f16112540b482f942e41bac465d322e019e35962ae4403,Andromeda
ed934f35b22e6c31f8bbe1abbac6fc7890ff7933b792ea0a582977c0e6a74b9b,Zbot
edc0e4cc81904273155a2376b42268acd60e855c218e34b5ea00ec103a0e3b23,Smsagent
edc6ed0435aa93d720e94a817f47a675c6c35d521eb020a90b64d3f9d17241c5,Andromeda
ee0dca9aeb72c20af5099c590233c71ee7b1728206867ffa87e3e05488fabad7,Inject
ee243ef5686714aaa42bf6676daf5a1319846fc0a9d79f23a8f716c4c1f50a45,Smsthief
ee5df697bdd5d1a1b8dc7713d429a29a154a0f80fbc8fdbc4abfc5b3773c1077,Ramnit
eeb796281c55c5c52c075e02ca33477f7f300a5d5b8e72905423c8424762c390,Andromeda
eee7a3eebf550f2dcfaa3eb207a6f1421bd7ee52a43a44bb478a52541c75da6f,Injector
eef1035027322b57cf21666388a5d4aecd104e88aa1082d80fc111a80fc4319c,Cutwail
ef35594d9fa425e2cbb5631e22a86094d347ea548e35215a54d94410011c57e3,Zbot
ef67269b968c008e84cf2884c2d442569ab020f4ea0aca658be85b5368e2e27d,Andromeda
ef84d266862102ee08aa207968a02dabda964f3c60c5bb7f087789004882987f,Shifu
efaf302a74062f1738d40a5e50ef21f9d581e06bdef59690a84613cdffd9a0d0,Inject
efc16586fd47ab91536eb0f154affdc739ecd1b386c5516aa2a645c9c43028e6,Cutwail
efcc0bfd8feb47f3df155d18fc5499163fd3600555f318abfbd6897641d7f003,Ramnit
f0606de65e487515a5f4a2bccc7451f885e6d0b80a13085d2b689238acd06920,Injector
f064cefdeba6350f95856fe593aad537c037780247aefa352297d287bb67ee3e,Inject
f06958b1721edb054ef12215f102f65effd1793777334d4baa4a7d6025d84ad2,Cutwail
f0f933d3dd9e636ff6979d03fc57e06606e4c7851b8111f977fb9d19317e9408,Smsthief
f1099eb00cda4de63426a91c8475114e42ca751c268bc64103a7e5c3ea85ac5f,Smsthief
f10dd1dd8c8c0d96bc2b09baefd014cdfd0d29d467986af87fbc0e4f093f7840,Ramnit
f1684fee3f16b2c9b88ec3a0fa5b95ce46a4f9e2aa452e7a5a9d496d5e8563c9,Banker
f182f032df0e115c041180c01a91b4eadcaef5a05ca996df31b71662d7480c19,Ramnit
f1a8022d3734bf37b1eee125fd44a9885a4e08d21790759095cc16b2d87d98aa,Smsthief
f217a46e9f8463896d81f2f09f281100411694b97a09782733793cf839d9650b,Shifu
f22c4af68695424bba5639f81dc2db05dba53c666241a0dae7ba4264cf8ed009,Shifu
f2ce49c1a443f7c57d8d9e88f82a741db298b94c12ddd0c9b88aa9bcc63b8cb1,Cutwail
f2d068cdc0d1e3de0d5a48609fecf535db74610b798af1b709fdfddcf88d8db0,Andromeda
f2f09c41d8db87e08ddddc184202b7ce8711eddd25e96d29aa941040e8d23e79,Ramnit
f307aece53fa9edd7871c1a042533342d233c67b42c264e3e36a18d7fcdcbda7,Cutwail
f36fb1e19d5d3a3e29767b8c6c1b3f85a931bace8f8c7ce158f622e424b134d4,Zbot
f3b4fa2f8304a773d8f60fec37401146a6e77299e48657c71155f35020b25fd9,Banload
f42bd50a57a3ea82d82011b5c08b5e936967355bd977ecb66c6c7186d2e6b656,Cutwail
f467929d2fdc8815e34f52952148935c58b330983b2303a0b5845b07353a98eb,Banker
f483af2813ab4b8ef2523bb1d4c86c5408e8384f6dacc54f41593d25210128e4,Shifu
f51078f6a68572ffc8bf8533f81ff124caf91b42f66a78831b1f6f315bc204e5,Inject
f5166a393d922c4ff71a5c8d5cedafce97d85d5dcbc29c8f1ef514f55064a310,Banker
f5350634a717a4b672ac575544ea0493faf33ebf3ea27f86811051397a5cb961,Cutwail
f54c80472964705ee77f5a767cea591690c59c7ea57087ef1788116a63882440,Cutwail
f56537e580ffd9115faa1b07069853c5e35559b0ef540ce2eeeb21438631e1c6,Banker
f5bd55d6d06e20d46a8f9d0bcb180ccfbe5dfbf4930761022f2e9c8eeeb68464,Banker
f6053ab8a66ff09ec61367b9485e3417cd9939aab075cfcc2632298f58a901a5,Cutwail
f608761c9de880d794b088e996dd7148fd46b3d9f06600bd02652ccf80fa2607,Shifu
f6b8e8de56d58366425f97c50558862cbdb6d6819a48bbcfbc00eafbf85e2168,Smsthief
f6cc4bcac85adb71e9bc65aabd0986d8dde56ef415520b36a6f4626777ef6a65,Andromeda
f7000c82005eb883ec47363e2fb67a5ca7d2bd6edadf49ad7f7c8c073901f622,Banker
f73ceed37f9e71680cbd874362ec8e4fa4f28d7ac21a559a0cd7b98b25fd80de,Banload
f788e82912c21e34385d837bbf31d8cf85187999a9af13a59aad10e94b5d6dd2,Smsthief
f7fd56e736d3bfdbf4022f68b9adf7f319b6063842c4393c4248344069914b53,Andromeda
f8227ca193e11c7f29b459f814627d419ec3a366cafa784196bb1e4aedfa4b3f,Injector
f82854f74f9bdbd11aa2d27a58e0204a7410fe4da0a17d449edd63fbcb7b4c91,Injector
f82e53e6729fd0ea483816ce9ece5bfd0b419001196d78701cdee90d64ddd428,Smsthief
f958e606676faabdb8965d886d0b01c68cddb2aec9da4ca0f1877eaa28bcaa2e,Zbot
f9ac2624b35097c5771da1a874d9dc10811e2b62e463c3c94b9779c6b4e61ddb,Zbot
f9e085b288120b6c021698a7acbb371c23a06eb85ce2130a94ebd7deaaa624bb,Ramnit
fa38bd3983c3f9098a9fe91122ebe6f8dc6139ee448685d804ea0da188002786,Injector
fa46c1861e8d36d5da139885d61fa829c8eb64fee055a2cfb3edf99bb8ff450f,Banload
fa9b88d77cdb4cb0ad2af22dd15bf2ea0cd6b9db090074edb1813cc254e0504b,Zbot
fa9db1ef88320edb7a3e20c9ee4207e56729ce5339783c8133244d934a359990,Smsthief
fb18d52791f0052bf305ba5e61b130b3e0d03aa8ca64bbacfd421965e2ed15ac,Smsthief
fb28134dcd3e47533fef8e0fbc549f07a4b3797109df9fbd41b3377c22b5ace2,Banker
fb287de33ff815e90362b0a645f13cd41501db087d16e0f57e198a9880d92b1d,Cutwail
fb442e2c863d81e105901b56c8f3d4a12d44f22f81961cc4a3f45f394e267644,Inject
fb4e5c8dfebc3ce896ae15fed4037c403942d4ce1053a1d605c5017d1838275e,Banker
fb5cf3355947aef263e260532329e58ec4c702d9bb2a992b4e62f476a52aa678,Cutwail
fb5d89e53c27985356db231e454db0e9207ed9a210e7fc0b4314aa3042a07a05,Andromeda
fb60f00c8761058998a10c30aafa63545c4bee314b4b59e881d44fbcff07b569,Smsthief
fb78a940a5d39cc7d7cc82bc2eb20f37b9ced39cad73e5fc70d4287a80ebc203,Banker
fbe1a5da0f8d20dfdd9bca3c1c31a71406f4ce1a3905b049ac2e351ef38571dd,Injector
fc35aad2a0f6d734215ca18de55c7166ee994a4d158df4d368a8d96805fcfa76,Zbot
fc7e12348fbbb95dbb322971fe720c8ede1de40cd504d09bbfc23faad2259e8e,Smsthief
fd12d096b83adf4a705eef944fb401118962833adfb56a16d6ab28936f695c95,Ramnit
fd3bb57e33a13eaa39586c26d752045017c6346abfc0150e9d79f51050f0eb37,Inject
fd3d5b3cdd8c05140e1818bda34935803d5747d0303ff5e6a2aade757e6f78ff,Inject
fd6a05018a6dc5b8693a61734cf44df57af198d09fdf1a1edeb584d1621e6cb6,Cutwail
fda3b66dc3a42cc48001a3d1c4149b7dae3cbfb9f3c4c4802256bbac3542b9fc,Inject
fdce06f7eff2b452ee07812e2f6187a182862a9cf7353d5a7386753c7345d0dc,Banload
fdfd21322100394ca9d3712def8a5d81a2e1f14266ba2230766b94348456eb1f,Smsagent
fe1e1b5b53de66ac01305bbefcab80d70d8dddf235c658d2b7428b7a80aea283,Andromeda
fe21f36dcb0d53ed7cf905614d8ef2f309d9bca2fb7db7302e17095978972198,Shifu
fe57ad0a478bd54544ebb91db7994b07ec2138eb0ffa6e59dcd385d8b99a70b4,Banker
fe86811b4aec4f1eb2260194e4c2b4cabc063d30ba52af263f10c035393d99f0,Smsthief
ff409543762f77c64ce1abe1773f7f636b22d1915225d54f06e56ddeb14dc016,Banload
ff6c9bbe9906d5dcb41d3c17f9af5b785c5da75c11fef40fec72a9f6e109f570,Smsagent
ff98832a1a1dfad4e50a5f4e74313601af260378b6eaef5c0d85a6ee40ce0170,Andromeda
ffad9d83017bebf7222628e039876997fb75c943600903eb3c214b1634251442,Banload
ffb58551c4e372d11b2667f1649b48338f0f2180576740b91d6c2c00307ec66b,Inject
fff33426579928b327fedf4661e5299110c7882e7ce35c75163d65b93181e597,Zbot
fff53c51a67ccb3fe56f62258a4927b0e322807270ba6957fcfac10c24db88f3,Shifu
