1.0,0.0,0.0,0.0,0.0,0.0,0.0,0.0,0.0,0.0,0.0
0.05747126436781609,0.04597701149425287,0.06896551724137931,0.0,0.09195402298850575,0.5057471264367817,0.08045977011494253,0.0,0.0,0.0,0.14942528735632185
1.0,0.0,0.0,0.0,0.0,0.0,0.0,0.0,0.0,0.0,0.0
1.0,0.0,0.0,0.0,0.0,0.0,0.0,0.0,0.0,0.0,0.0
1.0,0.0,0.0,0.0,0.0,0.0,0.0,0.0,0.0,0.0,0.0
1.0,0.0,0.0,0.0,0.0,0.0,0.0,0.0,0.0,0.0,0.0
0.03389830508474576,0.05084745762711865,0.559322033898305,0.11864406779661017,0.06779661016949153,0.05084745762711865,0.0,0.0,0.0,0.0,0.11864406779661017
1.0,0.0,0.0,0.0,0.0,0.0,0.0,0.0,0.0,0.0,0.0
1.0,0.0,0.0,0.0,0.0,0.0,0.0,0.0,0.0,0.0,0.0
1.0,0.0,0.0,0.0,0.0,0.0,0.0,0.0,0.0,0.0,0.0
1.0,0.0,0.0,0.0,0.0,0.0,0.0,0.0,0.0,0.0,0.0
1.0,0.0,0.0,0.0,0.0,0.0,0.0,0.0,0.0,0.0,0.0
1.0,0.0,0.0,0.0,0.0,0.0,0.0,0.0,0.0,0.0,0.0
1.0,0.0,0.0,0.0,0.0,0.0,0.0,0.0,0.0,0.0,0.0
1.0,0.0,0.0,0.0,0.0,0.0,0.0,0.0,0.0,0.0,0.0
1.0,0.0,0.0,0.0,0.0,0.0,0.0,0.0,0.0,0.0,0.0
1.0,0.0,0.0,0.0,0.0,0.0,0.0,0.0,0.0,0.0,0.0
0.0,0.03278688524590164,0.0,0.0,0.01639344262295082,0.03278688524590164,0.0,0.0,0.3114754098360656,0.5737704918032787,0.03278688524590164
1.0,0.0,0.0,0.0,0.0,0.0,0.0,0.0,0.0,0.0,0.0
1.0,0.0,0.0,0.0,0.0,0.0,0.0,0.0,0.0,0.0,0.0
1.0,0.0,0.0,0.0,0.0,0.0,0.0,0.0,0.0,0.0,0.0
1.0,0.0,0.0,0.0,0.0,0.0,0.0,0.0,0.0,0.0,0.0
1.0,0.0,0.0,0.0,0.0,0.0,0.0,0.0,0.0,0.0,0.0
1.0,0.0,0.0,0.0,0.0,0.0,0.0,0.0,0.0,0.0,0.0
1.0,0.0,0.0,0.0,0.0,0.0,0.0,0.0,0.0,0.0,0.0
0.05813953488372093,0.03488372093023256,0.05813953488372093,0.011627906976744186,0.16279069767441862,0.3372093023255814,0.1511627906976744,0.0,0.0,0.0,0.18604651162790697
1.0,0.0,0.0,0.0,0.0,0.0,0.0,0.0,0.0,0.0,0.0
1.0,0.0,0.0,0.0,0.0,0.0,0.0,0.0,0.0,0.0,0.0
1.0,0.0,0.0,0.0,0.0,0.0,0.0,0.0,0.0,0.0,0.0
1.0,0.0,0.0,0.0,0.0,0.0,0.0,0.0,0.0,0.0,0.0
1.0,0.0,0.0,0.0,0.0,0.0,0.0,0.0,0.0,0.0,0.0
1.0,0.0,0.0,0.0,0.0,0.0,0.0,0.0,0.0,0.0,0.0
1.0,0.0,0.0,0.0,0.0,0.0,0.0,0.0,0.0,0.0,0.0
1.0,0.0,0.0,0.0,0.0,0.0,0.0,0.0,0.0,0.0,0.0
1.0,0.0,0.0,0.0,0.0,0.0,0.0,0.0,0.0,0.0,0.0
1.0,0.0,0.0,0.0,0.0,0.0,0.0,0.0,0.0,0.0,0.0
1.0,0.0,0.0,0.0,0.0,0.0,0.0,0.0,0.0,0.0,0.0
1.0,0.0,0.0,0.0,0.0,0.0,0.0,0.0,0.0,0.0,0.0
1.0,0.0,0.0,0.0,0.0,0.0,0.0,0.0,0.0,0.0,0.0
1.0,0.0,0.0,0.0,0.0,0.0,0.0,0.0,0.0,0.0,0.0
0.056818181818181816,0.022727272727272728,0.20454545454545456,0.3068181818181818,0.10227272727272728,0.23863636363636365,0.0,0.0,0.0,0.0,0.06818181818181818
1.0,0.0,0.0,0.0,0.0,0.0,0.0,0.0,0.0,0.0,0.0
1.0,0.0,0.0,0.0,0.0,0.0,0.0,0.0,0.0,0.0,0.0
1.0,0.0,0.0,0.0,0.0,0.0,0.0,0.0,0.0,0.0,0.0
1.0,0.0,0.0,0.0,0.0,0.0,0.0,0.0,0.0,0.0,0.0
1.0,0.0,0.0,0.0,0.0,0.0,0.0,0.0,0.0,0.0,0.0
0.05813953488372093,0.03488372093023256,0.05813953488372093,0.011627906976744186,0.16279069767441862,0.3372093023255814,0.1511627906976744,0.0,0.0,0.0,0.18604651162790697
1.0,0.0,0.0,0.0,0.0,0.0,0.0,0.0,0.0,0.0,0.0
1.0,0.0,0.0,0.0,0.0,0.0,0.0,0.0,0.0,0.0,0.0
1.0,0.0,0.0,0.0,0.0,0.0,0.0,0.0,0.0,0.0,0.0
1.0,0.0,0.0,0.0,0.0,0.0,0.0,0.0,0.0,0.0,0.0
1.0,0.0,0.0,0.0,0.0,0.0,0.0,0.0,0.0,0.0,0.0
1.0,0.0,0.0,0.0,0.0,0.0,0.0,0.0,0.0,0.0,0.0
1.0,0.0,0.0,0.0,0.0,0.0,0.0,0.0,0.0,0.0,0.0
1.0,0.0,0.0,0.0,0.0,0.0,0.0,0.0,0.0,0.0,0.0
1.0,0.0,0.0,0.0,0.0,0.0,0.0,0.0,0.0,0.0,0.0
1.0,0.0,0.0,0.0,0.0,0.0,0.0,0.0,0.0,0.0,0.0
1.0,0.0,0.0,0.0,0.0,0.0,0.0,0.0,0.0,0.0,0.0
1.0,0.0,0.0,0.0,0.0,0.0,0.0,0.0,0.0,0.0,0.0
0.02247191011235955,0.0898876404494382,0.11235955056179775,0.15730337078651685,0.056179775280898875,0.5168539325842697,0.0,0.0,0.0,0.0,0.0449438202247191
0.056818181818181816,0.022727272727272728,0.20454545454545456,0.3068181818181818,0.10227272727272728,0.23863636363636365,0.0,0.0,0.0,0.0,0.06818181818181818
1.0,0.0,0.0,0.0,0.0,0.0,0.0,0.0,0.0,0.0,0.0
1.0,0.0,0.0,0.0,0.0,0.0,0.0,0.0,0.0,0.0,0.0
0.014925373134328358,0.208955223880597,0.05970149253731343,0.0,0.04477611940298507,0.31343283582089554,0.0,0.0,0.0,0.0,0.3582089552238806
1.0,0.0,0.0,0.0,0.0,0.0,0.0,0.0,0.0,0.0,0.0
1.0,0.0,0.0,0.0,0.0,0.0,0.0,0.0,0.0,0.0,0.0
1.0,0.0,0.0,0.0,0.0,0.0,0.0,0.0,0.0,0.0,0.0
1.0,0.0,0.0,0.0,0.0,0.0,0.0,0.0,0.0,0.0,0.0
1.0,0.0,0.0,0.0,0.0,0.0,0.0,0.0,0.0,0.0,0.0
1.0,0.0,0.0,0.0,0.0,0.0,0.0,0.0,0.0,0.0,0.0
1.0,0.0,0.0,0.0,0.0,0.0,0.0,0.0,0.0,0.0,0.0
1.0,0.0,0.0,0.0,0.0,0.0,0.0,0.0,0.0,0.0,0.0
1.0,0.0,0.0,0.0,0.0,0.0,0.0,0.0,0.0,0.0,0.0
1.0,0.0,0.0,0.0,0.0,0.0,0.0,0.0,0.0,0.0,0.0
1.0,0.0,0.0,0.0,0.0,0.0,0.0,0.0,0.0,0.0,0.0
1.0,0.0,0.0,0.0,0.0,0.0,0.0,0.0,0.0,0.0,0.0
1.0,0.0,0.0,0.0,0.0,0.0,0.0,0.0,0.0,0.0,0.0
1.0,0.0,0.0,0.0,0.0,0.0,0.0,0.0,0.0,0.0,0.0
1.0,0.0,0.0,0.0,0.0,0.0,0.0,0.0,0.0,0.0,0.0
1.0,0.0,0.0,0.0,0.0,0.0,0.0,0.0,0.0,0.0,0.0
1.0,0.0,0.0,0.0,0.0,0.0,0.0,0.0,0.0,0.0,0.0
1.0,0.0,0.0,0.0,0.0,0.0,0.0,0.0,0.0,0.0,0.0
1.0,0.0,0.0,0.0,0.0,0.0,0.0,0.0,0.0,0.0,0.0
1.0,0.0,0.0,0.0,0.0,0.0,0.0,0.0,0.0,0.0,0.0
1.0,0.0,0.0,0.0,0.0,0.0,0.0,0.0,0.0,0.0,0.0
1.0,0.0,0.0,0.0,0.0,0.0,0.0,0.0,0.0,0.0,0.0
1.0,0.0,0.0,0.0,0.0,0.0,0.0,0.0,0.0,0.0,0.0
1.0,0.0,0.0,0.0,0.0,0.0,0.0,0.0,0.0,0.0,0.0
1.0,0.0,0.0,0.0,0.0,0.0,0.0,0.0,0.0,0.0,0.0
1.0,0.0,0.0,0.0,0.0,0.0,0.0,0.0,0.0,0.0,0.0
1.0,0.0,0.0,0.0,0.0,0.0,0.0,0.0,0.0,0.0,0.0
0.025,0.025,0.825,0.05,0.0125,0.0375,0.0,0.0,0.0,0.0,0.025
1.0,0.0,0.0,0.0,0.0,0.0,0.0,0.0,0.0,0.0,0.0
1.0,0.0,0.0,0.0,0.0,0.0,0.0,0.0,0.0,0.0,0.0
1.0,0.0,0.0,0.0,0.0,0.0,0.0,0.0,0.0,0.0,0.0
1.0,0.0,0.0,0.0,0.0,0.0,0.0,0.0,0.0,0.0,0.0
1.0,0.0,0.0,0.0,0.0,0.0,0.0,0.0,0.0,0.0,0.0
1.0,0.0,0.0,0.0,0.0,0.0,0.0,0.0,0.0,0.0,0.0
0.0,0.9620253164556962,0.0379746835443038,0.0,0.0,0.0,0.0,0.0,0.0,0.0,0.0
0.0,0.8850574712643678,0.034482758620689655,0.0,0.034482758620689655,0.022988505747126436,0.0,0.0,0.0,0.011494252873563218,0.011494252873563218
0.0,0.045454545454545456,0.09090909090909091,0.015151515151515152,0.030303030303030304,0.045454545454545456,0.0,0.0,0.0,0.0,0.7727272727272727
0.0,0.8352941176470589,0.023529411764705882,0.011764705882352941,0.011764705882352941,0.08235294117647059,0.011764705882352941,0.0,0.011764705882352941,0.011764705882352941,0.0
0.0,0.1,0.0,0.03333333333333333,0.06666666666666667,0.03333333333333333,0.06666666666666667,0.0,0.0,0.0,0.7
0.0,0.8850574712643678,0.034482758620689655,0.0,0.034482758620689655,0.022988505747126436,0.0,0.0,0.0,0.011494252873563218,0.011494252873563218
0.0,0.9818181818181818,0.0,0.0,0.0,0.01818181818181818,0.0,0.0,0.0,0.0,0.0
0.0,0.9846153846153847,0.015384615384615385,0.0,0.0,0.0,0.0,0.0,0.0,0.0,0.0
0.0,0.11764705882352941,0.0,0.0,0.058823529411764705,0.058823529411764705,0.0,0.0,0.6470588235294118,0.11764705882352941,0.0
0.0,0.9846153846153847,0.015384615384615385,0.0,0.0,0.0,0.0,0.0,0.0,0.0,0.0
0.0,0.8352941176470589,0.023529411764705882,0.011764705882352941,0.011764705882352941,0.08235294117647059,0.011764705882352941,0.0,0.011764705882352941,0.011764705882352941,0.0
0.0,0.8850574712643678,0.034482758620689655,0.0,0.034482758620689655,0.022988505747126436,0.0,0.0,0.0,0.011494252873563218,0.011494252873563218
0.0,0.9846153846153847,0.015384615384615385,0.0,0.0,0.0,0.0,0.0,0.0,0.0,0.0
0.0,0.078125,0.125,0.0,0.078125,0.5625,0.0625,0.0,0.0,0.0,0.09375
0.0,0.8352941176470589,0.023529411764705882,0.011764705882352941,0.011764705882352941,0.08235294117647059,0.011764705882352941,0.0,0.011764705882352941,0.011764705882352941,0.0
0.0,0.9846153846153847,0.015384615384615385,0.0,0.0,0.0,0.0,0.0,0.0,0.0,0.0
0.0,0.9846153846153847,0.015384615384615385,0.0,0.0,0.0,0.0,0.0,0.0,0.0,0.0
0.0,0.8352941176470589,0.023529411764705882,0.011764705882352941,0.011764705882352941,0.08235294117647059,0.011764705882352941,0.0,0.011764705882352941,0.011764705882352941,0.0
0.0,0.18518518518518517,0.2222222222222222,0.0,0.18518518518518517,0.2222222222222222,0.0,0.0,0.0,0.0,0.18518518518518517
0.0,0.8850574712643678,0.034482758620689655,0.0,0.034482758620689655,0.022988505747126436,0.0,0.0,0.0,0.011494252873563218,0.011494252873563218
0.0,0.0,0.5555555555555556,0.0,0.0,0.2222222222222222,0.0,0.0,0.0,0.0,0.2222222222222222
0.0,0.06521739130434782,0.09782608695652174,0.07608695652173914,0.10869565217391304,0.2717391304347826,0.05434782608695652,0.0,0.0,0.0,0.32608695652173914
0.0,0.9846153846153847,0.015384615384615385,0.0,0.0,0.0,0.0,0.0,0.0,0.0,0.0
0.0,0.1095890410958904,0.8493150684931506,0.0,0.0136986301369863,0.0136986301369863,0.0,0.0,0.0,0.0,0.0136986301369863
0.0,0.9620253164556962,0.0379746835443038,0.0,0.0,0.0,0.0,0.0,0.0,0.0,0.0
0.0,0.8850574712643678,0.034482758620689655,0.0,0.034482758620689655,0.022988505747126436,0.0,0.0,0.0,0.011494252873563218,0.011494252873563218
0.0,0.9620253164556962,0.0379746835443038,0.0,0.0,0.0,0.0,0.0,0.0,0.0,0.0
0.010752688172043012,0.021505376344086023,0.021505376344086023,0.13978494623655913,0.11827956989247312,0.5268817204301075,0.021505376344086023,0.0,0.053763440860215055,0.010752688172043012,0.07526881720430108
0.0,0.1,0.0,0.03333333333333333,0.06666666666666667,0.03333333333333333,0.06666666666666667,0.0,0.0,0.0,0.7
0.0,0.0,0.75,0.0,0.0,0.25,0.0,0.0,0.0,0.0,0.0
0.0,0.9818181818181818,0.0,0.0,0.0,0.01818181818181818,0.0,0.0,0.0,0.0,0.0
0.0,0.9818181818181818,0.0,0.0,0.0,0.01818181818181818,0.0,0.0,0.0,0.0,0.0
0.0,0.0,1.0,0.0,0.0,0.0,0.0,0.0,0.0,0.0,0.0
0.0,0.14583333333333334,0.7708333333333334,0.0,0.0,0.041666666666666664,0.0,0.0,0.0,0.0,0.041666666666666664
0.0,0.0,0.5555555555555556,0.0,0.0,0.2222222222222222,0.0,0.0,0.0,0.0,0.2222222222222222
0.0,0.9620253164556962,0.0379746835443038,0.0,0.0,0.0,0.0,0.0,0.0,0.0,0.0
0.0,0.9620253164556962,0.0379746835443038,0.0,0.0,0.0,0.0,0.0,0.0,0.0,0.0
0.0,0.9620253164556962,0.0379746835443038,0.0,0.0,0.0,0.0,0.0,0.0,0.0,0.0
0.0,0.8352941176470589,0.023529411764705882,0.011764705882352941,0.011764705882352941,0.08235294117647059,0.011764705882352941,0.0,0.011764705882352941,0.011764705882352941,0.0
0.0625,0.09375,0.015625,0.015625,0.03125,0.046875,0.0,0.0,0.421875,0.296875,0.015625
0.0,0.125,0.041666666666666664,0.0,0.07291666666666667,0.5833333333333334,0.03125,0.0,0.0,0.03125,0.11458333333333333
0.0,0.8850574712643678,0.034482758620689655,0.0,0.034482758620689655,0.022988505747126436,0.0,0.0,0.0,0.011494252873563218,0.011494252873563218
0.0,0.8352941176470589,0.023529411764705882,0.011764705882352941,0.011764705882352941,0.08235294117647059,0.011764705882352941,0.0,0.011764705882352941,0.011764705882352941,0.0
0.03333333333333333,0.05555555555555555,0.13333333333333333,0.0,0.044444444444444446,0.4111111111111111,0.022222222222222223,0.0,0.0,0.0,0.3
0.0625,0.09375,0.015625,0.015625,0.03125,0.046875,0.0,0.0,0.421875,0.296875,0.015625
0.05813953488372093,0.03488372093023256,0.05813953488372093,0.011627906976744186,0.16279069767441862,0.3372093023255814,0.1511627906976744,0.0,0.0,0.0,0.18604651162790697
0.0,0.9818181818181818,0.0,0.0,0.0,0.01818181818181818,0.0,0.0,0.0,0.0,0.0
0.03333333333333333,0.05555555555555555,0.13333333333333333,0.0,0.044444444444444446,0.4111111111111111,0.022222222222222223,0.0,0.0,0.0,0.3
0.0,0.9620253164556962,0.0379746835443038,0.0,0.0,0.0,0.0,0.0,0.0,0.0,0.0
0.0,0.9846153846153847,0.015384615384615385,0.0,0.0,0.0,0.0,0.0,0.0,0.0,0.0
0.0,0.9846153846153847,0.015384615384615385,0.0,0.0,0.0,0.0,0.0,0.0,0.0,0.0
0.0,0.9846153846153847,0.015384615384615385,0.0,0.0,0.0,0.0,0.0,0.0,0.0,0.0
0.0,0.8850574712643678,0.034482758620689655,0.0,0.034482758620689655,0.022988505747126436,0.0,0.0,0.0,0.011494252873563218,0.011494252873563218
0.0,0.8352941176470589,0.023529411764705882,0.011764705882352941,0.011764705882352941,0.08235294117647059,0.011764705882352941,0.0,0.011764705882352941,0.011764705882352941,0.0
0.0,0.8850574712643678,0.034482758620689655,0.0,0.034482758620689655,0.022988505747126436,0.0,0.0,0.0,0.011494252873563218,0.011494252873563218
0.0,0.9620253164556962,0.0379746835443038,0.0,0.0,0.0,0.0,0.0,0.0,0.0,0.0
0.0,0.0,1.0,0.0,0.0,0.0,0.0,0.0,0.0,0.0,0.0
0.0,0.9846153846153847,0.015384615384615385,0.0,0.0,0.0,0.0,0.0,0.0,0.0,0.0
0.0,0.9818181818181818,0.0,0.0,0.0,0.01818181818181818,0.0,0.0,0.0,0.0,0.0
0.0,0.8850574712643678,0.034482758620689655,0.0,0.034482758620689655,0.022988505747126436,0.0,0.0,0.0,0.011494252873563218,0.011494252873563218
0.0,0.0,1.0,0.0,0.0,0.0,0.0,0.0,0.0,0.0,0.0
0.0,0.0,1.0,0.0,0.0,0.0,0.0,0.0,0.0,0.0,0.0
0.0,0.1095890410958904,0.8493150684931506,0.0,0.0136986301369863,0.0136986301369863,0.0,0.0,0.0,0.0,0.0136986301369863
0.0,0.0,1.0,0.0,0.0,0.0,0.0,0.0,0.0,0.0,0.0
0.016666666666666666,0.31666666666666665,0.15,0.03333333333333333,0.08333333333333333,0.35,0.03333333333333333,0.0,0.0,0.0,0.016666666666666666
0.0,0.1095890410958904,0.8493150684931506,0.0,0.0136986301369863,0.0136986301369863,0.0,0.0,0.0,0.0,0.0136986301369863
0.0,0.0,1.0,0.0,0.0,0.0,0.0,0.0,0.0,0.0,0.0
0.05747126436781609,0.04597701149425287,0.06896551724137931,0.0,0.09195402298850575,0.5057471264367817,0.08045977011494253,0.0,0.0,0.0,0.14942528735632185
0.0,0.06521739130434782,0.09782608695652174,0.07608695652173914,0.10869565217391304,0.2717391304347826,0.05434782608695652,0.0,0.0,0.0,0.32608695652173914
0.0,0.5,0.0,0.0,0.5,0.0,0.0,0.0,0.0,0.0,0.0
0.0,0.9620253164556962,0.0379746835443038,0.0,0.0,0.0,0.0,0.0,0.0,0.0,0.0
0.0,0.0,1.0,0.0,0.0,0.0,0.0,0.0,0.0,0.0,0.0
0.05747126436781609,0.04597701149425287,0.06896551724137931,0.0,0.09195402298850575,0.5057471264367817,0.08045977011494253,0.0,0.0,0.0,0.14942528735632185
0.0,0.0,1.0,0.0,0.0,0.0,0.0,0.0,0.0,0.0,0.0
0.0,0.0,1.0,0.0,0.0,0.0,0.0,0.0,0.0,0.0,0.0
0.012195121951219513,0.06097560975609756,0.18292682926829268,0.0,0.14634146341463414,0.5121951219512195,0.012195121951219513,0.0,0.0,0.036585365853658534,0.036585365853658534
0.025,0.025,0.825,0.05,0.0125,0.0375,0.0,0.0,0.0,0.0,0.025
0.0,0.8850574712643678,0.034482758620689655,0.0,0.034482758620689655,0.022988505747126436,0.0,0.0,0.0,0.011494252873563218,0.011494252873563218
0.0,0.9620253164556962,0.0379746835443038,0.0,0.0,0.0,0.0,0.0,0.0,0.0,0.0
0.0,0.0,1.0,0.0,0.0,0.0,0.0,0.0,0.0,0.0,0.0
0.0,0.0,1.0,0.0,0.0,0.0,0.0,0.0,0.0,0.0,0.0
0.0,0.1095890410958904,0.8493150684931506,0.0,0.0136986301369863,0.0136986301369863,0.0,0.0,0.0,0.0,0.0136986301369863
0.0,0.559322033898305,0.05084745762711865,0.0,0.05084745762711865,0.3389830508474576,0.0,0.0,0.0,0.0,0.0
0.0,0.02127659574468085,0.02127659574468085,0.0,0.0,0.010638297872340425,0.0,0.0,0.1276595744680851,0.8085106382978723,0.010638297872340425
0.016666666666666666,0.31666666666666665,0.15,0.03333333333333333,0.08333333333333333,0.35,0.03333333333333333,0.0,0.0,0.0,0.016666666666666666
0.0,0.0,1.0,0.0,0.0,0.0,0.0,0.0,0.0,0.0,0.0
0.0,0.1095890410958904,0.8493150684931506,0.0,0.0136986301369863,0.0136986301369863,0.0,0.0,0.0,0.0,0.0136986301369863
0.0,0.05263157894736842,0.05263157894736842,0.0,0.0,0.10526315789473684,0.0,0.0,0.0,0.0,0.7894736842105263
0.0,0.0,1.0,0.0,0.0,0.0,0.0,0.0,0.0,0.0,0.0
0.0,0.6666666666666666,0.0,0.0,0.0,0.3333333333333333,0.0,0.0,0.0,0.0,0.0
0.0,0.2222222222222222,0.0,0.0,0.2222222222222222,0.2777777777777778,0.0,0.0,0.0,0.0,0.2777777777777778
0.0,0.0,0.0,1.0,0.0,0.0,0.0,0.0,0.0,0.0,0.0
0.25,0.0,0.0,0.0,0.0,0.75,0.0,0.0,0.0,0.0,0.0
0.0,0.0,1.0,0.0,0.0,0.0,0.0,0.0,0.0,0.0,0.0
0.0,0.0,1.0,0.0,0.0,0.0,0.0,0.0,0.0,0.0,0.0
0.0,0.1095890410958904,0.8493150684931506,0.0,0.0136986301369863,0.0136986301369863,0.0,0.0,0.0,0.0,0.0136986301369863
0.0,0.3194444444444444,0.09722222222222222,0.0,0.05555555555555555,0.3333333333333333,0.18055555555555555,0.0,0.0,0.0,0.013888888888888888
0.05747126436781609,0.04597701149425287,0.06896551724137931,0.0,0.09195402298850575,0.5057471264367817,0.08045977011494253,0.0,0.0,0.0,0.14942528735632185
0.0,0.0,1.0,0.0,0.0,0.0,0.0,0.0,0.0,0.0,0.0
0.0,0.1095890410958904,0.8493150684931506,0.0,0.0136986301369863,0.0136986301369863,0.0,0.0,0.0,0.0,0.0136986301369863
0.0,0.03278688524590164,0.0,0.0,0.01639344262295082,0.03278688524590164,0.0,0.0,0.3114754098360656,0.5737704918032787,0.03278688524590164
0.012195121951219513,0.06097560975609756,0.18292682926829268,0.0,0.14634146341463414,0.5121951219512195,0.012195121951219513,0.0,0.0,0.036585365853658534,0.036585365853658534
0.0,0.0,1.0,0.0,0.0,0.0,0.0,0.0,0.0,0.0,0.0
0.0,0.2222222222222222,0.05555555555555555,0.0,0.1111111111111111,0.3333333333333333,0.05555555555555555,0.0,0.0,0.05555555555555555,0.16666666666666666
0.0,0.0,1.0,0.0,0.0,0.0,0.0,0.0,0.0,0.0,0.0
0.0,0.0,1.0,0.0,0.0,0.0,0.0,0.0,0.0,0.0,0.0
0.0,0.05263157894736842,0.05263157894736842,0.0,0.0,0.10526315789473684,0.0,0.0,0.0,0.0,0.7894736842105263
0.021739130434782608,0.0,0.021739130434782608,0.0,0.021739130434782608,0.06521739130434782,0.782608695652174,0.021739130434782608,0.0,0.0,0.06521739130434782
0.0,0.045454545454545456,0.09090909090909091,0.015151515151515152,0.030303030303030304,0.045454545454545456,0.0,0.0,0.0,0.0,0.7727272727272727
0.0,0.7333333333333333,0.2,0.0,0.0,0.06666666666666667,0.0,0.0,0.0,0.0,0.0
0.0,0.30303030303030304,0.12121212121212122,0.3333333333333333,0.12121212121212122,0.12121212121212122,0.0,0.0,0.0,0.0,0.0
0.0,0.06521739130434782,0.09782608695652174,0.07608695652173914,0.10869565217391304,0.2717391304347826,0.05434782608695652,0.0,0.0,0.0,0.32608695652173914
0.0,0.0,1.0,0.0,0.0,0.0,0.0,0.0,0.0,0.0,0.0
0.012195121951219513,0.06097560975609756,0.18292682926829268,0.0,0.14634146341463414,0.5121951219512195,0.012195121951219513,0.0,0.0,0.036585365853658534,0.036585365853658534
0.0,0.06521739130434782,0.09782608695652174,0.07608695652173914,0.10869565217391304,0.2717391304347826,0.05434782608695652,0.0,0.0,0.0,0.32608695652173914
0.012195121951219513,0.06097560975609756,0.18292682926829268,0.0,0.14634146341463414,0.5121951219512195,0.012195121951219513,0.0,0.0,0.036585365853658534,0.036585365853658534
0.025,0.025,0.825,0.05,0.0125,0.0375,0.0,0.0,0.0,0.0,0.025
0.0,0.1095890410958904,0.8493150684931506,0.0,0.0136986301369863,0.0136986301369863,0.0,0.0,0.0,0.0,0.0136986301369863
0.0,0.0,1.0,0.0,0.0,0.0,0.0,0.0,0.0,0.0,0.0
0.02247191011235955,0.011235955056179775,0.011235955056179775,0.8089887640449438,0.056179775280898875,0.011235955056179775,0.011235955056179775,0.0,0.0,0.0,0.06741573033707865
0.0,0.1095890410958904,0.8493150684931506,0.0,0.0136986301369863,0.0136986301369863,0.0,0.0,0.0,0.0,0.0136986301369863
0.02247191011235955,0.011235955056179775,0.011235955056179775,0.8089887640449438,0.056179775280898875,0.011235955056179775,0.011235955056179775,0.0,0.0,0.0,0.06741573033707865
0.0,0.0,0.0,1.0,0.0,0.0,0.0,0.0,0.0,0.0,0.0
0.0,0.01639344262295082,0.03278688524590164,0.8852459016393442,0.04918032786885246,0.01639344262295082,0.0,0.0,0.0,0.0,0.0
0.0,0.0,0.0,1.0,0.0,0.0,0.0,0.0,0.0,0.0,0.0
0.0,0.0,0.0,1.0,0.0,0.0,0.0,0.0,0.0,0.0,0.0
0.0,0.01639344262295082,0.03278688524590164,0.8852459016393442,0.04918032786885246,0.01639344262295082,0.0,0.0,0.0,0.0,0.0
0.0,0.0,0.0,1.0,0.0,0.0,0.0,0.0,0.0,0.0,0.0
0.0,0.0,0.0,1.0,0.0,0.0,0.0,0.0,0.0,0.0,0.0
0.0,0.0,0.0,1.0,0.0,0.0,0.0,0.0,0.0,0.0,0.0
0.0,0.0,0.0,1.0,0.0,0.0,0.0,0.0,0.0,0.0,0.0
0.0,0.0,0.0,1.0,0.0,0.0,0.0,0.0,0.0,0.0,0.0
0.0,0.0,0.0,1.0,0.0,0.0,0.0,0.0,0.0,0.0,0.0
0.0,0.0,0.0,1.0,0.0,0.0,0.0,0.0,0.0,0.0,0.0
0.0,0.0,0.0,1.0,0.0,0.0,0.0,0.0,0.0,0.0,0.0
0.0,0.0,0.0,1.0,0.0,0.0,0.0,0.0,0.0,0.0,0.0
0.0,0.0,0.0,1.0,0.0,0.0,0.0,0.0,0.0,0.0,0.0
0.46153846153846156,0.038461538461538464,0.038461538461538464,0.19230769230769232,0.07692307692307693,0.11538461538461539,0.0,0.0,0.0,0.0,0.07692307692307693
0.0,0.0,0.0,1.0,0.0,0.0,0.0,0.0,0.0,0.0,0.0
0.025974025974025976,0.03896103896103896,0.16883116883116883,0.12987012987012986,0.06493506493506493,0.1038961038961039,0.0,0.0,0.09090909090909091,0.03896103896103896,0.33766233766233766
0.0,0.0,0.0,1.0,0.0,0.0,0.0,0.0,0.0,0.0,0.0
0.0,0.0,0.0,1.0,0.0,0.0,0.0,0.0,0.0,0.0,0.0
0.02247191011235955,0.011235955056179775,0.011235955056179775,0.8089887640449438,0.056179775280898875,0.011235955056179775,0.011235955056179775,0.0,0.0,0.0,0.06741573033707865
0.0,0.0,0.0,1.0,0.0,0.0,0.0,0.0,0.0,0.0,0.0
0.02247191011235955,0.0898876404494382,0.11235955056179775,0.15730337078651685,0.056179775280898875,0.5168539325842697,0.0,0.0,0.0,0.0,0.0449438202247191
0.0,0.0,0.0,1.0,0.0,0.0,0.0,0.0,0.0,0.0,0.0
0.02247191011235955,0.011235955056179775,0.011235955056179775,0.8089887640449438,0.056179775280898875,0.011235955056179775,0.011235955056179775,0.0,0.0,0.0,0.06741573033707865
0.0,0.14705882352941177,0.6176470588235294,0.11764705882352941,0.029411764705882353,0.04411764705882353,0.029411764705882353,0.0,0.0,0.0,0.014705882352941176
0.02247191011235955,0.011235955056179775,0.011235955056179775,0.8089887640449438,0.056179775280898875,0.011235955056179775,0.011235955056179775,0.0,0.0,0.0,0.06741573033707865
0.0,0.1,0.0,0.03333333333333333,0.06666666666666667,0.03333333333333333,0.06666666666666667,0.0,0.0,0.0,0.7
0.0,0.0,0.0,1.0,0.0,0.0,0.0,0.0,0.0,0.0,0.0
0.0,0.0,0.0,1.0,0.0,0.0,0.0,0.0,0.0,0.0,0.0
0.045454545454545456,0.022727272727272728,0.0,0.03409090909090909,0.03409090909090909,0.8181818181818182,0.011363636363636364,0.011363636363636364,0.0,0.0,0.022727272727272728
0.0,0.0,0.0,1.0,0.0,0.0,0.0,0.0,0.0,0.0,0.0
0.03389830508474576,0.05084745762711865,0.559322033898305,0.11864406779661017,0.06779661016949153,0.05084745762711865,0.0,0.0,0.0,0.0,0.11864406779661017
0.02247191011235955,0.011235955056179775,0.011235955056179775,0.8089887640449438,0.056179775280898875,0.011235955056179775,0.011235955056179775,0.0,0.0,0.0,0.06741573033707865
0.02247191011235955,0.011235955056179775,0.011235955056179775,0.8089887640449438,0.056179775280898875,0.011235955056179775,0.011235955056179775,0.0,0.0,0.0,0.06741573033707865
0.0,0.01639344262295082,0.03278688524590164,0.8852459016393442,0.04918032786885246,0.01639344262295082,0.0,0.0,0.0,0.0,0.0
0.010752688172043012,0.021505376344086023,0.021505376344086023,0.13978494623655913,0.11827956989247312,0.5268817204301075,0.021505376344086023,0.0,0.053763440860215055,0.010752688172043012,0.07526881720430108
0.025974025974025976,0.03896103896103896,0.16883116883116883,0.12987012987012986,0.06493506493506493,0.1038961038961039,0.0,0.0,0.09090909090909091,0.03896103896103896,0.33766233766233766
0.0,0.0,0.0,1.0,0.0,0.0,0.0,0.0,0.0,0.0,0.0
0.0,0.0,0.0,1.0,0.0,0.0,0.0,0.0,0.0,0.0,0.0
0.02247191011235955,0.011235955056179775,0.011235955056179775,0.8089887640449438,0.056179775280898875,0.011235955056179775,0.011235955056179775,0.0,0.0,0.0,0.06741573033707865
0.0,0.0,0.0,1.0,0.0,0.0,0.0,0.0,0.0,0.0,0.0
0.0,0.0,0.0,1.0,0.0,0.0,0.0,0.0,0.0,0.0,0.0
0.0,0.0,0.0,1.0,0.0,0.0,0.0,0.0,0.0,0.0,0.0
0.0,0.0,0.0,1.0,0.0,0.0,0.0,0.0,0.0,0.0,0.0
0.0,0.0,0.0,1.0,0.0,0.0,0.0,0.0,0.0,0.0,0.0
0.0,0.0,0.0,1.0,0.0,0.0,0.0,0.0,0.0,0.0,0.0
0.0,0.0,0.0,1.0,0.0,0.0,0.0,0.0,0.0,0.0,0.0
0.02247191011235955,0.011235955056179775,0.011235955056179775,0.8089887640449438,0.056179775280898875,0.011235955056179775,0.011235955056179775,0.0,0.0,0.0,0.06741573033707865
0.045454545454545456,0.022727272727272728,0.0,0.03409090909090909,0.03409090909090909,0.8181818181818182,0.011363636363636364,0.011363636363636364,0.0,0.0,0.022727272727272728
0.0,0.0,0.0,1.0,0.0,0.0,0.0,0.0,0.0,0.0,0.0
0.0,0.0,0.0,1.0,0.0,0.0,0.0,0.0,0.0,0.0,0.0
0.0,0.0,0.0,1.0,0.0,0.0,0.0,0.0,0.0,0.0,0.0
0.0,0.0,0.0,1.0,0.0,0.0,0.0,0.0,0.0,0.0,0.0
0.0,0.0,0.0,1.0,0.0,0.0,0.0,0.0,0.0,0.0,0.0
0.0,0.0,0.0,1.0,0.0,0.0,0.0,0.0,0.0,0.0,0.0
0.0,0.0,0.0,1.0,0.0,0.0,0.0,0.0,0.0,0.0,0.0
0.0,0.0,0.0,1.0,0.0,0.0,0.0,0.0,0.0,0.0,0.0
0.0,0.14705882352941177,0.6176470588235294,0.11764705882352941,0.029411764705882353,0.04411764705882353,0.029411764705882353,0.0,0.0,0.0,0.014705882352941176
0.0,0.0,0.0,1.0,0.0,0.0,0.0,0.0,0.0,0.0,0.0
0.0,0.0,0.0,1.0,0.0,0.0,0.0,0.0,0.0,0.0,0.0
0.0,0.0,0.0,1.0,0.0,0.0,0.0,0.0,0.0,0.0,0.0
0.0,0.0,0.0,1.0,0.0,0.0,0.0,0.0,0.0,0.0,0.0
0.0,0.0,0.0,1.0,0.0,0.0,0.0,0.0,0.0,0.0,0.0
0.02247191011235955,0.011235955056179775,0.011235955056179775,0.8089887640449438,0.056179775280898875,0.011235955056179775,0.011235955056179775,0.0,0.0,0.0,0.06741573033707865
0.010752688172043012,0.021505376344086023,0.021505376344086023,0.13978494623655913,0.11827956989247312,0.5268817204301075,0.021505376344086023,0.0,0.053763440860215055,0.010752688172043012,0.07526881720430108
0.0,0.0,0.0,1.0,0.0,0.0,0.0,0.0,0.0,0.0,0.0
0.02247191011235955,0.0898876404494382,0.11235955056179775,0.15730337078651685,0.056179775280898875,0.5168539325842697,0.0,0.0,0.0,0.0,0.0449438202247191
0.0,0.0,0.0,1.0,0.0,0.0,0.0,0.0,0.0,0.0,0.0
0.0,0.18840579710144928,0.014492753623188406,0.014492753623188406,0.057971014492753624,0.21739130434782608,0.0,0.0,0.028985507246376812,0.2028985507246377,0.2753623188405797
0.025,0.025,0.825,0.05,0.0125,0.0375,0.0,0.0,0.0,0.0,0.025
0.0,0.0,0.0,1.0,0.0,0.0,0.0,0.0,0.0,0.0,0.0
0.0,0.0,0.0,1.0,0.0,0.0,0.0,0.0,0.0,0.0,0.0
0.0,0.0,0.0,1.0,0.0,0.0,0.0,0.0,0.0,0.0,0.0
0.0,0.0,0.0,1.0,0.0,0.0,0.0,0.0,0.0,0.0,0.0
0.010752688172043012,0.021505376344086023,0.021505376344086023,0.13978494623655913,0.11827956989247312,0.5268817204301075,0.021505376344086023,0.0,0.053763440860215055,0.010752688172043012,0.07526881720430108
0.0,0.0,0.0,1.0,0.0,0.0,0.0,0.0,0.0,0.0,0.0
0.0,0.0,0.0,1.0,0.0,0.0,0.0,0.0,0.0,0.0,0.0
0.02247191011235955,0.0898876404494382,0.11235955056179775,0.15730337078651685,0.056179775280898875,0.5168539325842697,0.0,0.0,0.0,0.0,0.0449438202247191
0.0,0.0,0.0,1.0,0.0,0.0,0.0,0.0,0.0,0.0,0.0
0.0,0.0,0.0,1.0,0.0,0.0,0.0,0.0,0.0,0.0,0.0
0.0,0.0,0.0,1.0,0.0,0.0,0.0,0.0,0.0,0.0,0.0
0.0,0.0,0.0,1.0,0.0,0.0,0.0,0.0,0.0,0.0,0.0
0.0,0.01639344262295082,0.03278688524590164,0.8852459016393442,0.04918032786885246,0.01639344262295082,0.0,0.0,0.0,0.0,0.0
0.0,0.0,0.0,1.0,0.0,0.0,0.0,0.0,0.0,0.0,0.0
0.0,0.0,0.0,1.0,0.0,0.0,0.0,0.0,0.0,0.0,0.0
0.0,0.0,0.0,1.0,0.0,0.0,0.0,0.0,0.0,0.0,0.0
0.0,0.0,0.0,1.0,0.0,0.0,0.0,0.0,0.0,0.0,0.0
0.0,0.0,0.0,1.0,0.0,0.0,0.0,0.0,0.0,0.0,0.0
0.0,0.0,0.0,1.0,0.0,0.0,0.0,0.0,0.0,0.0,0.0
0.0,0.0,0.0,1.0,0.0,0.0,0.0,0.0,0.0,0.0,0.0
0.0,0.0,0.0,1.0,0.0,0.0,0.0,0.0,0.0,0.0,0.0
0.041666666666666664,0.0625,0.020833333333333332,0.0,0.08333333333333333,0.7083333333333334,0.0,0.041666666666666664,0.0,0.0,0.041666666666666664
0.0,0.0,0.0,0.0,1.0,0.0,0.0,0.0,0.0,0.0,0.0
0.0,0.0,0.0,0.0,0.0,0.6666666666666666,0.3333333333333333,0.0,0.0,0.0,0.0
0.0,0.0,0.02631578947368421,0.02631578947368421,0.868421052631579,0.02631578947368421,0.0,0.0,0.0,0.0,0.05263157894736842
0.0,0.0,0.0,0.0,1.0,0.0,0.0,0.0,0.0,0.0,0.0
0.02247191011235955,0.011235955056179775,0.011235955056179775,0.8089887640449438,0.056179775280898875,0.011235955056179775,0.011235955056179775,0.0,0.0,0.0,0.06741573033707865
0.0,0.0,0.0,0.0,1.0,0.0,0.0,0.0,0.0,0.0,0.0
0.0,0.0,0.0,0.0,1.0,0.0,0.0,0.0,0.0,0.0,0.0
0.0,0.0,0.0,0.0,1.0,0.0,0.0,0.0,0.0,0.0,0.0
0.0,0.06521739130434782,0.09782608695652174,0.07608695652173914,0.10869565217391304,0.2717391304347826,0.05434782608695652,0.0,0.0,0.0,0.32608695652173914
0.041666666666666664,0.0625,0.020833333333333332,0.0,0.08333333333333333,0.7083333333333334,0.0,0.041666666666666664,0.0,0.0,0.041666666666666664
0.0,0.0,0.0,0.0,1.0,0.0,0.0,0.0,0.0,0.0,0.0
0.0,0.0,0.0,0.0,1.0,0.0,0.0,0.0,0.0,0.0,0.0
0.0,0.0,0.0,0.0,1.0,0.0,0.0,0.0,0.0,0.0,0.0
0.0,0.0,0.0,0.0,1.0,0.0,0.0,0.0,0.0,0.0,0.0
0.0,0.0,0.0,0.0,1.0,0.0,0.0,0.0,0.0,0.0,0.0
0.0,0.18518518518518517,0.2222222222222222,0.0,0.18518518518518517,0.2222222222222222,0.0,0.0,0.0,0.0,0.18518518518518517
0.0,0.0,0.0,0.0,1.0,0.0,0.0,0.0,0.0,0.0,0.0
0.014925373134328358,0.208955223880597,0.05970149253731343,0.0,0.04477611940298507,0.31343283582089554,0.0,0.0,0.0,0.0,0.3582089552238806
0.0,0.0,0.0,0.0,1.0,0.0,0.0,0.0,0.0,0.0,0.0
0.0,0.06521739130434782,0.09782608695652174,0.07608695652173914,0.10869565217391304,0.2717391304347826,0.05434782608695652,0.0,0.0,0.0,0.32608695652173914
0.0,0.0,0.0,0.0,1.0,0.0,0.0,0.0,0.0,0.0,0.0
0.0,0.0,0.0,0.0,1.0,0.0,0.0,0.0,0.0,0.0,0.0
0.06666666666666667,0.06666666666666667,0.06666666666666667,0.13333333333333333,0.06666666666666667,0.4,0.06666666666666667,0.0,0.0,0.0,0.13333333333333333
0.0,0.0,0.0,0.0,1.0,0.0,0.0,0.0,0.0,0.0,0.0
0.02247191011235955,0.0898876404494382,0.11235955056179775,0.15730337078651685,0.056179775280898875,0.5168539325842697,0.0,0.0,0.0,0.0,0.0449438202247191
0.0,0.0,0.0,0.0,1.0,0.0,0.0,0.0,0.0,0.0,0.0
0.0,0.0,0.0,0.0,1.0,0.0,0.0,0.0,0.0,0.0,0.0
0.0,0.0,0.0,0.0,1.0,0.0,0.0,0.0,0.0,0.0,0.0
0.0,0.0,0.0,0.0,1.0,0.0,0.0,0.0,0.0,0.0,0.0
0.0,0.0,0.0,0.0,1.0,0.0,0.0,0.0,0.0,0.0,0.0
0.0,0.0,0.0,0.0,1.0,0.0,0.0,0.0,0.0,0.0,0.0
0.0,0.0,0.0,0.0,1.0,0.0,0.0,0.0,0.0,0.0,0.0
0.0,0.0,0.0,0.0,1.0,0.0,0.0,0.0,0.0,0.0,0.0
0.0,0.0,0.0,0.0,1.0,0.0,0.0,0.0,0.0,0.0,0.0
0.0,0.0,0.0,0.0,1.0,0.0,0.0,0.0,0.0,0.0,0.0
0.0,0.0,0.0,0.0,1.0,0.0,0.0,0.0,0.0,0.0,0.0
0.012195121951219513,0.06097560975609756,0.18292682926829268,0.0,0.14634146341463414,0.5121951219512195,0.012195121951219513,0.0,0.0,0.036585365853658534,0.036585365853658534
0.0,0.0,0.0,0.0,1.0,0.0,0.0,0.0,0.0,0.0,0.0
0.014925373134328358,0.208955223880597,0.05970149253731343,0.0,0.04477611940298507,0.31343283582089554,0.0,0.0,0.0,0.0,0.3582089552238806
0.0,0.18518518518518517,0.2222222222222222,0.0,0.18518518518518517,0.2222222222222222,0.0,0.0,0.0,0.0,0.18518518518518517
0.0,0.0,0.0,0.0,1.0,0.0,0.0,0.0,0.0,0.0,0.0
0.0,0.0,0.0,0.0,1.0,0.0,0.0,0.0,0.0,0.0,0.0
0.0,0.0,0.0,0.0,1.0,0.0,0.0,0.0,0.0,0.0,0.0
0.0,0.0,0.02631578947368421,0.02631578947368421,0.868421052631579,0.02631578947368421,0.0,0.0,0.0,0.0,0.05263157894736842
0.03333333333333333,0.05555555555555555,0.13333333333333333,0.0,0.044444444444444446,0.4111111111111111,0.022222222222222223,0.0,0.0,0.0,0.3
0.0,0.0,0.0,0.0,1.0,0.0,0.0,0.0,0.0,0.0,0.0
0.014925373134328358,0.208955223880597,0.05970149253731343,0.0,0.04477611940298507,0.31343283582089554,0.0,0.0,0.0,0.0,0.3582089552238806
0.025974025974025976,0.03896103896103896,0.16883116883116883,0.12987012987012986,0.06493506493506493,0.1038961038961039,0.0,0.0,0.09090909090909091,0.03896103896103896,0.33766233766233766
0.0,0.0,0.0,0.0,1.0,0.0,0.0,0.0,0.0,0.0,0.0
0.0,0.0,0.0,0.0,1.0,0.0,0.0,0.0,0.0,0.0,0.0
0.0,0.0,0.0,0.0,1.0,0.0,0.0,0.0,0.0,0.0,0.0
0.025974025974025976,0.03896103896103896,0.16883116883116883,0.12987012987012986,0.06493506493506493,0.1038961038961039,0.0,0.0,0.09090909090909091,0.03896103896103896,0.33766233766233766
0.0,0.0,0.0,0.0,1.0,0.0,0.0,0.0,0.0,0.0,0.0
0.0,0.18840579710144928,0.014492753623188406,0.014492753623188406,0.057971014492753624,0.21739130434782608,0.0,0.0,0.028985507246376812,0.2028985507246377,0.2753623188405797
0.0,0.0,0.0,0.0,1.0,0.0,0.0,0.0,0.0,0.0,0.0
0.012195121951219513,0.06097560975609756,0.18292682926829268,0.0,0.14634146341463414,0.5121951219512195,0.012195121951219513,0.0,0.0,0.036585365853658534,0.036585365853658534
0.0,0.0,0.0,0.0,1.0,0.0,0.0,0.0,0.0,0.0,0.0
0.0,0.0,0.02631578947368421,0.02631578947368421,0.868421052631579,0.02631578947368421,0.0,0.0,0.0,0.0,0.05263157894736842
0.016666666666666666,0.31666666666666665,0.15,0.03333333333333333,0.08333333333333333,0.35,0.03333333333333333,0.0,0.0,0.0,0.016666666666666666
0.0,0.0,0.0,0.0,1.0,0.0,0.0,0.0,0.0,0.0,0.0
0.0,0.0,0.0,0.0,1.0,0.0,0.0,0.0,0.0,0.0,0.0
0.0,0.0,0.0,0.0,1.0,0.0,0.0,0.0,0.0,0.0,0.0
0.0,0.0,0.0,0.0,1.0,0.0,0.0,0.0,0.0,0.0,0.0
0.0,0.0,0.0,0.0,1.0,0.0,0.0,0.0,0.0,0.0,0.0
0.0,0.0,0.0,0.0,1.0,0.0,0.0,0.0,0.0,0.0,0.0
0.0,0.0,0.0,0.0,1.0,0.0,0.0,0.0,0.0,0.0,0.0
0.0,0.0,0.0,0.0,1.0,0.0,0.0,0.0,0.0,0.0,0.0
0.0,0.0,0.0,0.0,1.0,0.0,0.0,0.0,0.0,0.0,0.0
0.0,0.0,0.0,0.0,1.0,0.0,0.0,0.0,0.0,0.0,0.0
0.0,0.0,0.0,0.0,1.0,0.0,0.0,0.0,0.0,0.0,0.0
0.0,0.0,0.0,0.0,1.0,0.0,0.0,0.0,0.0,0.0,0.0
0.0,0.0,0.0,0.0,1.0,0.0,0.0,0.0,0.0,0.0,0.0
0.012195121951219513,0.06097560975609756,0.18292682926829268,0.0,0.14634146341463414,0.5121951219512195,0.012195121951219513,0.0,0.0,0.036585365853658534,0.036585365853658534
0.041666666666666664,0.041666666666666664,0.4583333333333333,0.2916666666666667,0.041666666666666664,0.08333333333333333,0.0,0.0,0.0,0.0,0.041666666666666664
0.0,0.18518518518518517,0.2222222222222222,0.0,0.18518518518518517,0.2222222222222222,0.0,0.0,0.0,0.0,0.18518518518518517
0.0,0.0,0.0,0.0,1.0,0.0,0.0,0.0,0.0,0.0,0.0
0.0,0.0,0.0,0.0,1.0,0.0,0.0,0.0,0.0,0.0,0.0
0.0,0.0,0.0,0.0,1.0,0.0,0.0,0.0,0.0,0.0,0.0
0.0,0.0,0.0,0.0,1.0,0.0,0.0,0.0,0.0,0.0,0.0
0.025974025974025976,0.03896103896103896,0.16883116883116883,0.12987012987012986,0.06493506493506493,0.1038961038961039,0.0,0.0,0.09090909090909091,0.03896103896103896,0.33766233766233766
0.0,0.0,0.02631578947368421,0.02631578947368421,0.868421052631579,0.02631578947368421,0.0,0.0,0.0,0.0,0.05263157894736842
0.0,0.0,0.0,0.0,1.0,0.0,0.0,0.0,0.0,0.0,0.0
0.0,0.0,0.0,0.0,1.0,0.0,0.0,0.0,0.0,0.0,0.0
0.0,0.0,0.0,0.0,1.0,0.0,0.0,0.0,0.0,0.0,0.0
0.0,0.0,0.0,0.0,0.0,0.6666666666666666,0.3333333333333333,0.0,0.0,0.0,0.0
0.0,0.0,0.02631578947368421,0.02631578947368421,0.868421052631579,0.02631578947368421,0.0,0.0,0.0,0.0,0.05263157894736842
0.0,0.0,0.0,0.0,1.0,0.0,0.0,0.0,0.0,0.0,0.0
0.0,0.0,0.0,0.0,1.0,0.0,0.0,0.0,0.0,0.0,0.0
0.0,0.0,0.0,0.0,1.0,0.0,0.0,0.0,0.0,0.0,0.0
0.0,0.0,0.0,0.0,1.0,0.0,0.0,0.0,0.0,0.0,0.0
0.0,0.0,0.0,0.0,0.0,1.0,0.0,0.0,0.0,0.0,0.0
0.0,0.0,0.0,0.0,1.0,0.0,0.0,0.0,0.0,0.0,0.0
0.0,0.0,0.0,0.0,1.0,0.0,0.0,0.0,0.0,0.0,0.0
0.0,0.0,0.02631578947368421,0.02631578947368421,0.868421052631579,0.02631578947368421,0.0,0.0,0.0,0.0,0.05263157894736842
0.0,0.14285714285714285,0.0,0.7142857142857143,0.0,0.14285714285714285,0.0,0.0,0.0,0.0,0.0
0.0,0.6914893617021277,0.10638297872340426,0.0,0.010638297872340425,0.13829787234042554,0.031914893617021274,0.0,0.0,0.0,0.02127659574468085
0.0,0.1111111111111111,0.7777777777777778,0.0,0.1111111111111111,0.0,0.0,0.0,0.0,0.0,0.0
0.0,0.0,0.0,1.0,0.0,0.0,0.0,0.0,0.0,0.0,0.0
0.0,0.0,0.0,0.0,0.0,1.0,0.0,0.0,0.0,0.0,0.0
0.0,0.0,0.0,0.0,0.0,1.0,0.0,0.0,0.0,0.0,0.0
0.025974025974025976,0.03896103896103896,0.16883116883116883,0.12987012987012986,0.06493506493506493,0.1038961038961039,0.0,0.0,0.09090909090909091,0.03896103896103896,0.33766233766233766
0.0,0.6914893617021277,0.10638297872340426,0.0,0.010638297872340425,0.13829787234042554,0.031914893617021274,0.0,0.0,0.0,0.02127659574468085
0.0,0.0,0.0,0.0,0.0,1.0,0.0,0.0,0.0,0.0,0.0
0.0,0.05263157894736842,0.15789473684210525,0.05263157894736842,0.5789473684210527,0.15789473684210525,0.0,0.0,0.0,0.0,0.0
0.0,0.0,0.02631578947368421,0.02631578947368421,0.868421052631579,0.02631578947368421,0.0,0.0,0.0,0.0,0.05263157894736842
0.0,0.09090909090909091,0.0,0.0,0.022727272727272728,0.045454545454545456,0.0,0.0,0.20454545454545456,0.6363636363636364,0.0
0.0,0.0,0.0,0.0,0.0,1.0,0.0,0.0,0.0,0.0,0.0
0.0,0.0,0.0,0.0,0.0,0.0,1.0,0.0,0.0,0.0,0.0
0.0,0.0,0.0,0.0,0.0,0.0,0.0,0.0,0.0,0.0,1.0
0.015151515151515152,0.030303030303030304,0.045454545454545456,0.015151515151515152,0.06060606060606061,0.15151515151515152,0.19696969696969696,0.0,0.0,0.0,0.48484848484848486
0.0,0.0,0.0,0.0,0.0,0.0,1.0,0.0,0.0,0.0,0.0
0.0,0.8850574712643678,0.034482758620689655,0.0,0.034482758620689655,0.022988505747126436,0.0,0.0,0.0,0.011494252873563218,0.011494252873563218
0.0,0.8352941176470589,0.023529411764705882,0.011764705882352941,0.011764705882352941,0.08235294117647059,0.011764705882352941,0.0,0.011764705882352941,0.011764705882352941,0.0
1.0,0.0,0.0,0.0,0.0,0.0,0.0,0.0,0.0,0.0,0.0
0.0,0.0,0.0,0.0,0.09523809523809523,0.8095238095238095,0.0,0.0,0.0,0.0,0.09523809523809523
0.045454545454545456,0.022727272727272728,0.0,0.03409090909090909,0.03409090909090909,0.8181818181818182,0.011363636363636364,0.011363636363636364,0.0,0.0,0.022727272727272728
0.0,0.0,0.0,0.0,0.09523809523809523,0.8095238095238095,0.0,0.0,0.0,0.0,0.09523809523809523
0.0,0.3170731707317073,0.25609756097560976,0.0,0.012195121951219513,0.12195121951219512,0.04878048780487805,0.0,0.0,0.0,0.24390243902439024
0.0,0.0,0.0,0.0,0.0,1.0,0.0,0.0,0.0,0.0,0.0
0.045454545454545456,0.022727272727272728,0.0,0.03409090909090909,0.03409090909090909,0.8181818181818182,0.011363636363636364,0.011363636363636364,0.0,0.0,0.022727272727272728
0.0,0.0,0.5,0.0,0.0,0.0,0.0,0.0,0.0,0.0,0.5
0.0,0.0,0.0,0.0,0.09523809523809523,0.8095238095238095,0.0,0.0,0.0,0.0,0.09523809523809523
0.045454545454545456,0.022727272727272728,0.0,0.03409090909090909,0.03409090909090909,0.8181818181818182,0.011363636363636364,0.011363636363636364,0.0,0.0,0.022727272727272728
1.0,0.0,0.0,0.0,0.0,0.0,0.0,0.0,0.0,0.0,0.0
0.025974025974025976,0.03896103896103896,0.16883116883116883,0.12987012987012986,0.06493506493506493,0.1038961038961039,0.0,0.0,0.09090909090909091,0.03896103896103896,0.33766233766233766
0.0,0.0,0.0,0.0,0.2571428571428571,0.0,0.0,0.0,0.0,0.02857142857142857,0.7142857142857143
0.0,0.05263157894736842,0.15789473684210525,0.05263157894736842,0.5789473684210527,0.15789473684210525,0.0,0.0,0.0,0.0,0.0
0.0,0.0,0.0,0.0,0.09523809523809523,0.8095238095238095,0.0,0.0,0.0,0.0,0.09523809523809523
0.0,0.8352941176470589,0.023529411764705882,0.011764705882352941,0.011764705882352941,0.08235294117647059,0.011764705882352941,0.0,0.011764705882352941,0.011764705882352941,0.0
0.0,0.7121212121212122,0.16666666666666666,0.015151515151515152,0.045454545454545456,0.045454545454545456,0.0,0.0,0.0,0.0,0.015151515151515152
0.0,0.35,0.5,0.0,0.016666666666666666,0.1,0.016666666666666666,0.0,0.0,0.0,0.016666666666666666
0.0,0.14285714285714285,0.0,0.7142857142857143,0.0,0.14285714285714285,0.0,0.0,0.0,0.0,0.0
0.0,0.9620253164556962,0.0379746835443038,0.0,0.0,0.0,0.0,0.0,0.0,0.0,0.0
0.0,0.0,0.0,0.0,0.0,0.0,1.0,0.0,0.0,0.0,0.0
0.0,0.0,0.25,0.75,0.0,0.0,0.0,0.0,0.0,0.0,0.0
0.0,0.0,0.0,0.0,0.0,0.0,1.0,0.0,0.0,0.0,0.0
0.0,0.0,0.029411764705882353,0.0,0.0,0.014705882352941176,0.9558823529411765,0.0,0.0,0.0,0.0
0.0,0.0,0.0,0.0,0.0,0.0,1.0,0.0,0.0,0.0,0.0
0.0,0.0,0.0,0.0,0.0,0.0,1.0,0.0,0.0,0.0,0.0
0.012658227848101266,0.22784810126582278,0.379746835443038,0.12658227848101267,0.0379746835443038,0.05063291139240506,0.06329113924050633,0.0,0.0,0.0,0.10126582278481013
0.0,0.0,0.029411764705882353,0.0,0.0,0.014705882352941176,0.9558823529411765,0.0,0.0,0.0,0.0
0.0,0.18518518518518517,0.2222222222222222,0.0,0.18518518518518517,0.2222222222222222,0.0,0.0,0.0,0.0,0.18518518518518517
0.0,0.0,0.0,0.0,0.0,0.0,1.0,0.0,0.0,0.0,0.0
0.0,0.0,0.0,0.0,0.0,0.0,1.0,0.0,0.0,0.0,0.0
0.0,0.0,0.0,0.0,0.0,0.0,1.0,0.0,0.0,0.0,0.0
0.0,0.0,0.0,0.0,0.0,0.0,1.0,0.0,0.0,0.0,0.0
0.038461538461538464,0.038461538461538464,0.038461538461538464,0.0,0.0,0.0,0.8846153846153846,0.0,0.0,0.0,0.0
0.0,0.0,0.0,0.0,0.0,0.0,1.0,0.0,0.0,0.0,0.0
0.0,0.0,0.0,0.0,0.0,0.0,1.0,0.0,0.0,0.0,0.0
0.0,0.18840579710144928,0.014492753623188406,0.014492753623188406,0.057971014492753624,0.21739130434782608,0.0,0.0,0.028985507246376812,0.2028985507246377,0.2753623188405797
0.0,0.0,0.0,0.0,0.0,0.0,1.0,0.0,0.0,0.0,0.0
0.038461538461538464,0.038461538461538464,0.038461538461538464,0.0,0.0,0.0,0.8846153846153846,0.0,0.0,0.0,0.0
0.0,0.0,0.029411764705882353,0.0,0.0,0.014705882352941176,0.9558823529411765,0.0,0.0,0.0,0.0
0.0,0.0,0.0,0.0,0.0,0.0,1.0,0.0,0.0,0.0,0.0
0.0,0.0,0.0,0.0,0.0,0.0,1.0,0.0,0.0,0.0,0.0
0.03333333333333333,0.05555555555555555,0.13333333333333333,0.0,0.044444444444444446,0.4111111111111111,0.022222222222222223,0.0,0.0,0.0,0.3
0.05813953488372093,0.03488372093023256,0.05813953488372093,0.011627906976744186,0.16279069767441862,0.3372093023255814,0.1511627906976744,0.0,0.0,0.0,0.18604651162790697
0.0,0.0,0.0,0.0,0.0,0.0,1.0,0.0,0.0,0.0,0.0
0.0,0.0,0.0,0.0,0.0,0.0,1.0,0.0,0.0,0.0,0.0
0.0,0.0,0.0,0.0,0.0,0.0,1.0,0.0,0.0,0.0,0.0
0.0,0.0,0.0,0.0,0.0,0.0,1.0,0.0,0.0,0.0,0.0
0.0,0.0,0.0,0.0,0.0,0.0,1.0,0.0,0.0,0.0,0.0
0.0,0.0,0.0,0.0,0.0,0.0,1.0,0.0,0.0,0.0,0.0
0.038461538461538464,0.038461538461538464,0.038461538461538464,0.0,0.0,0.0,0.8846153846153846,0.0,0.0,0.0,0.0
0.0,0.0,0.0,0.0,0.0,0.0,1.0,0.0,0.0,0.0,0.0
0.0,0.0,0.0,0.0,0.0,0.0,1.0,0.0,0.0,0.0,0.0
0.0,0.0,0.0,0.0,0.0,0.0,1.0,0.0,0.0,0.0,0.0
0.0,0.0,0.0,0.0,0.0,0.0,1.0,0.0,0.0,0.0,0.0
0.015151515151515152,0.030303030303030304,0.045454545454545456,0.015151515151515152,0.06060606060606061,0.15151515151515152,0.19696969696969696,0.0,0.0,0.0,0.48484848484848486
0.0,0.06521739130434782,0.09782608695652174,0.07608695652173914,0.10869565217391304,0.2717391304347826,0.05434782608695652,0.0,0.0,0.0,0.32608695652173914
0.0,0.0,0.0,0.0,0.0,0.0,1.0,0.0,0.0,0.0,0.0
0.0,0.0,0.0,0.0,0.0,0.0,1.0,0.0,0.0,0.0,0.0
0.0,0.0,0.0,0.0,0.0,0.0,1.0,0.0,0.0,0.0,0.0
0.0,0.0,0.0,0.0,0.0,0.0,1.0,0.0,0.0,0.0,0.0
0.038461538461538464,0.038461538461538464,0.038461538461538464,0.0,0.0,0.0,0.8846153846153846,0.0,0.0,0.0,0.0
0.0,0.0,0.029411764705882353,0.0,0.0,0.014705882352941176,0.9558823529411765,0.0,0.0,0.0,0.0
0.0,0.0,0.0,0.0,0.0,0.0,1.0,0.0,0.0,0.0,0.0
0.0,0.0,0.0,0.0,0.0,0.0,1.0,0.0,0.0,0.0,0.0
0.0,0.0,0.0,0.0,0.0,0.0,1.0,0.0,0.0,0.0,0.0
0.0,0.0,0.029411764705882353,0.0,0.0,0.014705882352941176,0.9558823529411765,0.0,0.0,0.0,0.0
0.0,0.0,0.0,0.0,0.0,0.0,1.0,0.0,0.0,0.0,0.0
0.0,0.0,0.0,0.0,0.0,0.0,1.0,0.0,0.0,0.0,0.0
0.0,0.0,0.0,0.0,0.0,0.0,1.0,0.0,0.0,0.0,0.0
0.0,0.0,0.0,0.0,0.0,0.0,1.0,0.0,0.0,0.0,0.0
0.0,0.0,0.0,0.0,0.0,0.0,1.0,0.0,0.0,0.0,0.0
0.0,0.0,0.0,0.0,0.0,0.0,1.0,0.0,0.0,0.0,0.0
0.0,0.0,0.029411764705882353,0.0,0.0,0.014705882352941176,0.9558823529411765,0.0,0.0,0.0,0.0
0.0,0.0,0.0,0.0,0.0,0.0,1.0,0.0,0.0,0.0,0.0
0.0,0.0,0.0,0.0,0.0,0.0,1.0,0.0,0.0,0.0,0.0
0.0,0.0,0.029411764705882353,0.0,0.0,0.014705882352941176,0.9558823529411765,0.0,0.0,0.0,0.0
0.0,0.0,0.0,0.0,0.0,0.0,1.0,0.0,0.0,0.0,0.0
0.0,0.0,0.029411764705882353,0.0,0.0,0.014705882352941176,0.9558823529411765,0.0,0.0,0.0,0.0
0.0,0.0,0.0,0.0,0.0,0.0,1.0,0.0,0.0,0.0,0.0
0.0,0.0,0.0,0.0,0.0,0.0,1.0,0.0,0.0,0.0,0.0
0.0,0.18840579710144928,0.014492753623188406,0.014492753623188406,0.057971014492753624,0.21739130434782608,0.0,0.0,0.028985507246376812,0.2028985507246377,0.2753623188405797
0.06666666666666667,0.06666666666666667,0.06666666666666667,0.13333333333333333,0.06666666666666667,0.4,0.06666666666666667,0.0,0.0,0.0,0.13333333333333333
0.0,0.0,0.0,0.0,0.0,0.0,1.0,0.0,0.0,0.0,0.0
0.0,0.0,0.0,0.0,0.0,0.0,1.0,0.0,0.0,0.0,0.0
0.0,0.0,0.0,0.0,0.0,0.0,1.0,0.0,0.0,0.0,0.0
0.0,0.0,0.0,0.0,0.0,0.0,1.0,0.0,0.0,0.0,0.0
0.0,0.0,0.0,0.0,0.0,0.0,1.0,0.0,0.0,0.0,0.0
0.0,0.0,0.0,0.0,0.0,0.0,1.0,0.0,0.0,0.0,0.0
0.0,0.0,0.0,0.0,0.0,0.0,1.0,0.0,0.0,0.0,0.0
0.012658227848101266,0.22784810126582278,0.379746835443038,0.12658227848101267,0.0379746835443038,0.05063291139240506,0.06329113924050633,0.0,0.0,0.0,0.10126582278481013
0.0,0.0,0.029411764705882353,0.0,0.0,0.014705882352941176,0.9558823529411765,0.0,0.0,0.0,0.0
0.0,0.0,0.0,0.0,0.0,0.0,1.0,0.0,0.0,0.0,0.0
0.0,0.0,0.029411764705882353,0.0,0.0,0.014705882352941176,0.9558823529411765,0.0,0.0,0.0,0.0
0.0,0.0,0.0,0.0,0.0,0.0,1.0,0.0,0.0,0.0,0.0
0.0,0.0,0.0,0.0,0.0,0.0,1.0,0.0,0.0,0.0,0.0
0.0,0.0,0.0,0.0,0.0,0.0,1.0,0.0,0.0,0.0,0.0
0.0,0.0,0.0,0.0,0.0,0.0,1.0,0.0,0.0,0.0,0.0
0.0,0.0,0.0,0.0,0.0,0.0,0.0,0.0,0.875,0.125,0.0
0.0,0.0,0.0,0.0,0.0,0.0,1.0,0.0,0.0,0.0,0.0
0.0,0.0,0.0,0.0,0.0,0.0,1.0,0.0,0.0,0.0,0.0
0.0,0.0,0.0,0.0,0.0,0.0,1.0,0.0,0.0,0.0,0.0
0.0,0.6190476190476191,0.2857142857142857,0.023809523809523808,0.0,0.023809523809523808,0.023809523809523808,0.0,0.0,0.0,0.023809523809523808
0.0,0.0,0.0,0.0,0.0,0.0,1.0,0.0,0.0,0.0,0.0
0.0,0.0,0.0,0.0,0.0,0.0,1.0,0.0,0.0,0.0,0.0
0.0,0.0,0.0,0.0,0.0,0.0,1.0,0.0,0.0,0.0,0.0
0.0,0.0,0.029411764705882353,0.0,0.0,0.014705882352941176,0.9558823529411765,0.0,0.0,0.0,0.0
0.0,0.0,0.0,0.0,0.0,0.0,1.0,0.0,0.0,0.0,0.0
0.0,0.0,0.0,0.0,0.0,0.0,1.0,0.0,0.0,0.0,0.0
0.0,0.0,0.0,0.0,0.0,0.0,1.0,0.0,0.0,0.0,0.0
0.0,0.0,0.0,0.0,0.0,0.0,1.0,0.0,0.0,0.0,0.0
0.0,0.0,0.0,0.0,0.0,0.0,1.0,0.0,0.0,0.0,0.0
0.0,0.0,0.0,0.0,0.0,0.0,1.0,0.0,0.0,0.0,0.0
0.0,0.0,0.0,0.0,0.0,0.0,1.0,0.0,0.0,0.0,0.0
0.0,0.0,0.0,0.0,0.0,0.0,1.0,0.0,0.0,0.0,0.0
0.0,0.0,0.0,0.0,0.0,0.0,1.0,0.0,0.0,0.0,0.0
0.0,0.0,0.0,0.0,0.0,0.0,0.0,1.0,0.0,0.0,0.0
0.0,0.0,0.0,0.0,0.0,0.0,0.0,1.0,0.0,0.0,0.0
0.0,0.0,0.0,0.0,0.0,0.0,0.0,1.0,0.0,0.0,0.0
0.0,0.0,0.0,0.0,0.0,0.0,0.0,1.0,0.0,0.0,0.0
0.0,0.0,0.0,0.0,0.0,0.0,0.0,1.0,0.0,0.0,0.0
0.0,0.0,0.0,0.0,0.0,0.0,0.0,1.0,0.0,0.0,0.0
0.0,0.0,0.0,0.0,0.0,0.0,0.0,1.0,0.0,0.0,0.0
0.0,0.0,0.0,0.0,0.0,0.0,0.0,1.0,0.0,0.0,0.0
0.0,0.0,0.0,0.0,0.0,0.0,0.0,1.0,0.0,0.0,0.0
0.0,0.0,0.0,0.0,0.0,0.0,0.0,1.0,0.0,0.0,0.0
0.0,0.0,0.0,0.0,0.0,0.0,0.0,1.0,0.0,0.0,0.0
0.0,0.0,0.0,0.0,0.0,0.0,0.0,1.0,0.0,0.0,0.0
0.0,0.0,0.0,0.0,0.0,0.0,0.0,1.0,0.0,0.0,0.0
0.0,0.0,0.0,0.0,0.0,0.0,0.0,1.0,0.0,0.0,0.0
0.0,0.0,0.0,0.0,0.0,0.0,0.0,1.0,0.0,0.0,0.0
0.0,0.0,0.0,0.0,0.0,0.0,0.0,1.0,0.0,0.0,0.0
0.041666666666666664,0.0625,0.020833333333333332,0.0,0.08333333333333333,0.7083333333333334,0.0,0.041666666666666664,0.0,0.0,0.041666666666666664
0.0,0.0,0.0,0.0,0.0,0.0,0.0,1.0,0.0,0.0,0.0
0.0,0.0,0.0,0.0,0.0,0.0,0.0,1.0,0.0,0.0,0.0
0.0,0.0,0.0,0.0,0.0,0.0,0.0,1.0,0.0,0.0,0.0
0.0,0.0,0.0,0.0,0.0,0.0,0.0,1.0,0.0,0.0,0.0
0.0,0.0,0.0,0.0,0.0,0.0,0.0,1.0,0.0,0.0,0.0
0.0,0.0,0.0,0.0,0.0,0.0,0.0,1.0,0.0,0.0,0.0
0.0,0.0,0.0,0.0,0.0,0.0,0.0,1.0,0.0,0.0,0.0
0.0,0.0,0.0,0.0,0.0,0.0,0.0,1.0,0.0,0.0,0.0
0.0,0.0,0.0,0.0,0.0,0.0,0.0,1.0,0.0,0.0,0.0
0.0,0.0,0.0,0.0,0.0,0.0,0.0,1.0,0.0,0.0,0.0
0.0,0.0,0.0,0.0,0.0,0.0,0.0,1.0,0.0,0.0,0.0
0.0,0.0,0.0,0.0,0.0,0.0,0.0,1.0,0.0,0.0,0.0
0.0,0.0,0.0,0.0,0.0,0.0,0.0,1.0,0.0,0.0,0.0
0.0,0.0,0.0,0.0,0.0,0.0,0.0,1.0,0.0,0.0,0.0
0.0,0.0,0.0,0.0,0.0,0.0,0.0,1.0,0.0,0.0,0.0
0.0,0.0,0.0,0.0,0.0,0.0,0.0,1.0,0.0,0.0,0.0
0.0,0.0,0.0,0.0,0.0,0.0,0.0,1.0,0.0,0.0,0.0
0.0,0.0,0.0,0.0,0.0,0.0,0.0,1.0,0.0,0.0,0.0
0.0,0.0,0.0,0.0,0.0,0.0,0.0,1.0,0.0,0.0,0.0
0.0,0.0,0.0,0.0,0.0,0.0,0.0,1.0,0.0,0.0,0.0
0.0,0.0,0.0,0.0,0.0,0.0,0.0,1.0,0.0,0.0,0.0
0.0,0.0,0.0,0.0,0.0,0.0,0.0,1.0,0.0,0.0,0.0
0.0,0.0,0.0,0.0,0.0,0.0,0.0,1.0,0.0,0.0,0.0
0.0,0.0,0.0,0.0,0.0,0.0,0.0,1.0,0.0,0.0,0.0
0.0,0.0,0.0,0.0,0.0,0.0,0.0,1.0,0.0,0.0,0.0
0.0,0.0,0.0,0.0,0.0,0.0,0.0,1.0,0.0,0.0,0.0
0.0,0.0,0.0,0.0,0.0,0.0,0.0,1.0,0.0,0.0,0.0
0.0,0.0,0.0,0.0,0.0,0.0,0.0,1.0,0.0,0.0,0.0
0.0,0.0,0.0,0.0,0.0,0.0,0.0,1.0,0.0,0.0,0.0
0.0,0.0,0.0,0.0,0.0,0.0,0.0,1.0,0.0,0.0,0.0
0.0,0.0,0.0,0.0,0.0,0.0,0.0,1.0,0.0,0.0,0.0
0.0,0.0,0.0,0.0,0.0,0.0,0.0,1.0,0.0,0.0,0.0
0.0,0.0,0.0,0.0,0.0,0.0,0.0,1.0,0.0,0.0,0.0
0.0,0.0,0.0,0.0,0.0,0.0,0.0,1.0,0.0,0.0,0.0
0.0,0.0,0.0,0.0,0.0,0.0,0.0,1.0,0.0,0.0,0.0
0.0,0.0,0.0,0.0,0.0,0.0,0.0,1.0,0.0,0.0,0.0
0.0,0.0,0.0,0.0,0.0,0.0,0.0,1.0,0.0,0.0,0.0
0.0,0.0,0.0,0.0,0.0,0.0,0.0,1.0,0.0,0.0,0.0
0.0,0.0,0.0,0.0,0.0,0.0,0.0,1.0,0.0,0.0,0.0
0.0,0.0,0.0,0.0,0.0,0.0,0.0,1.0,0.0,0.0,0.0
0.0,0.0,0.0,0.0,0.0,0.0,0.0,1.0,0.0,0.0,0.0
0.0,0.0,0.0,0.0,0.0,0.0,0.0,1.0,0.0,0.0,0.0
0.0,0.0,0.0,0.0,0.0,0.0,0.0,1.0,0.0,0.0,0.0
0.0,0.0,0.0,0.0,0.0,0.0,0.0,1.0,0.0,0.0,0.0
0.0,0.0,0.0,0.0,0.0,0.0,0.0,1.0,0.0,0.0,0.0
0.0,0.0,0.0,0.0,0.0,0.0,0.0,1.0,0.0,0.0,0.0
0.0,0.0,0.0,0.0,0.0,0.0,0.0,1.0,0.0,0.0,0.0
0.0,0.0,0.0,0.0,0.0,0.0,0.0,1.0,0.0,0.0,0.0
0.0,0.0,0.0,0.0,0.0,0.0,0.0,1.0,0.0,0.0,0.0
0.0,0.0,0.0,0.0,0.0,0.0,0.0,1.0,0.0,0.0,0.0
0.0,0.0,0.0,0.0,0.0,0.0,0.0,1.0,0.0,0.0,0.0
0.0,0.0,0.0,0.0,0.0,0.0,0.0,1.0,0.0,0.0,0.0
0.0,0.0,0.0,0.0,0.0,0.0,0.0,1.0,0.0,0.0,0.0
0.0,0.0,0.0,0.0,0.0,0.0,0.0,1.0,0.0,0.0,0.0
0.0,0.0,0.0,0.0,0.0,0.0,0.0,1.0,0.0,0.0,0.0
0.0,0.0,0.0,0.0,0.0,0.0,0.0,1.0,0.0,0.0,0.0
0.0,0.0,0.0,0.0,0.0,0.0,0.0,1.0,0.0,0.0,0.0
0.0,0.0,0.0,0.0,0.0,0.0,0.0,1.0,0.0,0.0,0.0
0.0,0.0,0.0,0.0,0.0,0.0,0.0,1.0,0.0,0.0,0.0
0.0,0.0,0.0,0.0,0.0,0.0,0.0,1.0,0.0,0.0,0.0
0.0,0.0,0.0,0.0,0.0,0.0,0.0,1.0,0.0,0.0,0.0
0.0,0.0,0.0,0.0,0.0,0.0,0.0,1.0,0.0,0.0,0.0
0.0,0.0,0.0,0.0,0.0,0.0,0.0,1.0,0.0,0.0,0.0
0.0,0.0,0.0,0.0,0.0,0.0,0.0,1.0,0.0,0.0,0.0
0.0,0.0,0.0,0.0,0.0,0.0,0.0,1.0,0.0,0.0,0.0
0.0,0.0,0.0,0.0,0.0,0.0,0.0,1.0,0.0,0.0,0.0
0.0,0.0,0.0,0.0,0.0,0.0,0.0,1.0,0.0,0.0,0.0
0.0,0.0,0.0,0.0,0.0,0.0,0.0,1.0,0.0,0.0,0.0
0.0,0.0,0.0,0.0,0.0,0.0,0.0,1.0,0.0,0.0,0.0
0.0,0.0,0.0,0.0,0.0,0.0,0.0,1.0,0.0,0.0,0.0
0.0,0.0,0.0,0.0,0.0,0.0,0.0,1.0,0.0,0.0,0.0
0.0,0.0,0.0,0.0,0.0,0.0,0.0,1.0,0.0,0.0,0.0
0.0,0.0,0.0,0.0,0.0,0.0,0.0,1.0,0.0,0.0,0.0
0.0,0.0,0.0,0.0,0.0,0.0,0.0,1.0,0.0,0.0,0.0
0.0,0.0,0.0,0.0,0.0,0.0,0.0,1.0,0.0,0.0,0.0
0.0,0.0,0.0,0.0,0.0,0.0,0.0,1.0,0.0,0.0,0.0
0.0,0.0,0.0,0.0,0.0,0.0,0.0,1.0,0.0,0.0,0.0
0.0,0.0,0.0,0.0,0.0,0.0,0.0,1.0,0.0,0.0,0.0
0.0,0.0,0.0,0.0,0.0,0.0,0.0,1.0,0.0,0.0,0.0
0.0,0.0,0.0,0.0,0.0,0.0,0.0,1.0,0.0,0.0,0.0
0.0,0.0,0.0,0.0,0.0,0.0,0.0,1.0,0.0,0.0,0.0
0.0,0.0,0.0,0.0,0.0,0.0,0.0,1.0,0.0,0.0,0.0
0.0,0.0,0.0,0.0,0.0,0.0,0.0,1.0,0.0,0.0,0.0
0.0,0.0,0.0,0.0,0.0,0.0,0.0,0.0,1.0,0.0,0.0
0.0,0.0,0.0,0.0,0.0,0.010526315789473684,0.0,0.0,0.021052631578947368,0.968421052631579,0.0
0.0,0.0,0.0,0.0,0.0,0.0,0.0,0.0,1.0,0.0,0.0
0.046511627906976744,0.011627906976744186,0.0,0.0,0.011627906976744186,0.08139534883720931,0.0,0.0,0.8023255813953488,0.046511627906976744,0.0
0.0,0.0,0.0,0.0,0.0,0.0,0.0,0.0,1.0,0.0,0.0
0.0,0.0,0.0,0.0,0.0,0.0,0.0,0.0,0.9166666666666666,0.08333333333333333,0.0
0.0,0.0,0.0,0.0,0.0,0.0,0.0,0.0,1.0,0.0,0.0
0.0,0.0,0.0,0.0,0.0,0.0,0.0,0.0,1.0,0.0,0.0
0.0,0.05813953488372093,0.011627906976744186,0.0,0.0,0.023255813953488372,0.0,0.011627906976744186,0.813953488372093,0.08139534883720931,0.0
0.0,0.0,0.0,0.0,0.0,0.0,0.0,0.0,1.0,0.0,0.0
0.0,0.0,0.0,0.0,0.0,0.0,0.0,0.0,1.0,0.0,0.0
0.0,0.0,0.0,0.0,0.0,0.0,0.0,0.0,1.0,0.0,0.0
0.0,0.0,0.0,0.0,0.0,0.0,0.0,0.0,1.0,0.0,0.0
0.0,0.0,0.0,0.0,0.0,0.0,0.0,0.0,1.0,0.0,0.0
0.0,0.0,0.0,0.0,0.0,0.0,0.0,0.0,1.0,0.0,0.0
0.0,0.0,0.0,0.0,0.0,0.0,0.0,0.0,1.0,0.0,0.0
0.010752688172043012,0.021505376344086023,0.021505376344086023,0.13978494623655913,0.11827956989247312,0.5268817204301075,0.021505376344086023,0.0,0.053763440860215055,0.010752688172043012,0.07526881720430108
0.0,0.0,0.0,0.0,0.0,0.0,0.0,0.0,1.0,0.0,0.0
0.0,0.0,0.0,0.0,0.0,0.0,0.0,0.0,1.0,0.0,0.0
0.0,0.0,0.0,0.0,0.0,0.0,0.0,0.0,1.0,0.0,0.0
0.0,0.0,0.0,0.0,0.0,0.0,0.0,0.0,1.0,0.0,0.0
0.0,0.023809523809523808,0.0,0.0,0.0,0.0,0.0,0.0,0.9285714285714286,0.047619047619047616,0.0
0.0,0.0,0.0,0.0,0.0,0.0,0.0,0.0,1.0,0.0,0.0
0.0,0.0,0.0,0.0,0.0,0.0,0.0,0.0,1.0,0.0,0.0
0.046511627906976744,0.011627906976744186,0.0,0.0,0.011627906976744186,0.08139534883720931,0.0,0.0,0.8023255813953488,0.046511627906976744,0.0
0.0,0.0,0.0,0.0,0.0,0.0,0.0,0.0,1.0,0.0,0.0
0.0,0.023809523809523808,0.0,0.0,0.0,0.0,0.0,0.0,0.9285714285714286,0.047619047619047616,0.0
0.0,0.0,0.0,0.0,0.0,0.0,0.0,0.0,1.0,0.0,0.0
0.0,0.8850574712643678,0.034482758620689655,0.0,0.034482758620689655,0.022988505747126436,0.0,0.0,0.0,0.011494252873563218,0.011494252873563218
0.0,0.0,0.02564102564102564,0.0,0.0,0.0,0.0,0.0,0.0,0.9743589743589743,0.0
0.0,0.0,0.0,0.0,0.0,0.0,0.0,0.0,1.0,0.0,0.0
0.046511627906976744,0.011627906976744186,0.0,0.0,0.011627906976744186,0.08139534883720931,0.0,0.0,0.8023255813953488,0.046511627906976744,0.0
0.0,0.0,0.0,0.0,0.0,0.0,0.0,0.0,1.0,0.0,0.0
0.0,0.0,0.0,0.0,0.0,0.0,0.0,0.0,1.0,0.0,0.0
0.0,0.0,0.0,0.0,0.0,0.0,0.0,0.0,1.0,0.0,0.0
0.0,0.0,0.0,0.0,0.0,0.0,0.0,0.0,1.0,0.0,0.0
0.0,0.05813953488372093,0.011627906976744186,0.0,0.0,0.023255813953488372,0.0,0.011627906976744186,0.813953488372093,0.08139534883720931,0.0
0.0,0.0,0.0,0.0,0.0,0.0,0.0,0.0,1.0,0.0,0.0
0.0,0.0,0.0,0.0,0.0,0.0,0.0,0.0,1.0,0.0,0.0
0.0,0.0,0.0,0.0,0.0,0.0,0.0,0.0,1.0,0.0,0.0
0.0,0.0,0.0,0.0,0.0,0.0,0.0,0.0,1.0,0.0,0.0
0.0,0.0,0.0,0.0,0.0,0.0,0.0,0.0,1.0,0.0,0.0
0.0,0.0,0.0,0.0,0.0,0.0,0.0,0.0,1.0,0.0,0.0
0.0,0.8352941176470589,0.023529411764705882,0.011764705882352941,0.011764705882352941,0.08235294117647059,0.011764705882352941,0.0,0.011764705882352941,0.011764705882352941,0.0
0.0,0.0,0.0,0.0,0.0,0.0,0.0,0.0,1.0,0.0,0.0
0.0,0.0,0.0,0.0,0.0,0.0,0.0,0.0,0.041666666666666664,0.9583333333333334,0.0
0.0,0.0,0.0,0.0,0.0,0.0,0.0,0.0,1.0,0.0,0.0
0.0,0.0,0.0,0.0,0.0,0.0,0.0,0.0,1.0,0.0,0.0
0.0,0.0,0.0,0.0,0.0,0.0,0.0,0.0,1.0,0.0,0.0
0.0,0.0,0.0,0.0,0.0,0.0,0.0,0.0,1.0,0.0,0.0
0.0,0.0,0.0,0.0,0.0,0.0,0.0,0.0,1.0,0.0,0.0
0.0,0.0,0.0,0.0,0.0,0.0,0.0,0.0,1.0,0.0,0.0
0.0,0.0,0.0,0.0,0.0,0.0,0.0,0.0,1.0,0.0,0.0
0.0,0.0,0.0,0.0,0.0,0.0,0.0,0.0,1.0,0.0,0.0
0.0,0.0,0.0,0.0,0.0,0.0,0.0,0.0,1.0,0.0,0.0
0.046511627906976744,0.011627906976744186,0.0,0.0,0.011627906976744186,0.08139534883720931,0.0,0.0,0.8023255813953488,0.046511627906976744,0.0
0.0,0.0,0.0,0.0,0.0,0.0,0.0,0.0,1.0,0.0,0.0
0.0,0.0,0.0,0.0,0.0,0.0,0.0,0.0,1.0,0.0,0.0
0.0,0.0,0.0,0.0,0.0,0.0,0.0,0.0,1.0,0.0,0.0
0.0,0.0,0.0,0.0,0.0,0.0,0.0,0.0,1.0,0.0,0.0
0.0,0.0,0.0,0.0,0.0,0.0,0.0,0.0,1.0,0.0,0.0
0.0,0.0,0.0,0.0,0.0,0.0,0.0,0.0,1.0,0.0,0.0
0.0,0.05813953488372093,0.011627906976744186,0.0,0.0,0.023255813953488372,0.0,0.011627906976744186,0.813953488372093,0.08139534883720931,0.0
0.0,0.017241379310344827,0.0,0.0,0.0,0.0,0.0,0.0,0.0,0.9827586206896551,0.0
0.046511627906976744,0.011627906976744186,0.0,0.0,0.011627906976744186,0.08139534883720931,0.0,0.0,0.8023255813953488,0.046511627906976744,0.0
0.0,0.0,0.0,0.0,0.0,0.0,0.0,0.0,1.0,0.0,0.0
0.046511627906976744,0.011627906976744186,0.0,0.0,0.011627906976744186,0.08139534883720931,0.0,0.0,0.8023255813953488,0.046511627906976744,0.0
0.0,0.0,0.0,0.0,0.0,0.0,0.0,0.0,1.0,0.0,0.0
0.0,0.011235955056179775,0.0,0.0,0.0,0.0,0.0,0.0,0.011235955056179775,0.9775280898876404,0.0
0.046511627906976744,0.011627906976744186,0.0,0.0,0.011627906976744186,0.08139534883720931,0.0,0.0,0.8023255813953488,0.046511627906976744,0.0
0.0,0.0,0.0,0.0,0.0,0.0,0.0,0.0,1.0,0.0,0.0
0.0,0.0,0.0,0.0,0.0,0.0,0.0,0.0,1.0,0.0,0.0
0.0,0.0,0.0,0.0,0.0,0.0,0.0,0.0,1.0,0.0,0.0
0.0,0.0,0.0,0.0,0.0,0.0,0.0,0.0,1.0,0.0,0.0
0.0,0.0,0.0,0.0,0.0,0.0,0.0,0.0,1.0,0.0,0.0
0.0,0.0,0.0,0.0,0.0,0.0,0.0,0.0,1.0,0.0,0.0
0.0,0.0,0.0,0.0,0.0,0.0,0.0,0.0,1.0,0.0,0.0
0.0,0.05813953488372093,0.011627906976744186,0.0,0.0,0.023255813953488372,0.0,0.011627906976744186,0.813953488372093,0.08139534883720931,0.0
0.0,0.0,0.0,0.0,0.0,0.0,0.0,0.0,1.0,0.0,0.0
0.0,0.0,0.0,0.0,0.0,0.0,0.0,0.0,1.0,0.0,0.0
0.0,0.0,0.0,0.0,0.0,0.0,0.0,0.0,1.0,0.0,0.0
0.0,0.0,0.0,0.0,0.0,0.0,0.0,0.0,1.0,0.0,0.0
0.0,0.0,0.0,0.0,0.0,0.0,0.0,0.0,1.0,0.0,0.0
0.0,0.0,0.0,0.0,0.0,0.0,0.0,0.0,1.0,0.0,0.0
0.0,0.0,0.0,0.0,0.0,0.0,0.0,0.0,0.0,1.0,0.0
0.0,0.0,0.0,0.0,0.0,0.0,0.0,0.0,0.041666666666666664,0.9583333333333334,0.0
0.0,0.0,0.0,0.0,0.0,0.0,0.0,0.0,0.0,1.0,0.0
0.025974025974025976,0.03896103896103896,0.16883116883116883,0.12987012987012986,0.06493506493506493,0.1038961038961039,0.0,0.0,0.09090909090909091,0.03896103896103896,0.33766233766233766
0.0,0.16666666666666666,0.0,0.0,0.0,0.0,0.0,0.0,0.0,0.8333333333333334,0.0
0.0,0.0,0.02564102564102564,0.0,0.0,0.0,0.0,0.0,0.0,0.9743589743589743,0.0
0.0,0.125,0.041666666666666664,0.0,0.07291666666666667,0.5833333333333334,0.03125,0.0,0.0,0.03125,0.11458333333333333
0.0,0.017241379310344827,0.0,0.0,0.0,0.0,0.0,0.0,0.0,0.9827586206896551,0.0
0.0,0.05813953488372093,0.011627906976744186,0.0,0.0,0.023255813953488372,0.0,0.011627906976744186,0.813953488372093,0.08139534883720931,0.0
0.0,0.0,0.0,0.0,0.0,0.0,0.0,0.0,0.0,1.0,0.0
0.0,0.0,0.0,0.0,0.0,0.0,0.0,0.0,0.0,1.0,0.0
0.0,0.0,0.0,0.0,0.0,0.0,0.0,0.0,0.0,1.0,0.0
0.0,0.0,0.0,0.0,0.0,0.0,0.0,0.0,0.0,1.0,0.0
0.0,0.017241379310344827,0.0,0.0,0.0,0.0,0.0,0.0,0.0,0.9827586206896551,0.0
0.0,0.0,0.0,0.0,0.0,0.0,0.0,0.0,0.0,1.0,0.0
0.0,0.0,0.0,0.0,0.0,0.0,0.0,0.0,0.0,1.0,0.0
0.0,0.017241379310344827,0.0,0.0,0.0,0.0,0.0,0.0,0.0,0.9827586206896551,0.0
0.0,0.0,0.02564102564102564,0.0,0.0,0.0,0.0,0.0,0.0,0.9743589743589743,0.0
0.0,0.0,0.02564102564102564,0.0,0.0,0.0,0.0,0.0,0.0,0.9743589743589743,0.0
0.0,0.0,0.02564102564102564,0.0,0.0,0.0,0.0,0.0,0.0,0.9743589743589743,0.0
0.0,0.0,0.0,0.0,0.0,0.010526315789473684,0.0,0.0,0.021052631578947368,0.968421052631579,0.0
0.0,0.0,0.0,0.0,0.0,0.0,0.0,0.0,0.0,1.0,0.0
0.0,0.0,0.0,0.0,0.0,0.0,0.0,0.0,0.0,1.0,0.0
0.0,0.0,0.0,0.0,0.0,0.0,0.0,0.0,0.041666666666666664,0.9583333333333334,0.0
0.0,0.0,0.0,0.0,0.0,0.0,0.0,0.0,1.0,0.0,0.0
0.0,0.0,0.0,0.0,0.0,0.0,0.0,0.0,0.041666666666666664,0.9583333333333334,0.0
0.0,0.0,0.0,0.0,0.0,0.010526315789473684,0.0,0.0,0.021052631578947368,0.968421052631579,0.0
0.0,0.0,0.0,0.0,0.0,0.010526315789473684,0.0,0.0,0.021052631578947368,0.968421052631579,0.0
0.0,0.011235955056179775,0.0,0.0,0.0,0.0,0.0,0.0,0.011235955056179775,0.9775280898876404,0.0
0.0,0.0,0.0,0.0,0.0,0.0,0.0,0.0,0.0,1.0,0.0
0.0,0.011235955056179775,0.0,0.0,0.0,0.0,0.0,0.0,0.011235955056179775,0.9775280898876404,0.0
0.0,0.017241379310344827,0.0,0.0,0.0,0.0,0.0,0.0,0.0,0.9827586206896551,0.0
0.0,0.0,0.0,0.0,0.0,0.0,0.0,0.0,0.0,1.0,0.0
0.0,0.02127659574468085,0.02127659574468085,0.0,0.0,0.010638297872340425,0.0,0.0,0.1276595744680851,0.8085106382978723,0.010638297872340425
0.0,0.0,0.0,0.0,0.0,0.0,0.0,0.0,0.0,1.0,0.0
0.0,0.0,0.02564102564102564,0.0,0.0,0.0,0.0,0.0,0.0,0.9743589743589743,0.0
0.0,0.0,0.02564102564102564,0.0,0.0,0.0,0.0,0.0,0.0,0.9743589743589743,0.0
0.0,0.05813953488372093,0.011627906976744186,0.0,0.0,0.023255813953488372,0.0,0.011627906976744186,0.813953488372093,0.08139534883720931,0.0
0.0,0.06451612903225806,0.0,0.0,0.0,0.06451612903225806,0.0,0.0,0.6774193548387096,0.1935483870967742,0.0
0.0,0.02127659574468085,0.02127659574468085,0.0,0.0,0.010638297872340425,0.0,0.0,0.1276595744680851,0.8085106382978723,0.010638297872340425
0.0,0.011235955056179775,0.0,0.0,0.0,0.0,0.0,0.0,0.011235955056179775,0.9775280898876404,0.0
0.0,0.011235955056179775,0.0,0.0,0.0,0.0,0.0,0.0,0.011235955056179775,0.9775280898876404,0.0
0.0,0.05813953488372093,0.011627906976744186,0.0,0.0,0.023255813953488372,0.0,0.011627906976744186,0.813953488372093,0.08139534883720931,0.0
0.0,0.011235955056179775,0.0,0.0,0.0,0.0,0.0,0.0,0.011235955056179775,0.9775280898876404,0.0
0.0,0.02127659574468085,0.02127659574468085,0.0,0.0,0.010638297872340425,0.0,0.0,0.1276595744680851,0.8085106382978723,0.010638297872340425
0.0,0.02127659574468085,0.02127659574468085,0.0,0.0,0.010638297872340425,0.0,0.0,0.1276595744680851,0.8085106382978723,0.010638297872340425
0.0,0.8352941176470589,0.023529411764705882,0.011764705882352941,0.011764705882352941,0.08235294117647059,0.011764705882352941,0.0,0.011764705882352941,0.011764705882352941,0.0
0.0,0.0,0.0,0.0,0.0,0.010526315789473684,0.0,0.0,0.021052631578947368,0.968421052631579,0.0
0.0,0.017241379310344827,0.0,0.0,0.0,0.0,0.0,0.0,0.0,0.9827586206896551,0.0
0.0,0.0,0.0,0.0,0.0,0.010526315789473684,0.0,0.0,0.021052631578947368,0.968421052631579,0.0
0.0,0.017241379310344827,0.0,0.0,0.0,0.0,0.0,0.0,0.0,0.9827586206896551,0.0
0.0,0.0,0.0,0.0,0.0,0.010526315789473684,0.0,0.0,0.021052631578947368,0.968421052631579,0.0
0.0,0.0,0.0,0.0,0.0,0.010526315789473684,0.0,0.0,0.021052631578947368,0.968421052631579,0.0
0.0,0.0,0.0,0.0,0.0,0.0,0.0,0.0,0.0,1.0,0.0
0.0,0.02127659574468085,0.02127659574468085,0.0,0.0,0.010638297872340425,0.0,0.0,0.1276595744680851,0.8085106382978723,0.010638297872340425
0.0,0.02127659574468085,0.02127659574468085,0.0,0.0,0.010638297872340425,0.0,0.0,0.1276595744680851,0.8085106382978723,0.010638297872340425
0.0,0.0,0.0,0.0,0.0,0.0,0.0,0.0,0.0,1.0,0.0
0.0,0.017241379310344827,0.0,0.0,0.0,0.0,0.0,0.0,0.0,0.9827586206896551,0.0
0.0,0.0,0.0,0.0,0.0,0.0,0.0,0.0,0.0,1.0,0.0
0.0,0.011235955056179775,0.0,0.0,0.0,0.0,0.0,0.0,0.011235955056179775,0.9775280898876404,0.0
0.0,0.0,0.02564102564102564,0.0,0.0,0.0,0.0,0.0,0.0,0.9743589743589743,0.0
0.0,0.0,0.0,0.0,0.0,0.0,0.0,0.0,0.041666666666666664,0.9583333333333334,0.0
0.0,0.017241379310344827,0.0,0.0,0.0,0.0,0.0,0.0,0.0,0.9827586206896551,0.0
0.0,0.011235955056179775,0.0,0.0,0.0,0.0,0.0,0.0,0.011235955056179775,0.9775280898876404,0.0
0.0,0.0,0.02564102564102564,0.0,0.0,0.0,0.0,0.0,0.0,0.9743589743589743,0.0
0.0,0.0,0.02564102564102564,0.0,0.0,0.0,0.0,0.0,0.0,0.9743589743589743,0.0
0.1,0.08,0.38,0.06,0.04,0.16,0.0,0.0,0.0,0.18,0.0
0.0,0.02127659574468085,0.02127659574468085,0.0,0.0,0.010638297872340425,0.0,0.0,0.1276595744680851,0.8085106382978723,0.010638297872340425
0.0,0.0,0.0,0.0,0.0,0.010526315789473684,0.0,0.0,0.021052631578947368,0.968421052631579,0.0
0.0,0.0,0.0,0.0,0.0,0.0,0.0,0.0,0.041666666666666664,0.9583333333333334,0.0
0.0,0.0,0.0,0.0,0.0,0.0,0.0,0.0,0.041666666666666664,0.9583333333333334,0.0
0.0,0.0,0.0,0.0,0.0,0.0,0.0,0.0,0.0,1.0,0.0
0.0,0.0,0.02564102564102564,0.0,0.0,0.0,0.0,0.0,0.0,0.9743589743589743,0.0
0.0,0.017241379310344827,0.0,0.0,0.0,0.0,0.0,0.0,0.0,0.9827586206896551,0.0
0.012195121951219513,0.06097560975609756,0.18292682926829268,0.0,0.14634146341463414,0.5121951219512195,0.012195121951219513,0.0,0.0,0.036585365853658534,0.036585365853658534
0.0,0.02127659574468085,0.02127659574468085,0.0,0.0,0.010638297872340425,0.0,0.0,0.1276595744680851,0.8085106382978723,0.010638297872340425
0.0,0.0,0.0,0.0,0.0,0.0,0.0,0.0,0.875,0.125,0.0
0.1,0.08,0.38,0.06,0.04,0.16,0.0,0.0,0.0,0.18,0.0
0.0,0.06451612903225806,0.0,0.0,0.0,0.06451612903225806,0.0,0.0,0.6774193548387096,0.1935483870967742,0.0
0.0,0.7333333333333333,0.2,0.0,0.0,0.06666666666666667,0.0,0.0,0.0,0.0,0.0
0.0,0.0,0.0,0.0,0.0,0.010526315789473684,0.0,0.0,0.021052631578947368,0.968421052631579,0.0
0.0,0.02127659574468085,0.02127659574468085,0.0,0.0,0.010638297872340425,0.0,0.0,0.1276595744680851,0.8085106382978723,0.010638297872340425
0.0,0.017241379310344827,0.0,0.0,0.0,0.0,0.0,0.0,0.0,0.9827586206896551,0.0
0.02247191011235955,0.011235955056179775,0.011235955056179775,0.8089887640449438,0.056179775280898875,0.011235955056179775,0.011235955056179775,0.0,0.0,0.0,0.06741573033707865
0.0,0.15,0.0,0.0,0.0,0.0,0.0,0.0,0.0,0.0,0.85
0.0,0.15,0.0,0.0,0.0,0.0,0.0,0.0,0.0,0.0,0.85
0.0,0.0,0.0,0.0,0.0,0.0,0.0,0.0,0.0,0.0,1.0
0.0,0.0,0.0,0.0,0.0,0.0,0.0,0.0,0.0,0.0,1.0
0.0,0.0,0.0,0.0,0.0,0.0,0.0,0.0,0.0,0.0,1.0
0.0,0.0,0.0,0.0,0.0,0.0,0.0,0.0,0.0,0.0,1.0
0.0,0.125,0.041666666666666664,0.0,0.07291666666666667,0.5833333333333334,0.03125,0.0,0.0,0.03125,0.11458333333333333
0.0,0.0,0.0,0.0,0.09523809523809523,0.8095238095238095,0.0,0.0,0.0,0.0,0.09523809523809523
0.02247191011235955,0.011235955056179775,0.011235955056179775,0.8089887640449438,0.056179775280898875,0.011235955056179775,0.011235955056179775,0.0,0.0,0.0,0.06741573033707865
0.0,0.0,0.0,0.0,0.09523809523809523,0.8095238095238095,0.0,0.0,0.0,0.0,0.09523809523809523
0.06060606060606061,0.2727272727272727,0.30303030303030304,0.06060606060606061,0.030303030303030304,0.18181818181818182,0.0,0.0,0.0,0.0,0.09090909090909091
0.0,0.0,0.0,0.0,0.0,0.0,0.0,0.0,0.0,0.0,1.0
0.0,0.125,0.041666666666666664,0.0,0.07291666666666667,0.5833333333333334,0.03125,0.0,0.0,0.03125,0.11458333333333333
0.0,0.15,0.0,0.0,0.0,0.0,0.0,0.0,0.0,0.0,0.85
0.0,0.0,0.0,0.0,0.0,0.0,0.0,0.0,0.0,0.0,1.0
0.0,0.0,0.0,0.0,0.0,0.0,0.0,0.0,0.0,0.0,1.0
0.0,0.0,0.0,0.0,0.0,0.0,0.0,0.0,0.0,0.0,1.0
0.0,0.125,0.041666666666666664,0.0,0.07291666666666667,0.5833333333333334,0.03125,0.0,0.0,0.03125,0.11458333333333333
0.0,0.0,0.0,0.0,0.0,0.0,0.0,0.0,0.0,0.0,1.0
0.0,0.0,0.0,0.0,0.0,0.0,0.0,0.0,0.0,0.0,1.0
0.0,0.0,0.47058823529411764,0.11764705882352941,0.0,0.11764705882352941,0.0,0.0,0.23529411764705882,0.0,0.058823529411764705
0.0,0.0,0.0,0.0,0.0,0.0,0.0,0.0,0.0,0.0,1.0
0.02247191011235955,0.0898876404494382,0.11235955056179775,0.15730337078651685,0.056179775280898875,0.5168539325842697,0.0,0.0,0.0,0.0,0.0449438202247191
0.0,0.0,0.0,0.0,0.0,0.5,0.0,0.0,0.5,0.0,0.0
0.0,0.013888888888888888,0.0,0.027777777777777776,0.013888888888888888,0.027777777777777776,0.0,0.0,0.3333333333333333,0.5833333333333334,0.0
0.0,0.0,0.0,0.0,0.0,0.0,0.0,0.0,0.0,0.0,1.0
0.0,0.0,0.0,0.0,0.0,0.0,0.0,0.0,0.0,0.0,1.0
0.0,0.0,0.0,0.0,0.0,0.0,0.0,0.0,0.0,0.0,1.0
0.05747126436781609,0.04597701149425287,0.06896551724137931,0.0,0.09195402298850575,0.5057471264367817,0.08045977011494253,0.0,0.0,0.0,0.14942528735632185
0.0,0.05263157894736842,0.15789473684210525,0.05263157894736842,0.5789473684210527,0.15789473684210525,0.0,0.0,0.0,0.0,0.0
0.0,0.0,0.0,0.0,0.0,0.0,0.0,0.0,0.0,0.0,1.0
0.0,0.0,0.0,0.0,0.0,0.0,0.0,0.0,0.0,0.0,1.0
0.0,0.0,0.0,0.0,0.0,0.0,0.0,0.0,0.0,0.0,1.0
0.0,0.06666666666666667,0.0,0.0,0.0,0.06666666666666667,0.0,0.0,0.0,0.0,0.8666666666666667
0.0,0.0,0.0,0.0,0.0,0.0,0.0,0.0,0.0,0.0,1.0
0.010752688172043012,0.021505376344086023,0.021505376344086023,0.13978494623655913,0.11827956989247312,0.5268817204301075,0.021505376344086023,0.0,0.053763440860215055,0.010752688172043012,0.07526881720430108
0.02247191011235955,0.011235955056179775,0.011235955056179775,0.8089887640449438,0.056179775280898875,0.011235955056179775,0.011235955056179775,0.0,0.0,0.0,0.06741573033707865
0.0,0.0,0.0,0.0,0.0,0.0,0.0,0.0,0.0,0.0,1.0
0.0,0.0,0.0,0.0,0.0,0.0,0.0,0.0,0.0,0.0,1.0
0.02247191011235955,0.011235955056179775,0.011235955056179775,0.8089887640449438,0.056179775280898875,0.011235955056179775,0.011235955056179775,0.0,0.0,0.0,0.06741573033707865
0.0,0.0,0.0,0.0,0.0,0.0,0.0,0.0,0.0,0.0,1.0
0.0,0.0,0.0,0.0,0.0,0.0,0.0,0.0,0.0,0.0,1.0
0.0,0.0,0.0,0.0,0.0,0.0,0.0,0.0,0.0,0.0,1.0
0.02247191011235955,0.011235955056179775,0.011235955056179775,0.8089887640449438,0.056179775280898875,0.011235955056179775,0.011235955056179775,0.0,0.0,0.0,0.06741573033707865
0.06666666666666667,0.06666666666666667,0.06666666666666667,0.13333333333333333,0.06666666666666667,0.4,0.06666666666666667,0.0,0.0,0.0,0.13333333333333333
0.0,0.15,0.0,0.0,0.0,0.0,0.0,0.0,0.0,0.0,0.85
0.012658227848101266,0.22784810126582278,0.379746835443038,0.12658227848101267,0.0379746835443038,0.05063291139240506,0.06329113924050633,0.0,0.0,0.0,0.10126582278481013
0.0,0.0,0.0,0.0,0.0,0.0,0.0,0.0,0.0,0.0,1.0
0.0,0.0,0.0,0.0,0.0,0.0,0.0,0.0,0.0,0.0,1.0
0.0,0.15,0.0,0.0,0.0,0.0,0.0,0.0,0.0,0.0,0.85
0.0,0.0,0.0,0.0,0.0,0.0,0.0,0.0,0.0,0.0,1.0
0.0,0.0,0.0,0.0,0.0,0.0,0.0,0.0,0.0,0.0,1.0
0.012658227848101266,0.22784810126582278,0.379746835443038,0.12658227848101267,0.0379746835443038,0.05063291139240506,0.06329113924050633,0.0,0.0,0.0,0.10126582278481013
0.010752688172043012,0.021505376344086023,0.021505376344086023,0.13978494623655913,0.11827956989247312,0.5268817204301075,0.021505376344086023,0.0,0.053763440860215055,0.010752688172043012,0.07526881720430108
0.0,0.0,0.0,0.0,0.0,0.0,0.0,0.0,0.0,0.0,1.0
0.0,0.0,0.0,0.0,0.0,0.0,0.0,0.0,0.0,0.0,1.0
0.0,0.0,0.0,0.0,0.0,0.0,0.0,0.0,0.0,0.0,1.0
0.0,0.0,0.0,0.0,0.0,0.0,0.0,0.0,0.0,0.0,1.0
0.0,0.0,0.0,0.0,0.0,0.0,0.0,0.0,0.0,0.0,1.0
0.0,0.0,0.0,0.0,0.0,0.0,0.0,0.0,0.0,0.0,1.0
0.0,0.0,0.0,0.0,0.0,0.0,0.0,0.0,0.0,0.0,1.0
0.0,0.0,0.0,0.0,0.0,0.0,0.0,0.0,0.0,0.0,1.0
0.0,0.0,0.0,0.0,0.0,0.0,0.0,0.0,0.0,0.0,1.0
0.0,0.0,0.0,0.0,0.0,0.0,0.0,0.0,0.0,0.0,1.0
0.0,0.0,0.0,0.0,0.0,0.0,0.0,0.0,0.0,0.0,1.0
0.0,0.0,0.0,0.0,0.0,0.0,0.0,0.0,0.0,0.0,1.0
0.056818181818181816,0.022727272727272728,0.20454545454545456,0.3068181818181818,0.10227272727272728,0.23863636363636365,0.0,0.0,0.0,0.0,0.06818181818181818
0.0,0.0,0.0,0.0,0.0,0.0,0.0,0.0,0.0,0.0,1.0
0.0,0.0,0.0,0.0,0.0,0.0,0.0,0.0,0.0,0.0,1.0
0.0,0.0,0.0,0.0,0.0,0.0,0.0,0.0,0.0,0.0,1.0
0.0,0.30303030303030304,0.12121212121212122,0.3333333333333333,0.12121212121212122,0.12121212121212122,0.0,0.0,0.0,0.0,0.0
0.0,0.0,0.0,0.0,0.0,0.0,0.0,0.0,0.0,0.0,1.0
0.0,0.0,0.0,0.0,0.0,0.0,0.0,0.0,0.0,0.0,1.0
