0017d2443131a725e23b02adc3bf80bd29c1a97e8b2f5a959a8c875c23f3dffd,Smsagent
0019e92800687c75015dc42a9966fa10e537e3198c93d333739339c9619b7d97,Banload
006072ac2b00606cef173b832a107ba905d89e09d380f6924bbb0be7d26e2916,Shifu
007ae99bb2714f45f30cc205a8e7383bb2c6c54a2d4a0e6824e2a9c299847504,Smsthief
00bbebc0c5b10db424649baf3f712d2913e10de8abbbb108237237d966454b99,Cutwail
00bc20bb59bf8042b26385dc9ac47853d78f6873f0f2d474c8c3021d98fcb0ab,Shifu
019b8c1c42d4ce0e1e951bea7d4d69da58a962dfdcfb80963d9985586b127c07,Injector
020963a04512c1246a3df698c370f126fc115250fd822c0b5b4d723e6f8a75a3,Inject
02197d611d3fbdf339acd474bd0d9b47e83d2c3570c43158ef7d0aa7a0daa2ab,Injector
023ad5d4da77edc00b59f56d4c12369f1b061fac478cd54d7cf518f664732576,Shifu
023b5d7c802ad10c29f663993d8c66a789623bbc7f131e0a356d1470f831f03e,Smsthief
024d5d00d1b4b1003773a93487201d5d905f1c7f601c67a3329cb306e312c1fb,Banker
027d61fba7c1931369f37b9f1afbd1555cba22fd07195ea60fba085a552ad877,Banload
02cc9c1a002d8c6e54acd547045bd4c1ade40affed20def49d7dca89f8baef64,Andromeda
02dc248f2bfc989f0603f1a6dae3a703457c8d74513ca2e79961fac3fac2deab,Zbot
030dd02bda6ffee778c2ceb8c669da447439acc6a86bb7f473e9ad942bc9ad6a,Zbot
0312660ae20cd7243a4c41611df4944a11051a664e9754f4b8bb05375ef2b07f,Smsagent
03924b3d12b1dadb448f826caa7d35a816fb1e727c7523d944e7b829185921c3,Inject
03a23760f737cfaed96877d73b225d926123ad256a03ae3d2f25818d2b62415d,Inject
041414360694e857ef38fbf98232d6d2411118c55decb4ac905b7436d8fed8c4,Banker
04230e3279f9aec148f087fff79a83cfdfc65f068e5d8d8eede8c0245d346939,Banload
0464a069662e36cdc86c171a47764f02bdfc84c0c33cf8ad041375defe916279,Zbot
0486076ff0febe19504b03d16acdb81329b4c27463dafb277abf3b23fdc96149,Zbot
051c5926933c39047048b58f659c527ca85f5f4ff60987c59b680436dd820f2f,Zbot
05de0198ee1c81b4e2477e1a7a34e5e89277e5c5f67ac8e57f2ba976bed21f85,Injector
0601eecec1f104b44a5c6232b4678861e3cf2d14c8f2022d34a11669379c50a1,Andromeda
069631d65528f3f2dd56e4ef859d2c04d853c625a94452e509805667073892a0,Banload
06e4f88a5de20172423e560d8f01cc221f6d343f94ee04debfcfb9f1dca12f48,Zbot
07097fd59a48baaf559b2a90573621984d9acd83bfd73f142db0479a643c8659,Injector
07cde4e22fb230078b03587eadd3e6e66936b4e83154483e7c5bfcaa516896f0,Andromeda
08093718ffc0044c6185a2ea8768b226d2af621d94f4bbfe397e7b36ab5a9c36,Shifu
0841e76f656cf0ae66a805157228d590e816ac70dfde4819794ee8a59e254852,Ramnit
0861a69c7565aebf038cd3cf02ec6dbfef11d01c4b1fbeba91557d5622a8477d,Banload
088b15a9fae819fb41db3767eefd3b9b78c67b967e921e03020ecea8e85f522c,Banker
08a93aca0b787244a6e57f6e9db69b719c1e522976509f7a1e7b3387e1530ac7,Smsthief
0917295f083fbffd525e05b9dcda6f4eb153e4e07fc4c736a503b91bff1347f4,Inject
095e4e5ee204fae4480cb50e11ce78105b40c433f8d45cc09b03030a13a0ac50,Inject
09af8a4ce590cdacb087ed3a6f0bfba70cf954d440436e456440565897c3d5cd,Shifu
0a1f6b45b44874dd198317332159d51edfb6c9b9b26177e8da516c576b3c5a97,Zbot
0a3960e81bfcb93c42ff8e4a393cf09aee27568eb1346da9a180ca98e2f76110,Andromeda
0ab479f4f09fa8ee7af581c60d5d3a7bf200769020ba9c337e96fc56ced50b52,Zbot
0ab7e12823c232a7406a3bee29f71d953b0527b9faa0a55df65ccfb160342362,Andromeda
0b17ae8c3c60b2420a57d094c1b3861858d39b784d7ac670e9aa6a30130c12d1,Banload
0c037ea36e9abac05f6e7550407ff7bf5330efae7cae491c447e9895a854b64a,Banker
0c3d789a02ce594333161df9d37f2c5411ea1d63bc3415ec4c96c7f090080e24,Andromeda
0cb6e9f8fa90063a4b1ce5dfa0626375cef38f85ae358590dd22fe9f3b3502d3,Ramnit
0cb9b6ee5de1f85e1da94d905591f86ff79c68adb13202990892feeaea20268c,Smsagent
0cda22a11702637352d9ac4d642f06ac8585e93e3e5954740761732715e401e2,Shifu
0d13b53693916a1c39685937f4e82181880186f41013d2c6523ec81b2803addb,Cutwail
0d5957d802e6b4756b4eda6eaa155d6d819d0b3f09ac4ab768a95bcd9894c283,Banload
0deef9b7b982afdbd9af58f5719a5f4a394402809c83c05a3825f4c8330f8c74,Banker
0e01707e29c4ca01eb74ffae7181c40e5fab9b931d0bad25a1e0ccd754d60763,Injector
0e27cfeb73c902f4d853c9d0bc881a3d995bbc19d2c34ece916fdaa9948aee16,Banload
0e553345b0a07d17e76059d614532b112cb704845ec08863420ca2ff128531fb,Inject
0e6573c7cd7feeee413ccfd7da77bbe5f7ebcb986ba8fd0f5a64bbd96fa7a6ab,Injector
0eda7bee6592610275677287e4c828094d8441fc63cb87803dfaa8bcfc5f1e84,Andromeda
0f400e21ee15b825d6579268829b5530986d19e1815e4fc8a304b36c19c21354,Banker
0f42e0c06ad37e3db7de7cc6696472ed779fbd1e141a2cc537560a32b9447961,Smsthief
0f6b7f13c1ceb53aa8f0ff29e603709725f23e7489dda945bacdcca3c1f47413,Cutwail
0fcba64b8039c9e2f58b49b6e5572bbd112406afe4d3908bd863c5acd1b185fb,Smsthief
0fd9ca338576da7a4931512b6853c96db545276cc8807caaa8370d376d43fb36,Smsthief
102b898d16cf877958aa3e991a4502d9103956f652d73e8a4f9c15f611d8ca4b,Inject
10840edaeebce3787ac2f6b470da1759e09c93d8ada3cd665690498d6c5ff9f0,Inject
10ad71ac7c267d0b6e0ce5e210d1c5e5c124fac32f42e5d0b5071e04512bc62e,Smsagent
10bd3fd1d0dd6b73d9a4a89b94227fe114a5f24ecc73ece25698d9b56e829a86,Smsthief
10bd954d329c2eb5563144837bb39bcbad9a120ae61d2cdf80f606344a8e6b91,Smsthief
10c23ab01f1a8931ddc68015c556600e97784bd8a9610ec89a0c96a9b37a7618,Smsagent
10f3a6a6bce3cc0fb54f42f6c9e13481cc8a27b9007af7d30e3da401a452910f,Cutwail
111f84934a697c89bdc8f3ebf8d83966c0d329a40aa9cb54ec45352168830f50,Injector
1169d2ba307ffe834dc4f2b4e0fd730cda659efd570319c8473b6661c9bc6b9d,Ramnit
117755d44f53ecb6bd250827e1d34ab2b25a580144214106d2625c029e90cb3a,Andromeda
11a746c9df342bf7a6deeddf9c604f8a66d33a4fe98b23819005f57c8f459f85,Shifu
1267439c4d5ee93b3ff0026dc12820f2e9a078da0876e45ecbb46534af134df2,Ramnit
12ac3c2079a09e47cc31812b0ba8e62291696448742aa39e760b10cfeeeb181a,Smsthief
12b3265d1be7f22c7e2240a35dc97ccd31c786cbfa1aaf48e66a2405f0865403,Andromeda
12c9ff65bf536801a4343424a227dd42851f4b52871fdceb309f3218cc34b22e,Ramnit
131b4f458ba948bb92ab1bbf4749eafcb23a469a544ef83ee878becdaca6a9c1,Smsagent
132dd629b3e787c4be24f4e7af25449c87a7b4cc610408f1d0ebb6c32dcac711,Injector
137699f09f0b1c09be5725c56ff82b636cc79d234d8e912595ad433bf0faf944,Banload
13845d0a27595feed6556e0be9d253c8933e2048758a5f5a074ca04cabb4a20a,Smsthief
13df10f825fd4b08bc0e782b6e2d4d981619c9bd6e9b8a4c96718507e2bdf348,Smsagent
145308d764b9a063711ab3ea0040fd16e361a14364db362b6907b79d7f692600,Smsagent
1476800876fddb017eabe6abcec82f301e7c424c4d0ba9fe5b423950fbc5bb06,Cutwail
1504606cae6222456f4290ce9ba5995200ef738969a9e4dfeaad7c162f21b9d8,Andromeda
1527416196e91f952fc6ec153d6401c64a579191bfbec2ac420daccd03fdcb88,Zbot
15378b689accbfff1203b4cb5e91332913d4494d58b35eba8b66e1174cac53a9,Andromeda
1560c59819b2ddfa3d1c9906830844784c98ba5e30d05e6ece6d98e44f113e2f,Banker
156982e6b4da5dfde2df9cc336fce2531ae74357577998504ef4ca5da54929a1,Cutwail
157b71366e1bb0732c1a0c573a8682da920179de0943b805c446de84c68a9172,Smsthief
15c5bf1182b31b2e6499d7464bc6ccad5af583695a86777d26d76ca6b5c3c644,Banload
15e4f56ac9ee1127f7e43c090cd4a0fa2f459ec4dca07e3323fbc6ea99806313,Ramnit
15ec73b27ab5d57dfbf8331e193743a94eba35bb6d0274ad3d3f38b114e01a39,Inject
1617e11babc443ee067d223994d5f21a1bcc376e79af6712dfe21618b1c182d9,Smsthief
1660cb647a52f2b1e6bb002e96f5b479564e28216c38bbc17fbc664feb86b4cb,Injector
16b2f8441024f157c5f0f9b58faa8eb637bba10aa6f1978ca57f4afd7ed96f8a,Inject
16f28afbf4c5f7469ea83c60f7d0ff0962ef8e45fbffa1838d2a0daedf768df0,Ramnit
174941eea9a201b544460e50853dd14d5962d1a2d224c460f2c2f2fcc5c5283e,Banload
1758564582d1e3d9a55e68defa7b76585995c915277987479bdf92d193df18a8,Zbot
179e5c2b245d980d45e7d76aee8c0cf806600ef71917c0d889c0fe8132be81e6,Ramnit
179fba1f8cb324815dd68946e9309324d324c4927086f5a2e82462198c4fa838,Cutwail
1813baae07c9b6a09f34f6f23fee799f50adf8e3f168fe6a165c1f576c0a254b,Banker
1815d54a5ea0caa816da7b1013a74796f4d48c0908c7eb11aa06e8a98c39a667,Ramnit
1877a56beace2118c71bbdd1154a941d9d1a4d26f48bd69a8c7e007fbe2103d2,Ramnit
18a3c491d106530d47a0f0ea6c08bf5311cabd48d44115dc8bf7139dc46101a0,Andromeda
18a64239179b458824bde6fd295bebbbbb258f1eee537c3eaf832a7048fbd795,Banker
19232ac9eaa4570decf06b2a1947ee83690e7518fffa714a1ab5014462c5cc5b,Inject
192a454599e5b92f323bf20ee7ff09cc4530c2550d6e24f9fab136e1563e909f,Injector
193273f6490d86cd89c3aebbf67752e3bf73882807279c21c9333d2a696fdf09,Andromeda
1948bde7a604936b56171c59451d80078b8a953fb684a5d74a8fce7522a86fc6,Shifu
19ae97aed5f1383e3ec3cadb6b0eacf437e2a9eb28acc994fe02521d36209046,Andromeda
1a17f4f9650a36ab340000e0d53afc4d463ed8b2bb91c9de79f810a26006e900,Smsthief
1a722f8134d0d527048580a355bab1aa6350927b97f1eb3e9f49182fb4994b09,Shifu
1a8827575de012b697da5525b54b433021acbfcc408a0823710c3ec97f06145e,Smsagent
1a93353dece064411c66825ae869b9eb5185c936f8129997b435987b156c03e1,Smsagent
1aed859a4ec2cc96aa61d381c589037774502036422194911eebf607f0869103,Smsagent
1af6edc77e82647fcb1c5afc5b68c3aa3c72dd79261262b6d67845306e38693a,Shifu
1b469a4e33ca7fa0e7b01951ea8bd301a6a62f296af40d87241ae4d3516a27dd,Andromeda
1b508a89fc8febcea64e7e3a7892dc7b6434b2865373833d0bb46526221fddac,Banload
1b51f5a61f3e836d4c7ea4cd462a33a2a8eace5a1b4c86fdd11d282fc3176979,Smsthief
1b5f97fc4a3ebb9815475af8afb3e1d24536b0c13b454b4baf614bdd2c066edc,Shifu
1bbf3f02ba2e3a841d437960732b2e379855b5cb28d0e81f113184c4995a366f,Smsthief
1bcff581975d47b653c634566413e3f10a5db52cbf207ac7458cb5ffb40d62f9,Andromeda
1beef72c24b29391f8e5052c0dfa5425955cebc7314b6327cab333b2fde7d774,Injector
1c039bf286a119f301d2815a14f0a87b9e45e3c8b3902430cc7bc29a472187bd,Injector
1c1556a9c5f75995206fbe6e79ac074456d087e216c416280d81893714b11ff9,Andromeda
1c44fc98785b46f536254ee563fa8461b8be4fe971441b416d38a5b9d3fa75c6,Inject
1c594ac5d0658267b30d233dc1e2418118b318010ae05c2cb420e3ec1fe68ed1,Shifu
1c63af156931c24c5df61d28794e019ce717ce2c3e8760992571a25977a47021,Andromeda
1ccfbe06dce15accce4af14a8542f38dd37020922833cee743f0368f54ec010a,Inject
1d74ad3c43e02874a91f3a264e2fe1b73a69e2912717633c7d5037eb48086303,Smsthief
1d77c8ac5e9362536323e5595ae27eea590be2050f6e7e689e3fef08bf19c077,Smsagent
1dab6c4e27f1b8a42a82ec316ec15462410aa1880ba85bd0c015ad13ffa3348c,Inject
1e039666f90a98728fecb3dc3b7cf9f39ec71411611079812ea16cff19dda0a8,Injector
1e778f3e17ec40ed47ee29d0aa478ae7e9eed146f2a1339876c99f76ed5fb828,Shifu
1e8e0fd305a1637b389d2278a5ed41c1d74c3a6d61f28ee00dc62457c71461da,Ramnit
1eb03e49bc7d4a324df6744baa3115c15ed6bf35eaf2ac8f3e99d1336dd27c7d,Injector
1eb2051f8bcabcabcf7df9517611720207cb213f96bbed143bd0b668c09d1666,Banker
1ebffa2a835d9df8a80699ac2eb644db66dd704b6bc749bbb60a4438fe21f40d,Zbot
1f0c171f641f01dc4594a9429f5cf94696fb9f2df63fdeb5bfa3e1308a4d19d5,Smsthief
1f6b30cb9133de5f55474e02d3467e74d2e626d15ffa5ffa9c1c669063de3534,Injector
1fb6a5942546e40d9c5f06158c3e5955e7281159eda18fb6bac2b5c68d4cea2c,Ramnit
1fef9e0ea61d8a5e0c3054c8628c35dd92447ee28d4675bd401cec84d976eb22,Andromeda
1ff793c4d20749c3cd2914ebf8e674531c9841a341e7743b38b9cc00ad6e518b,Inject
2054350120df3011275ed0e35ec2b180465e1abebdede745a9da3726b91065ea,Shifu
20776fd19c4063d23cf4176bcd2fdfcd4babe78bc71b78fc653c493bc2ce7b14,Zbot
20d900b2aae878abca7ac19969a93a437a3cfb199b7880104755add65b6d74b1,Banload
219361a6e745521270de5b826211bdf85776b0cd633dcaae998c0516356e4acb,Injector
21a69a52ffaeb83031460a1f8d76bace8ece3f4ff11c3c2a06625dc8efd9d6f2,Cutwail
222df0b13631a441dc1d9c4dc3c3e6b3cd234f0312ae153642b3346d03868f87,Smsagent
22c539fab473ba2642d7ccd4559d2db8f35be91c044f0740f2c2312b205d0a0a,Andromeda
2337c76059580be3ce822ae741971b682c9f18e00b69fdcc7bec3266a7a063ab,Ramnit
238f2cba45edc8ceb6451cf1dc1094bdb80f1afd407b867c25600f7c14fbf85e,Cutwail
239a7c51cc3c554a345e82ee43ae300943287a552d29bb8e2446f68fe5d183a6,Banker
23a372f1cc09bebe11f206b34ab1bae19bfb68c5e8aab5e2a70b46c70921041d,Zbot
23f2490dbd225a272ae9deed5b43cd4979aa8f6a0b30d0e51b05656f20ae6e0b,Smsthief
2414b7c50007dd481c94bc670b72ecb5a0d1cbbb9124fb8214418bf74c89d474,Ramnit
2459d452f29c36517c5da266fdfae2cfb6cda84e4776958f9414ba5bb27a49c8,Ramnit
2469376290d56925dfc986361ba6c4687ba8caf651dcd80bb8c58baa75779a0b,Banload
249ef36c62001148746d45f307e3adf13099d3337a60b8f732a0bb4a5908eb1e,Inject
24c51b3fcc1309dcb224d405b0bbd45d2dbc69f2838b0cef4659319b989d25d9,Cutwail
2563938ab2f477545bf70fd4ddeb84dcf2708d1a3b1fe599d6018a4af2477a32,Zbot
2585e347b5e20bcb8cf0567c3125625aecb44fbbf43582a20e98b9ae04b23d46,Smsthief
25899a8e67e647d04a912aa52e6a43a647681f1e43f612c0df7a30a6f4c97cae,Zbot
25a46f61cfb9ed2f68abe7ab7f890f7dbef14ebb6e5ab5649df2a8a75477794b,Inject
25e3fb59d798cc34909b49caa152a9118c2f137b2885f68653b1e0c1954c9865,Andromeda
26f0f95b15297131b83911a11b2ba64decdbc02d556df9eacb53155909b119e9,Banload
2713a24181c328db06c2d8a476f7a042b241a6a9c9115210ed9e04d6eacca82c,Shifu
272510b5d7b9fe5f66773dc20c83764dca36359a0d0ef5946d75eca57afc2c83,Cutwail
272a9767a482553acce0fbea005c583544d8873b18b979ad9eb629356f097e87,Injector
273ffdce8a0aa9f6e59ebb883717f7b887ec5bc53d69c593d65adbe088818391,Banker
278b944d77253e2df568783a1112ff6c8de85a1ad34158dc79939e84942c573e,Andromeda
27cf0aa32a119b17dda14cac057e7cb16ed865061bcc18ff256753b2a67fd668,Smsthief
2852b40e7874e992c7e7ea3f4e849cb67a6b707ef22d333c7400ea4e53363d73,Injector
28629cfd53304ff6be72914c83a0d9d50abd8599edb639e30daa10e0b87da167,Ramnit
286988e531f21c7dce3a352e49c85d9dfce899f2130c808632b5a08599b9bd01,Ramnit
286cffe1a4bdbce4af6fd01bfb736a804170641c2360e6d691e238d249c06538,Cutwail
28f576d57c5ed8de8305929d793500b92c8a4312e19d9cc92c84f22c343797cb,Inject
291c58cd261b3a630a19ca79c4593ec282247a9f6f43fcc37802fcc500f8634d,Smsagent
295137bd7c90410347989a4069b3a7aca8550016559158ad351fd63bc6175861,Banload
29b7b5217fe48f431bfaf1127caec28c33eae26f54e96a9fbccc3793ffd3772a,Smsthief
29c38f0d195732723ac7693888695f09240b62e9d4c3a85f6f1a9aa8155d8389,Injector
29fbd706a559bccfc4613b18a1d6acdf31aea18ece430d394a904baaad712af6,Andromeda
2a10af110e15335a31cb8dc3a352f8f4253c95bd605b2129050cfc82f37ab7a1,Zbot
2ac292b0c60a2c7ce414275c6509e9ec44a3e53e0de08f0a56bc92b2c2b8536e,Cutwail
2ac768a738673e7ee014ffbbabf9b4139821ae5961777791a2994f3b14db0243,Cutwail
2b0a41b2c7556fe4c688573e769666d9b09a6c912550a90f595e994e56c6ae09,Banker
2bb6a396e725758cc63384617a45150b31c205525227d1b5a4f12c24fa492c9d,Cutwail
2bd41b633e622781192e004407bb9ea9b60d7a283889a93c36db19718f84c772,Smsthief
2c049a0dd941927abda46d2704c61bfd093ca705a74b7542c36ac244dce792f9,Inject
2c09fa1c7328d428537d132281abfea1f9e71864b95b12ea6126cf656307e5f0,Smsthief
2c276d7c9cbd024045d3e92b5be4a6f37e326a35aed72df4a7570aa6661d33bd,Cutwail
2c4b37a26ce799d637a2e9f118b78dd575320ae0b357c52d822e1e1e2bb4191f,Ramnit
2c7278aaa599cdac497f75e34a02679fc0ff98c4dee67508d47717920127124a,Smsthief
2cc3200ba351bebfa15440c0bb62d3672f38c2ae6e252fbc8cc03bf82b130893,Smsagent
2cf36cb947862b2f8ef7f87519f8c904e5765fbcbdb5ea930cbdfaca122c455c,Ramnit
2d3a10a4d67eb843755f32025049129bef7b9cf9f2d8c1ac8c639e6ca310793d,Smsthief
2d4a9014fd0d99dbb54c913defc169c1a96415ace9391356ee38ea2c6c5f81e7,Zbot
2d64afc8f4930a025a88c74bfb4f07ea515a0c4ae94e3b9ed70c718d4e0a7caa,Ramnit
2d7fc33a2b6705ad257512a00c5e7796103c6c4bcf537c9010cb6397756e82a7,Cutwail
2da14fbbc33f204935a69490de5169188e34c5ca815fcbf646d6c5279e99f699,Injector
2db1311d64bb22d7b4f6a204aee9f568b68db3fdf1844f69dc56f6461244c001,Inject
2e19c63f5a97105a09dce813803054b661650ce3f73a0ae438e388be6509962e,Zbot
2e23c8781cc2b19b819872449ab43a5af816eaad5d90a0d9610e56c72775aa62,Banload
2e286aec804dc980bd4fbd32f8309337bc5686741f031249d3f8dec092650354,Shifu
2e538b1ada81e977d27d7913a3aed3eec66df4aa023e43aeed46604acb7aa0aa,Zbot
2e6ca374dd0e14ce576b587b9f736b7efa9410b26f090210c01584a48df21083,Banload
2e7e98efd8c87bb91a5dc5b3104918e35249fb187afa44aec24dcda39510a4cc,Zbot
2e8ece1767e51c8d3c858fb6cd12a75a9252ea85f04255e1c98a1d3fc169d6ab,Cutwail
2e969e57b56a80f2b222514806ddb4fc77984b175766eb7d55bc87ccd9b45f57,Inject
2eaf91eaefb956dc5a5d56f3847fe62019b507579480ce7e4f85df0f4326e26d,Zbot
2f03e3674f965f663e36c0064e3d9c13c81afe5f28d6909db40856b6ffcf5902,Banload
2f10417c2286be7737cbbf3eae674bcbaab54d38cc99649714a00d8f322b329a,Zbot
2f6cbb8e6fa35813ec04306bc68dcda70a21b9b07378a62945229cf30bfdd367,Injector
2f7499011f89a849254afcafcf8d0c883a9ae99859f403ee53de2fb2468171bd,Andromeda
2f9e7d40f65958d4c45a95458fd285ee962d776b8804ba9026047c6a0db483d7,Injector
30c237e287fbfa2efab58a1398349c33dd0b352945ef84093d05a560da1bd022,Injector
30c3acc94566e0f035c6a8dc3dccf6b6bca36d8545916d0b16cce21a4e8b4910,Shifu
30e9bbfbd771b20d8e7491dc26fd0fa267c47946b56a81d4b679f4f17310ae16,Banload
3127c8a139ae896ce33d4689e995e39476a5b9fcd5e5176594fe24ed0ef9de76,Inject
3134061b160375760ec94f8c58f0b8991d8f5445032ee82219b2e4fbf4ba55f4,Inject
31402c5b01cdd370f9db3ba1fe6aa79be5c0b86a1e1d23023f225ef6af4cc74e,Inject
314d53414e3921fbe30d925cc737856940298a645c5f9609cc498f1e2a77e887,Injector
31628b944a0439fe98a3290d593913f88d71dfdaf283a62f7d49390329ec85cd,Zbot
319e977b070e336a5faba9c21e84fa2609569e8aef02753be641fc258e51800d,Smsagent
31abd210a660ae7432a16c71466607d14de068701f40bcf97a9e9c78de9734f6,Inject
31e4a697e174835143240f4e3b77c40b6a7304cb5c6942729efb676740799543,Smsagent
31e55be422f1be0c9ae08a0743b268436b1de785d9835cae5bedf6d44c49f252,Andromeda
32064d627627227202f537afd3cf84168354f45a85174d913fd3e4ea87eef349,Shifu
3241fd1b1d93e58f4bdb5aff6ab9869f6a450502545b81f11780b4dabb97fb0f,Zbot
324f4bf4d39bb75092d400d6aa3a2ac1a8246c0ad663aa2c2b4cbdd79ef84363,Banker
329439a71d3ad2f3a2f4087819e680fd0e0d3252a56cb4092b34558c3141b959,Cutwail
32ffcda8c2cd293afacb15fcb7e2cc7ebc7d81038e310de23e7039315a0525a5,Cutwail
3312e8ce5f2a0c855742a43c4ba95571bf3d0c41c6ee66bf64a780e9eae69d89,Shifu
331cb5ae3cffd82f6a71e96a82ee2c5d5d114203ab2e2a36e4238f2064507bc0,Shifu
332a35d037efdab19c433bde150ae7f7ff813f11681440f38825ef3fa59abbca,Andromeda
334bf3bd5f204af7641814bfa2caa52efe2fea4c01516f277b77685f5227bdc0,Banker
34494d005c4733e3d768be7d8b2ee438f1cb420c343946a6a8ed72dad6443206,Cutwail
3468853e3362ca87ef7378932fc0176da4a83732af754006db3ed49efb0b66f8,Banker
34e56717d672a03b9a192cbe2813734e0ca3b29949133cc3a02689bf8469ec54,Andromeda
351b30fae3a0d1186e85c85557f2d5904486b4ce8cff15fadb035f6b01495abd,Cutwail
3531d2602b1d5e44770461a3d9a9f25633179507a013e7b7d7376b483e381cd5,Zbot
35720152ac2e596990022ff4cc6fca20bfc08206f3c3143138a682330c591155,Andromeda
3578496638b6e99241cff981c676d617a5d66b5a7e730bc53ba9ea5099476c3e,Injector
359702034efa6225e2cb3c9077abadbe34a90947c4c3d0262c29e50233463e3b,Zbot
35c5792d0a8f15c672c4d49b299fe5d9b251b236405b74aacbb6caf50f9e57d7,Cutwail
35fd8f0a36aa05a95f9187b9107a4db8081e57494c46f506d0631c9cfe06d5bd,Cutwail
369fb3490db1e4b1b67370cb3ae711ac4c5c9d5bbbe6ff1d344bef30266822c0,Ramnit
36ad63833fbb271f19427addb8b36cd8f778e03eff317f419c9137a81264092f,Smsthief
36d908710c7303f68f06ea5e8bf44713e0be4970adc828c92a88db1a979d26a9,Shifu
36f589157ef84c040cb6cf8bb69f649c9077102d464d2f4a01ad9b9c3c5f7d7f,Cutwail
3770ce623071441bc0af97d04406b4afa88da8506b29249a12bd5f514cbf34c5,Cutwail
387efde6de91c4b2cf4ab95a537636734b574d800320106cc68e734dfe1c808e,Ramnit
3889729671bcafee85723e6f801030eb08ab47c532ca167c2c958e030ef4f7df,Smsthief
388d92525a50447a2aa6cc9c497ba3a3064e39463597c35dd973c569f0bcfe75,Banload
38ab9394d522399ca2486e67448707678d0f409edb4491c075c78a7640e7d77d,Inject
38cd22e94b888afe267b86cbd066cbfdbdefaa3921bec945a4524b09f7cbffca,Cutwail
38e2ff7160fdac1d6a3b881995675de8c597306c35229ada13a0c992205ac463,Banker
38f8e0926543c302556aaa353e3a52533ed82c123e5ed6a2b350ce42548ff659,Andromeda
39295bf8b4f48fe48a274e886fe6e5f194714690ea7696ede65891cad9a62dd9,Cutwail
3957beeb9c39220689495f11c034dd312fbdf7306d05132ad8024a77c080ebfb,Smsagent
39bb6a986181809e04dd5bf674917ef4144822e0cf2e63e4f312ded2b6c78a47,Smsagent
39d961a893981e6d67a3e71604f7b290f29fcb6cc3064835b109632c641c8fe2,Shifu
39efb02f9f3fbe9aff706f5ed900eab26ac769330de73b26b6cbdb292b0a05ec,Smsagent
39f7c3de8b2e1964d5ade7c58ac3e09a359ab1e47661f505c2ebdcfb3e90237f,Banker
3ad1bf3bf05bdfe69c29f7ec497d9b8e7e33039425b0229a8af71134441d24b1,Smsthief
3b9bc48a037063406ca19ce6789c02e05075b22b8306b3e345812102dc8e38b3,Ramnit
3bad81aef7786fc04d919aad08f70c581ebcd3cfd16b53e08b4bd1a8621f2e46,Injector
3c4825d7e662b644275668d15e047b89c3831a303f807ba38754de55d35e3a05,Injector
3c81b556f94478d03e7c07a5c94d3012b6b8725eb4adb3ebb310a3fef075d2ac,Banker
3d506716c50189525777b37cf8d509eba3f01506c07a818c357420e242a3636e,Cutwail
3d7b9a232515f0ed17ac6311ff5eae0d7a9bd528d39c114c63e84f886e793539,Banload
3db0547d42d70754fe057fe268ebdbe1a88a1ca05e0c80272a63714f640770b7,Banker
3db5c8ded970b6b790cc4e75dd265329167a5f028329df59a967bd4e7988a54a,Smsagent
3dbdf1e322eb3bfdba9edfdcda645e80b21d7afa57e967858f0d0c7a8b326398,Smsagent
3dd15c277afb41ec35dfb4b47518fc1451a59889893f2852188123da41659580,Banload
3de268fe918acd43a393f1f97c83c682610f3443aa042a7901bb61dcd342d6ff,Ramnit
3e56871195f91bbe578b2c705aba922f9b098146fa4bb4d3abbb49025a459307,Injector
3e7be341d6e5f81f45e826b3c6e560091c08911ddfe9458894d5da6fb86bc3f8,Zbot
3e9649c27ff739bf7742d428b222189062d423690027b663f469d5dbce5110e1,Injector
3ecc78053c8623bd38846028766cabb1056cedbee09ed98342788a31c9fc1947,Smsthief
3f975fd373bd5f32d342395a4d5363f907cb0c668f6331dfaa4638536070f42e,Inject
402f2795ce768fea321c7ddfa781510ab17d8f451426e4af9fe38d86d2cf41d5,Banload
4060330fabdabac87ecfbeb59e3864373bc7b704010d8036c501a6c1a8afb882,Injector
40663f366a68f878c084187b5d76c3ca0724463a3371683f8bc7871ea8153d3a,Zbot
409dc1864296a15d59844f2344c567c83a8184a5d54d4131652390e53c38ce30,Andromeda
40ad1f03d6e2b6f7e408982e590af182a285bffcefd39c1c1229426387aa7f6f,Inject
41548494df2007c2871be675f7e98d77f2234fedd7b99d3f776d4e49fecebc04,Injector
416f06a8defb68ca0e69ab97c28e448a82af62afc42bdf38108b64ff2545f73f,Inject
41776e11639f900df7f80ee864aa5379a7b7615f1f4064f2615e11221d875254,Smsthief
41c10688d54e881f794da4e0e1e779708fc186efd83f02eff696df8a1d5e36bb,Cutwail
41e39b76484b09f25cbd93354f26a85b1a8be219796e7a2225af228c4990ddc4,Banload
4205f7db82e7ac171b565ce9b61a3c63c4c7a5429c7478dccebd03ddc62b7f2e,Inject
421acadf606f395a9bd3b8ab2ea33d91258a831fa066e7f2f8608d9b783bea48,Ramnit
42477aa2e56abed696ec70e703560881f8776cb1acb4f3493ceb1938882881a5,Smsagent
42794ce771dc13aa9b32e0af79d3d560811c11e6705b893ccc35776f41a22ad2,Andromeda
431a210ced2defa963343d342a6eb086d1d6fae68bc4057a325b0817c33e6843,Inject
43348c305e41b5ffed230054dc7a5d60b0ccbdfbaf84ad7a9199967fa149cd22,Inject
435b5009534d74b17b64bc8f03f70d787473469c0a8da7c2ad108f31a1a9028c,Shifu
43a0055aef73b84814679a893a47858de7b02af96a9069e8883694e3e86d289c,Andromeda
44bfa7ccd554b83fabb315d82bbeb3e30ad26349e8c12dacfa3fbef654a09a3c,Smsagent
456358e3471647d0df4aec17b7a5a1a34eadb3403eec57560f147ac5cbf86e91,Ramnit
45989ed270ba66255a912b2b9b00e13dafe2cf0e467810df00607e04d65a115b,Smsagent
45fbaf4c0bdd5b9eb4f2b77ee9c062ceb464918985e8ddd816b40f35a1734f91,Injector
466b2d3ff9d9ccea85f6ed6d7c8eb029b1d85e3c4c9a1e25c711470592455c1b,Smsagent
46c2438203ae015956282d1f70d1c268ffb4a07c4bf28c822be98910c7a830f9,Banload
46d5be7cacf0a954da07ba4c90daf8f9d8d0979274519d595031a3f541c0b3f0,Zbot
4732a0d76f598231186a8d9262c7fd663276728f0d2abf0e658d7920bbff5951,Inject
4747d66490bbb39cafe7c48bb8bc78957359a3769c4651490350f69f4889dd7b,Injector
47aba9aa7af50bf84a30926a1a7bf434f3bbc2053c93495771d8877cfebf1664,Inject
47bb24824cc8ba3305ff987c55722ee6b3c000d5af43eea7b5ea8e47b24148bd,Andromeda
481f40ae63be00aebc1c2fed57630c89cfb433cbdf9ffef03c610c49405606f0,Cutwail
48280d73208eb2532734a8fda8925758289c47adf1fec16a6044ef2832fcdf53,Cutwail
486be97d9273fb623223c3ba804f53fdcda1cc0590ea8d0aec7f9d3f9cfb59fe,Banload
486daed768c6e23ad9a98d43eba4b1f890f6c2ca4711b001cee4d764fe738d59,Ramnit
487257f84391cde32b60fb402b671d367c9fdd86b1611e0791deb71566820533,Inject
487e080e421a586d8a7e523b86e5b85e3b36d614f7b49df7240532b7143c4195,Smsagent
48aeb41ea1c98b0620d392e1f98c5718d96461f18272fdfdee696fb500f7cb82,Shifu
48dc9705a380035b30eeb0727f20b1f90c25c86d6a38d48017af95b2a77d9817,Smsthief
48ffbe56dff54ddf6b256743650dae0c0b7d25131135530402977a7d71386a2e,Banker
4932b93029a72c8bc31b355f1f0fef1f5fbdc870d8e90ef577457b0f1d1c4d9c,Inject
493ecc8af56717ed5c56e913c28b57d520bea5ef3804f1b0d467bd5fc81140c4,Smsthief
497f437e66c220252a141165820993065f2d79e490a730eb9e6255f02e6b3553,Banker
49961d564cfafcf2e47fcec1c0d4fa192697ed75fe06ebe47075602daa071a94,Inject
49b25ccb224c48296cf2edaf82e133a8a097bbf0de5f66b2ee7aed6d5739f29d,Banload
49f025a4106b1000504a4a20cfddf73ca8a87bce5063a1764386f4c7f5ecb241,Smsthief
49f8df5cbb5206d1bc3f083e8babe7abbd163348ae56cdbec5f401a8abbf55d0,Smsthief
4a22a50fd7e2b74131dcdf4d6e8a3d42dce05d1e177cc287c69f6503d2acfaf2,Ramnit
4a292a72ce0672e70f0922d3de71c5a3ac7d89ee742447082481c9ca28c0ae48,Ramnit
4ad48040736d2ddcfe799e8e333867120d177ef761e41b5eb7ca16389146458a,Shifu
4afc4782cb6e260f1ff8a576c0d231b06e7ff3a577f41ded3e92bceb681b8d78,Ramnit
4b05370dc3c36070bef4a6afb89083c08a7d2f06e10eb74639d46bc351e626d4,Injector
4b0e8b929701d18d9a5a38b0182dfa7ffce4f247a7997d83c1e6343187a4bc77,Ramnit
4bc3aee73d90c5795eaf86930d666269e419bf756fd14eccb421ce716515059d,Andromeda
4bdce26b13f54d8617ef635690de14dff31f7cc8684b51be4cbd92eafe36f668,Cutwail
4bf1a3c610e912c999bca8f9f2b7f4e8e1682a0863c49216e0bf4d681b3613d7,Cutwail
4c44494a72e0eb2a82c5a026612aac33fe3cd27dc60c1c8cfd93e58b5ee925fc,Smsagent
4c448e60f4ebef6f2bd47b019d4f571748614a3a49943227f4d1ab81e603ebb0,Banker
4c47137bf0e1f09cc5e07078e854d70cb6f1843a9054ed1d2bb8fabf3248cd19,Smsthief
4c55b5ba736051b10b041cd22be4599f8bb1a518aaa15351e958ca413e073689,Inject
4c63f16c84b0209b1f62ab8abbd8028ee3e77e166d00124646e3578658d103dc,Smsagent
4cffa0a3c6e978f53c368b4aebc50af2a3a168c0fa076c8efa1c64f086e0ca76,Smsagent
4d1225bea68998c5b17d5c2e2b5a32547fc8256eab86e0991a34d3d9499559da,Shifu
4d519cae04a729f0384a1ff50dc2d631bce25bf8df193c4be1ccf8a5a69d8bbb,Banload
4e1cafb9c71709bd8fc991f84df653744c502c1a46e70d3bb59355f9f18abb89,Ramnit
4e2098c9d8956afd59aee17a925b4c94993dd9a55a45e5df3f7b74621c21c978,Zbot
4e2fcb4b54b86009568de5e9b01fb17713826733fb464fef01abd25da035ee8a,Injector
4e3e66850f51657fd76c8d1091cdba3ec54800168e2a22ed2dd94ffb4ecef35b,Smsagent
4e4515b4b669e35acb7b04d54f9eb4f406036b4b7313f41fbc5d68ed6b47ba77,Smsthief
4e4dd5feb45b5078615b198a20ab4ca032723f868d5e83251b740f26c67cf1e3,Injector
4e80246ed0653e07aaacd1d45ee2de30bdf81f26520f6ceb0803e0daa33fbd26,Zbot
4f1d72ad44d4fba63a3b3eb3c40ead64c8d78ac0993c26b660aa06a5b6ef2658,Banker
4f482af5dc4e04de6f89ece3d32126f36a186db63286d8bb5366fe419b6e3912,Banker
4fc1a98a927365fb4bde8339c9dab7f321d3447a5ef3c85c9068cbaf4c798a19,Inject
4fe167dc4e70dfc9375ea3ab5d9b8ad6f0ca76fd4e82e240a0e90a7b3bdfb342,Shifu
4ffb3850b64886ae250f6fc10d5579cdba14ca9714f64fb238f018909ebe2d98,Zbot
5009ca2b01be97719a947baedf594d8ab79f76de7a2eeeda3803b3529243e2b1,Zbot
504e19bfe133ba24d6c41ae3fd9e71a6504c46c65d357a9586084ff78005ca2c,Banload
50573f01f4bf9691c2bb4e89f28f6d9759ca323408676752f829224fe42a06e5,Cutwail
50669e6c83aecdd6e095dc4a468c33b466510f71e8ec7ff1a4e4fcb4ca985ad3,Smsthief
506c4affc68b680af6a08edb85933617f3ec3330fcdc657f03cd52bd4fccc39e,Banker
50b8ece118a32b2ceefb9ab35fe389b3975c7fe973fd128b70a7d1a15dc25d3a,Shifu
511747632515e795b243ce27216e58a09d4fde5812d4863691f2dc20dec0008c,Injector
512966061c6d699b30c04868b8bf6c8b4890b8824bb3e5d2dda35c589103113e,Ramnit
513fe0080b8d00075e2008337d0dea5563832f0261e5b1f215f965e3f586dafb,Banload
515cd51e3c1fdf42bd1b6d0e04b292291558f9d695d5e82d7c031cfa0e8aeeb5,Cutwail
51ebddec7357909cff13709bd0cbb7ec76310b6d77ccc4627b06b6915d2b0f25,Banker
51f7673bbdf73df7633031df9f30158f2932c13b877860019f2a288e7d74d45d,Injector
524d55144c38d1393c70ab0f25c45ce1c15df000eb9ed00e3b4d35936eb01e37,Injector
52fbecc69be62d755d20938a6928979910174b43ddb6f652057c3a7d348c4f41,Smsthief
53786a9ac5c625840c5bf0f52ff0ae26f34364d776fef047a21be181ab6abcaa,Smsthief
537ff30bf759c2f43abf29dfdd722d5ea2992c8fa7a041437ac2d3501a7124cd,Smsagent
53939d03d493be0e3d5551ff7561a3fcfadbd075c1f9a232fc272f4f1e681276,Zbot
5438bcdb1c8b7397c1d344508657a747a92d79e7e7a7521951f022084d9941f4,Inject
5483cfe5cd4b56a7a015e3bd694cde80bfa82c73fe31c23821d4c16cbaae6f2e,Ramnit
549033ab66a38424f2392bd99ff865cdfee8cbae0e138418e9a428113b22c7ad,Zbot
549e2858c562aa8431da3b3c044a3670647fe1f44d08833f3d848227ce24ad39,Injector
54d1cbd9df6c2f8f47f0f5e593f99de303f141aa9df559431089e3a1b2de9176,Banker
555bf6f4b2d07c183b9822200bf4b6c1d7f24c5226b418080fbba56a53f6a9a4,Cutwail
557dc960b112c49a9c299a112dbfcdbea6d8eb427c3db2f6ed992efb0ca1f301,Ramnit
55c72868d16e61a6f34e6d6b613ab38afb87ca355a785b403fc2dc5fdc8a182e,Banload
56a9c3ddc99daa4599cb746882573d6c32132c203c82d2bf76ecf4673a55a660,Inject
56aa5b75242d1b62b167feb8403b7cc0852c152ae38b6fe70c785e77e379e108,Andromeda
56c4daef852b9b77ce35154142a7f5d38e80238355d5bee8c66309ca3d8b230e,Banload
56c943e04cc35853104878d42c8d00203962c5c7466e3f49fa7d2bcbafba145a,Smsthief
573b2d996d3f1bb4f2cfcd914589ac5176d969170d9ba6be08a7c5b0237d3266,Inject
5747af332f3aed94c3c74e7a09d97647765371e4d29f5ccf8121433276e7eea9,Smsagent
577cbf0ef3b31a7bdf8e205bf3333f7608e9c60cdf2980296dcc349feba476ba,Smsagent
579c1f5949a2b048c9bd6a5be60cbeb8a6ad5b0b84a8316112a57ccf61cf0879,Banload
584091c45e316a2307dd2d42c3c7db53bad1a51e04a6f1f21156071490907100,Injector
585805bbc41b00f8c1c9584459b189395ee6b5bb862a907a577506a21c5818b2,Banker
589b024fc21c0567dcc66f4418253d5aea0b567c9d7e85d38c1f6c21c2c3dd9a,Smsagent
59a10b0b292cf775aba00751283571818a651328d711eb5d5a98c1c6dd96de4e,Cutwail
59e0cb023dd7f8cf72f159b48b82c0a6f97a98d7d5864c5a6605a02d862ca0df,Andromeda
5a12b8b7996bfae2baed162a0b251aefcd052a11c52d7a310ff59d62bdc1e89c,Cutwail
5a4fcf972173badee617faf329dfe567b68ac248a4745c946f55068e28fc20f6,Ramnit
5a871a3e7c4fa64df3d782b20a7f9588dd550dcf6f4a56e917f73c9f4c0369a3,Cutwail
5afa577a0908139c25a8f402716f9942b78307f17757be2c12f78f55b146ac47,Injector
5b0f98cd222314bda3d37f677bfbd92578de3f67f78fdb36d852ed66e37dd8f4,Smsthief
5b3de5ad509c5fe48d3eef2b1469187a2357248d8f95861e9464ad1bf80532c6,Cutwail
5b737c557671110a98dccbd6225e0bbecc3affed2cc0e574e175c9d8021c6c2f,Injector
5bba940e3b68195916877cdf4798a49e1f93d1dbb6d90ae68513631d57840675,Cutwail
5bd51692c733c78a3f62c4a5183ab063a8fcd531249e7ed627a48a593b72c5cf,Andromeda
5c50a2c3143906e4a3253a94c283d58055559884371830a57a7181a100756e2a,Injector
5ca524ea5799c920bd04c9647ec05b12f806a1b66e44a8b62522adba24ef4851,Injector
5cb5f0d3a14b0610156b064b07d8fe33af5a81a664132101e0b751887ca919f6,Banker
5cc37d5e18115678ec91e4e7b245381154f64220141b0a2d29ef822709cf78df,Smsagent
5ce56d3035b34661d89a88e5ef6125d5dd0fe2dae9d3ad75d99a40c9815b818d,Cutwail
5db23e47e190cba3ae7818d9abc292b8e3b54cbd0b9882d776a17a59a7a026c3,Smsthief
5e6a20626b98d5dcaac007db548bb84d84fd95a64064e83e71d29d4fa283882e,Injector
5e9aa7ac8c8b103ee5ecf5fa82d90034113ea90a9c6297f9baf1d4ad6040fd95,Cutwail
5eb488c55f978453fc037aff2936078a11d12ca5ab42fc45d7ab5a0734c7834c,Smsagent
5ec2d977fb50f7b41b0196dcee170f411458e6d1f0a0590a3be6f675d28e3fa9,Zbot
5ef36b37251227014879caf357385b2c76b3e2f2e17957d41a2bd9460c8925e6,Shifu
5f787354c2cfb45195718e08b219a5eab1cd6b6b5716e4ea1bdba2940d65b624,Andromeda
5ffe8936426658f99a4a843f6fa114512f9a40d2e38273601d7865c7b8c0987b,Andromeda
602c6169b1ba2c32a3069cfa4ce57b9ce679a0e1930fb2dac9397dae82479083,Banker
60b56a4f56e8cf5e32739255296202a04a5ee3e387671c00bea034ff8ad8c733,Smsthief
60c173795faee1830816e8e59d96db17cf78229b6a9e748ceb738aad43b98ed1,Ramnit
61222bd0e53ed2f225021430d4a3bbadce285438f41f44e5aba386bc926abd7f,Zbot
6147a59fe728e3acc0fcc129fc8edce8485a02be27c54c24a8f427604e4e32c0,Shifu
614cf8761aa97c4f967d4d26ab9d4cd0ffbd24c6a5f8099344ebeb92e0a5dcd6,Zbot
625f8bd03d4fb3a7d734be0d6fcdbe89750faa4f4d7842662546f019f3d319ee,Banload
62a99bdf45c9d609f1d32c3e3e9775e7a9c7682a635a18c033d6f011e8bfeb91,Inject
63152ed63d2ec17e0e6a97b139acc76433d0c59d3d4df6f14081f4729300b7cb,Shifu
6321b660ae62bd35e68eacb7c1348f897def69c55169a521e238c3e2718886d3,Smsagent
6361b3da5930f58e6f7fe15997c964bbf76ee087f7305919436c3f2c5cd074ae,Smsthief
63a7f9702e67ee7bcad3ddc5404011ced223272fda9bead61bffcafb9b4d3d3a,Injector
641dbdfafe3f28078ec3f470a2ccef1c053f70097c930e57586f3132421aea97,Banker
645a9c4a6a7f0e62f68695fca68e262921b790cc3156800aba86df7021ae1e4b,Zbot
64c9baf248ce79774ac2919d4204ea42560742e76dd81939c739032e5839ccbf,Ramnit
651041da55965eec5a36fd04773ceee08847c313c474ff56b82aa18d7d22daa7,Banker
65131691ef3ff2269a7f97f88e5d6ae788895db5c34af113eef88bca94a8002c,Shifu
65a8079127635be17caaba8d14c393595975d792315c2faf1bf99da8b4865e1b,Banker
65b06e999010d14430e2910dd0c0a2c08526344d9be44781b393645d068c593d,Smsagent
65db4971352e1cde0f747fb8556c2de9b5f43fb00d835378ceb2e5e48bcbe93d,Cutwail
65fe6ad9e5a2ba9193892fdd47a94a3fc973bd6aa324cb0544e93e62e998438f,Smsthief
66275d06830dea117e23d8881dab55bc986e23ad35a28b788c67f6d1b309b296,Banker
66d26dd106de6de0b7fdff9f071709ff0c0cc888accb4560a20ecea9a4ca6f8f,Shifu
674b73a3135a67f454fd849d3999843c80debed5ab46ab97c2a47eebae0e425e,Smsagent
67653fc7c0241e94a6d02be3a43977f5f1b4c32010122a17026d22809fa554fc,Zbot
6785868b8f03df5ab3023eee2c917a2cd7a136de6262fc76c4cde0009517acaf,Andromeda
67ad247dd8673d3105e1a5cc50de44ad2b1dd32e267b0875061603d1faa8cf2d,Andromeda
68326f3b699d46250af4014f5dc7f0ff48addea31fb2d472fd987fdda6a2f8f3,Zbot
684519820858b79a6ac04f3a6c25ca4bffd0012e32630eba740814acf1a9347d,Andromeda
689ea0ac489a9929212690c2ddca2d5b83fecfc40d3a13e49bb2f77201a573c8,Shifu
68a47c8f743fc9282d1dc6ae8a844b5b04a93bf5c9b227dc4ba78f43744534c3,Smsthief
68a55d230b5a5f135ba84d0851e4eb35b0d1feb23e9471f2e3d4c0b74e041d80,Cutwail
68df9baa425e059f5bee79e6e2da7150a409a6abbc6808780f6f19d50d0669c3,Zbot
6924bd11778e617ae4a80a0ccee1be43ac7d0915a9b2f2998b33e163d386099f,Andromeda
6929a24b7858db6b6a0a3ca12e832107c3393ffdb780ee8d29abca0832e0b1ed,Inject
6a1382916ea61d7236254dd4176908eb5b8a9ab6c3bf9ca73021ed2d7c0eb1a6,Smsthief
6a1ce1f5b951ab9ac63c81fb50f88eae60b228897e7d16d826ae90ba6708a92e,Banload
6b169c9c770e1e90b10c485c62c4f6404cf2d37f4982d3e598e3e7f04f873523,Ramnit
6b7cec49eaa724fc157cbc22b642e581e0723e8350367858d1d410f4c1c669cd,Inject
6b90aa2974c4d67c1fe9130a643cbe58e95ae0e4968e2bf40cadff0519215071,Shifu
6bcf73ccdd68d6dd9c7197e14ed68dbc9ab1b99068e42684e9a219c1ad9973d7,Injector
6c357f42e6353e7c89d0c1c0753a421f54d2c36202d808cf60c754a55934db42,Smsthief
6c45e5d4a6a2f32ff41e388b7db2e6678746c70cdf70e6dc9b48ba518bbb736a,Smsagent
6c5f5ab699e089eb5bf7b245bfcc98d1f3e967f51a164d73053346ddca5b0e3d,Banker
6c7397c7b985f94be47332e870466637d76852a3d3cac8aea948d6bfe10734e4,Banker
6c816cc0440dd399ed8bfe9658876e283b1f13f820666d9f1194472110fb09dc,Smsthief
6c964df5d77d210f585aaf42b4198be673e8b576c8cc09b830c013f0c0830141,Ramnit
6cb8aee50e119011a8d8717f17650319ce1485482e112d00ad1a4e65099ed37a,Banker
6cc324b7ef2ff811452360ad570cd2a9989162ac4df2da1a2df84ded9bb94006,Andromeda
6d1c3f200f4996ca7a03b8dc3b6da5872e132f8ecf5e00e247e29ddcaa5915a8,Injector
6d4f3e34e3ad817fb93422ef854338158c8123eb0a809aa3b166cc40d2d3a389,Banload
6db628d864bc254e559615422eee2a104f3716ae969edb7e8fb14c00a55f4b79,Smsagent
6ddb45542be06256daabe5adb8f430b806469b2b589a8e01c97d8b29b1ed6a96,Andromeda
6de8f74b7b492481495b154455ed222ff64e300fb4f42f43f7c3c317706fcb6f,Shifu
6ded55d62ff2903b6c67a25320e146b1538f10a7cbc107991e5ea0f84e18ed45,Inject
6e17d9f2867add04320e2f1bf41cdff56a4b5430ff41e32d564798b6e7f52e76,Smsthief
6e828d2db07c24e764cb8901aadc245906791bacebc7d2ae1de2aa92a72de5d1,Ramnit
6e98ef2dbcde1f00aa398d44dca38e615f89571c32c2c8489da2c91eab60fb92,Ramnit
6ec283d9658318a1ef5a5060d9fbb4e87f8ee9018f5861b9c19e9c5fb96b7577,Banload
6eccd38705469267f632a4074098a4fd10aa4e3fdb01f11269c26f757b6fb8c3,Injector
6edb2c5ac7228790cf1012b0ec2f991c95c080dc67897fb4b0c2fe83a0ba7fa8,Zbot
6f099ea9aa37a1870e0fa283df31d78e25d3193a1fc80464c05e9d4a5e57505f,Shifu
6f1b4c81a7f6cb07e7af92ebe9f8d1085c38a5ddd41e59b64db4e270f2c29237,Banload
6f40437bdb9e534c0ee414c243b7195f3b610e7d9df153d1a8f732a78c325bf0,Cutwail
6f45a37457191989bf091991253b2424115ad94999047c5e7a0a5a7f731580ae,Injector
6f53ed52e54fa7896ca49a63e6c359a67fe5a19506b0e219a1e65783aba7bf61,Andromeda
6f5bbcd33042be7bf79882f1edb49cf2bc6316c8ff8ec6473d3845b2e8f59828,Banker
6f8b012cfb0b2c67cb32ca6e5e193bd7d7b2b30f749012b24143137b2cc06e6a,Injector
6fe944ebf4ac1fb0feaa61c96c9304cd1c851a8d314fe3184bd609b6d5de0154,Injector
70146e39b65bcaadf91dba6e4e7eaab317318d8e5e1179fe28f5a4840b4ef894,Smsthief
703314ba154780b5bc578806ad8225aba2ac830b7a19a5057e191218f245f762,Smsagent
704cf31de6e5f7e62692d3b546610f8f5478dede2bc036da7bb4d6be372c4447,Shifu
704dcc3ecd51b957be48ca662d45097f1407b8c2e23e6e27b49996859b36da25,Andromeda
7081b2eaf64395a867203184bb82a4441dbd1b7e18ae7b5c696483c88aa28ab0,Inject
70cc68a726ec5c53710bcaf82ea2313b49becd6dac89ef6f8f56df883e32c1af,Inject
70d5ae19a762270523782fb22ad5a023db61855e9a968609b7ef2f33ad15c6ca,Ramnit
70fa38ebb6a9734f7b155edc1b1c5e4d9e9c10f972da8d032bfbd768e30a4f55,Smsthief
710aaf4e702f93412e4be9ed992cb0c30b0cb09ae071d59bc32e12e138d01aa9,Shifu
711c0bf7a2b529afbf96a4433e78163e0bf300361737d415c78c873d03e59be1,Cutwail
719843b4d80244d563f7e391551dc79d85d75664f777f7c9b7138179ab0a574f,Andromeda
7235247d7d869081106bab26b3b0a1c9ebefe853166195494858e4cf7dd740ed,Banker
72716dd2af5efcaf74b44112e3d59282eb1e0d6e6d0ea6fa313481cdc37b1355,Ramnit
72cbd206d8365e88c0b628533280f9fb92b0cf531ba63e8662211fc25cd58503,Banker
7325929e4e88425da65b0bc41c1995a80eb7b403bbaeb901bcccbf4b0e92b743,Inject
734b3171cf9007ff8c7a3a0f7e4f33b35e57433eae9c46729711cb3644cb47ad,Smsthief
735bbd5135097bd2123fbf78a3bced89a82c55f7367fedb3fd71c16d538fa8c8,Shifu
73ccecff4d3a4387ef0d21a3bfbcda157683caf1ad201a26f4f453ff64ee94e2,Andromeda
73f15f2667d0de8b128ea259550753bef8b99a2ac842fe9604259dbdbb4be4ad,Shifu
743765ff9a6cf24d02f2fc33d4db9ddb815cb3d4c62f45d2c667f93abc76bd71,Banker
74b8f89ded05562c901af5d65d5efce9eea6c8b88f87423b7f47d3d674ad3840,Cutwail
756508d51f02e71f72f5e39879d7b764296500182c1361707aaf2b5b9617360a,Smsagent
7577debde60bccb61f75a3c4ebcbbd7e47a2843268bf3a8d639b74898620280d,Smsthief
75dc94d875d74cb40ba425ba36b59ece5f7b0a4fc6b1ea702e6df27427ed6d5b,Smsagent
76c1ff0da52fc18aab2bdb3ce5e4bdabd112cbc4cf6f1af785c0570da4b56a75,Shifu
77391414cdae6aba2e0f157c365bb47b34d52440e5320536778fe7c9e047836a,Smsagent
774f0a4425efb4eb97628edf31143f1fa0087994b8b1e71b0cb641cd621a7838,Shifu
77580885739397c155b215503c9a98d847fed41a3c3dbcd1c419c0557ab1048d,Smsagent
778db48cee196f04e3f8d4d5394df46729b70937bc09257238e6bedcaee0df17,Banload
77a73d14d3a2da4e102df9b4815aa6330cae3c33153542630f463372b352e88b,Zbot
7856d19670e79038bb31dd7a31d6470a6430004ae391b4ae3de9da8ffab4b85e,Banker
7887d9d6b4fe84a54f43c0eaabe509d28521f9180989371e3245515b75d8f77c,Cutwail
788e895fe461bf3730d7184939cb483bbd1b457d1f7ea96753db905fecd5f198,Smsagent
789b5471a203c5ad50d972f0b60463fa9af99bf9cb0776d46d95aa65d5ee0bd3,Andromeda
789ea55dac5b11d719e0cddd54c8a4bb18f31957de7808ae7f066e21b28d2707,Cutwail
78d8e55b64a6c0035a4d822521a5aed97629b65321171cd35e3bdd4dd8a00508,Shifu
78d9d5b1e21ec37f1b0d84598c625e6be6e03dc288299520a6e3ea6270636df4,Shifu
78e4fb0bcd795a81d0cd3ee63adf87ed9ca51c8addd5e9be9bb33450dcdf019f,Andromeda
796420c2a9609df0b266ae6fbc5dc4147dceda0a7d197c9d322829935aca7739,Inject
7986d8b8ca5821402138fcd8165bd1131926f1a8508d1467782e3ef11f9ace9d,Smsagent
7a9415dbd6c02435d9f6b55d82ec9c13db754adca2f9aab1e11b13a193f4ef8a,Zbot
7a94927462d36024976980ae13c38405ecf1ddb081f46e708055d0a1c66ef87c,Ramnit
7b22a4101004bf5efad165b08eabdcbf71703a71eca893bdf13fee12aa8c9a58,Banker
7b750119decdde498531d7fff7ed93623244d6e8509d2ce67e3b51db295ace9e,Shifu
7bfa5ab60974c1eca38e0be049669c22cb6ee2305bb6099982f0cddbae6320be,Shifu
7c292bca7e6a9275462836cb59626cf41563b22018eecb6fcba8f9b53de65a18,Banload
7c50ac118ffe2a040233780f301c20cc34bf46be8546683c188737314ae291ae,Smsagent
7c97e46ef88f73f74a61143dc88d9019f46f4462152077b640fcb9558647278b,Shifu
7d24d2f99d4ba23765a20b1f0e57644fa443323bad0ba649886fb9d46e94f452,Shifu
7d939c235e79645dfa6acf1905a129bdc660453aa36fe857af9141bb1c746aa1,Banker
7e72813648813816ff670db87564acf839308f152803a260db9f77ed8c571c6d,Banload
7f5be8939a5b8dd87cbd8b89dbc4e6350936d4ba0a81fbdd8d7438bf871f7910,Cutwail
7f8a7add0f8db7446915847f6857e7cc72ed35ead3f575d96603eeff683d0940,Banker
7f8f7e323b6344950a1dedd802eed3d8559023095140efed8deaa3c3d0993d90,Smsagent
7fe243bd89c9acb89e2086b5e665602c698157aaaa8e080139eb853c6436fe19,Ramnit
8006e4532467ec6537c817bed6d56388a33a74f6236815577f8f2febee889dbc,Banker
801804105b9c511479e386ddac051396b9c50661f43714bdbb9aa241ca9b7ff1,Shifu
80649295253689bb1fbddee6257a4cd8740c453e06c9913182e10af4694c2cd0,Inject
8070c02c54395ebf9f45c3baee066cbae7301670e92e964d184ab455a82029e8,Andromeda
8075a3bc57aa4a94148884caf53727c170a45d80624e381037c4ee6917c5a971,Smsagent
810d84d9949eaf93577ea3793d11cbb60d38b3203569be6ab0f4f8748bfd856f,Smsagent
8129b3416b91a922f88970a548d74e383ddc1745983a86b163f8e094f84e7999,Shifu
814f335fd39b06cc0b6cb86ab8564d043ada40ead8933f3226404b3c87649a04,Cutwail
815a5b8e3aa35f1aaa5c29b6f610cc433e7e41aac97e7fe4327bd223b1b8bdc0,Injector
823ac9f661d7a3319acb8d8020cc236fe40688e7ee9c4dc42334238958710776,Banload
82671f45baeae9bcc0c12ea83b90ef0cbbb4c867fbd484ea2a89ad3935ef5111,Shifu
827c5c4547c55ed0b31a22b0e2cda888cd8757a1b9c69cc98a464fe92d489185,Smsagent
8292c8f817fa70a558886659d02c034d54fd9512c63048f64d498f40dd5b3d1f,Shifu
829736e750a8f20e4bc0a0c8ef9cf79991d0f8fa69cbb2c4d1eb75ae1cc9736b,Inject
82b618a47d73917e6bec9b9c718ef41c14f7c5e5ed66d4d8bcb1039314a92914,Andromeda
82f2fd5bf8b761cd6c884cac88c3d07db15b2b8713bf31bfa1b2755e581c5ad5,Smsagent
834d08abaf24e497e4e362cefdd0388951af90c4103e1b73118a5be07aa15eb9,Shifu
8354ac30acd643c7722b0c2243a7b25b61e089306656a45250ed261fed535bb6,Banker
835be96c75eea3322cb98585eb974062d68ea8ea42422138fe4cae6e120da729,Smsagent
835e987c0b16a283e5175249bde3bcabfaca05aa2cc946e6e2c0706249a99fc0,Banload
8396c041d0611bdda0f366a6c078e32653908bbe314d822b66efc17286ed70e4,Inject
83de81419f61312997c8cfdd335a62d3a441ecc67ef1f518cd6d5b9b15c2c75e,Shifu
83f0c7feacb08761c81bbea6573be7d207bc7c7171fc66ab8688847683e0617d,Zbot
8429e5a4a2fe08351de9c518008d2517f46f719461cb883684e711947f1245a4,Banload
84746b6a96c3470f7718b5c452bf6b26f98aed0471dda3905af889261e42322a,Inject
84d8016e4e03aab397e594cfa82b021aa7f7681fb73188408c17568736af4d72,Injector
84f3f943e1324ae9ae14783eb216fae9b4cb771d6044b31fca5e9ae57a001d19,Zbot
8519aee90cd2cd2b5097e1903763db7de5e481201dda43b22b5904c964c37426,Ramnit
85219acb7e13782d2cccb800a911ec7523f68816d47ac78fa5e46f69f0ca9068,Ramnit
8529d58c1ffc974d911d0bc988f6da4be80418a56b03c99261901b47efd75393,Smsthief
85d0fd3dfff930a727a0bdffff7cc56f362a0fcd2432a04b605ce076abf45a08,Smsagent
8639c1ee283e5d31154ea8ce13525efb4e458d9bc100bc63f749c352f4d6f790,Banload
8681cd1bbbce890171f3bd6d8786a0e2086757c464e4b2d5431fda06531dc74b,Ramnit
86cc80210ab7131a3da8b9913f7d95ad92b32f3e9295e1a76483167496b8a18a,Andromeda
8735afe6fd9ccf5edc26beddcb5aa80ae1bc9fdb1cee1fe66a9affc699d929c7,Banload
876192e87bae962525e52a470b4da4336e4ff57086fda52a3923b4cc93c9038d,Inject
879e590c349939023313899c457e5b23aded02b6879113c5b9ffdbdbb72619ca,Smsagent
87ae286b9a9adfae2e3e5e187c9b2dbbdf2fc31148d06c024c06c61d46929390,Cutwail
880feb0e1d3c0eb83e4fbc5b7a59f7ca6dcdebbece2176fc4599bdb70934b0c6,Inject
88534d15f08639f85b9ec3cd8497dc8b8fc10969654b3045e26d1353145a881e,Ramnit
886da0e173173ac9934517eda672120a0a7574d30b112831d3d9ba6281406730,Banload
88c707846edbacb6c91fa6c7d12a7e60466bf4af95464518b41de143b8d80720,Andromeda
88c85f25203579976334f7ab6ed1dd68d45b098ad5ec2caa19a56c9f17e30618,Smsthief
896cb7507dc15c00142118535c38a584b75fe399497b62d34e79edf18293784e,Injector
8997e85abec7d7a6995699fbb4b712dd8dd9e63f480c5f11b8a1781042af0ebd,Smsagent
899ce0e1a30230d7c0ed7f129bc274256c8a9aa8ac273f4c4101eea154e929b0,Banload
89f60b48294111a7a3ddbb2534282c25165d91a57759e4b3734274cd0f583a24,Zbot
8a204c690390d3daaa7754d609df217d6c6dcf1d4639c72b0b353c6c6a43101d,Smsagent
8a3767394719d52953ba4284b29241e4c4c3724074bf96255f609cc8d19126f5,Andromeda
8af8ecb1842394fcaf588253d057ab9d96812fef0fd29d9f94bd5acb8a934111,Ramnit
8b1bb98f61764d3b98dda9211435a122953414896661ed32a475f39632d68da3,Zbot
8ba40ec6e7f80406671a00dc66bfd09be5f7eba52e4efe984f4605a10fd374aa,Banload
8ba8eff39f799f3a0fe2daee4dc2073292f7aa26a2e08dac7f905a188a2bef30,Andromeda
8bbcdd53db290851f97c711ca6d58bf54bd2e960cab8d36828c045ba8a855224,Smsthief
8cb01b190c0dcf765c82d7381af5d2fe6a69bb2285ec357ecdfa298c0ca59a78,Shifu
8cc9f3ffa1f681f86f99fd6dd30a113f2e2ad1a1d95383d818237a8d57b3f04c,Shifu
8d24c56a87486990840d7f894ebfbdde4d7172637e81d87ef118f8ea19cc1615,Inject
8d8b0316a98957bf7aac581d41eb52cbcf68f067add26b22a8e76c803c3a237d,Inject
8d8f4d884e4cdf8e59dba150cb91e53ba5170047f4f6d1253544bb345ec5a246,Banload
8e39db8daae2176f5883a6d5a37509cfc622dc8a47a70185dee11d9817ac1fb7,Banker
8e5741f29a2858f189fe10caa09200d34c4092897f5e7b89db3acf7519ee82a2,Injector
8e754d8543feb676669d17b27f90a230f7f98c3ec78d8e0812302585ada18681,Smsagent
8ea4909c6ec09010f2efb8ab26d3226368e543a3c57c4977215c89803ce9c3b3,Banker
8fb478dc42f63ecb3d83e50b633d9c3c943e5f53031437b9b913ff32ebe3469b,Andromeda
8fb6d28c80e2ca57f669d12785d5ab0e4802e67397fa1ad9628feb37e7e8771f,Banker
8fd1e6871ea68a6881cec4997d94d88ba83129ab71067508202dc3dee713e0ea,Ramnit
902b5cc25cca3181c31e13b92cc7e5e5c9e0d8ec78777f3526df91dded5d8607,Cutwail
90318def7fbf113e0340e3d2a28349fd6ca86bff8b86424222a8afc44c00b4a4,Cutwail
903ff96d4ebd365b09c45af6d91f88709bfbd0a2436e022513c7f129c107e287,Shifu
905bcb2a168365e7815680a9ed67bade685eb46c73647aa78f0a6d0a0c430d99,Smsthief
90bda966858e678c97b6eef198fbd260f0178a5fae7728fe5d3c9e2bfca375db,Andromeda
90cc6ca119284437c598fc65b2a24899786d29f46dc4a504e72cbccff8b2a245,Banker
90fd7429a06453ce9da048448fc5ee0fd53e7f202d6df58fadbec241d17ce96e,Zbot
920c7f38f99fdc9394e290ca50e44d289ae1ee19f47817d901babd3259f85ff8,Smsagent
921d4760f86517917c34fec557994f683474b6ec0eb11c22604197f62b941cf8,Cutwail
922d639094b119296e9e161db6624d68f4e19b55970e91665cd1fb0179f0bc0e,Ramnit
927bd0423fca90beca443306750da18ad6cf3b8e4ca9b9bffac9faabaa00ad2a,Inject
928c293707dff8a874f44038259c30447b297f6f2d2b38d437beef784844e04d,Inject
92cb8162587c80880a8b86417c3856d1002c86cb6e670340294225b7ff02e90d,Banload
92f7c2c818beb25d63c1175a9cf66524e1b6be49e5c2250e78d9bc8c0573b7c4,Inject
932b09c927530669b6e9e01c25b7725f733627f8552aa5a7eb3cd1a55a53097f,Banload
9332a892a51c67d5f31f3522fcc21458eff8da8399ca6fc02c7c88e031beb7e9,Banload
9332edd81b266c7e088974717ef30d7565955015e49ac891bb52c383f6595f69,Andromeda
93495ee64a2f2ffaed77e51ee13e86065dc5d4d3acac685c7ae80f738befbfc3,Inject
93ceb3977889318612ac49e20080344b04778857d4c16929646a313d9172d79b,Smsagent
941b72f0f6a8ce344e934a711a63117b7ab6d441371a038868306a921c0e222d,Banker
9440319c84dd6a350460b7c132a51f8b885c2203c7a685f0a6023fc581e3f197,Zbot
94802defa6392d3c54bbd878de755e83774137006300eccff83d6676a286f66e,Ramnit
94d2115b9ce6dd900bb3ca61bc7158e6c741118e47e3dca15ea71eafe2541d33,Ramnit
94db39bbd97d0e65fa698458f4baba8639f043bcea047523c7e476c2ef39353f,Smsagent
9536404f9f3274f1b4c5fa4d2d3b5843c0ba0d521b0f3e38f236b5bd54aeccba,Zbot
95519f1ad90106c9616231c4e7c42c6423cb6a4eb89e4bb16ed19567c4cf9440,Andromeda
95c83355747cd3895ea74140d61ffc2779cb8752040ece3f618b00f9a84bac5b,Andromeda
95d35487130758abe4a4374e0db11c6c5f7283f21ecc59dd17231ec46f7adc2b,Andromeda
9607e68f7fbe678c0adee85962a3a9dd13a2acf7779f7f0ec8a0c90edddf55b8,Shifu
963028704b3d208b0dae83d7a200fffebec0a170cc870b23d362e54255d69a4b,Smsthief
966334685de04e2f3509b805d1895ee4c5315d05984069770533cfcb8d5b286b,Zbot
9692f8832b9c31b385f497c9ac586f5b032ac5cf0728508d2f1cde73d38f1b77,Ramnit
96bd7b0af7cf664f29fdad27da0c620ec15cda6124f644bcc61d0e2fb19ac54b,Shifu
96fab71676c33113fedda59462553e4902a32bb271f0ebe8f1fe70b316cce9e8,Inject
974372f9f309cb20034c4dc7a679faa094940443f37191dd4e017e89d6b2ec19,Zbot
9760cf31502ef02f7a0db761f917188f0228fc9021a1765057c537b566d4ce91,Zbot
980ea0090a3245ee51e5be999896253219ceae9123d566bd599e0fe49210bd7e,Shifu
98498da373493cebe6eff94f079b967d971ff4d4560ae710f95347d9423875b8,Banload
9871167afcb58496f7a54eee270bf7a1a6681f7c168a74ab90880d85a2af5bd0,Injector
98760523f54dfb18553af6776a985e0e3387e8cb821f6ee139f7c0c5631b5334,Smsagent
9879422ea2b12808f11d9496f65a41f8d096ad71e9d1b740a6c6bbbe12918e99,Cutwail
98eb12700959cfc276a3ba43778c98be77970b723f238d81de99ef115a334cd7,Banker
994cfdfb3b444e67d05a223ef6b7a76e622dc454061cd5b13489a5af43b2e721,Inject
99ad1e6f61109a0cc45163e217d8ebb586969c9c8b77e974e0a7fa9fcd3b3a24,Ramnit
99b83fbcb1c994abc61d517f0f8f1a57866698a267957f9afd25f2073d35bf69,Cutwail
9ae974b583e1c65dca0b28f8916ba6d3c4a95a569aa14f397973da4358fd6152,Inject
9b2a8c43bb6879781959128e72e49cfd63d780df5b7dfe02cedc666c95980d94,Smsthief
9b42a6efb5012bf5793ffeda3ae5eba2385079c19fdeec18140d33f6f8264e82,Injector
9be5bddd95528ec18c3874f8393db5c6a10d2018fcc6385fe34e71a7376cdd79,Inject
9c0e536e9b83df4dd694db17287d16041ee58143e6436e20c345db0e59a495b0,Banker
9c3aaf2d00eaa8edaa1667627276758452b677840065e85f4ae30ae369b2729f,Shifu
9c3ba82b4d3c52477c1027daa7cd4f8df280013e9145031cb3e4de624b75925d,Banker
9cb432b80ea6c78a197f92b934206e530dcd54a12f9fce1f213554776f81b72e,Cutwail
9cceca77455836d2b22e2a2d4d74d69126394c059e85a209988fe2660fc1230b,Smsthief
9cd96b6dc1e8bfab8d3314a1c58a7c6180889798ada2745cef3fd410d887ac47,Smsthief
9ce442dc980e0dac6d9359f9343a3e491f52343bfd2ceb5ed13bd7bddb1dbf94,Shifu
9cf0e3b14a80e380c31738a0c6867152c43e2d21775d41b692f1eeee34e940bd,Banload
9d170bb5b025e03a5edd0f86e8f2b22b2e2b303bc495a2508ecde7e767b4ba1d,Zbot
9d1a6a36d8f5933617270976d4a75c5defea7de5293b873858f19ce454662f5e,Injector
9d937e5ef6c470b5ec2de621c0a36b964540fc413a276eb262511041b8aca04c,Banload
9d93f114ccdf892e3c89d9492008b8e1edd564d6a686a6d9b7859a7eda2ebc55,Andromeda
9dc25daddaa511c2402341c3810b05ab57c7b516f4e3b17bc54777d9997057dc,Inject
9e274a1e52145f6532a91eb3bc69287e97d44985d6ac2d58ad71e80778d2e864,Shifu
9e4c8339b049ab46cc059a8a26895fec087802635aff18ab3033b5931a3dc166,Banker
9e9b5cca72df25b15f55ee62a8a3cb8c4361d416d794696475127c9bab596317,Banker
9eaaea2ede5e9712f8af751015bd667488948a9424bd56b9576c845191c88617,Andromeda
9ee4ee7080a98d10ea6079cf9624dcec032b12bbc4fa18cb381fc443eaf1e0ac,Banker
9f0031f991583951f4b6dcc9fdc4dc8d39cb00cfffd2f21acdba4ede10d22e81,Banker
9f6151d45dfd04d9c667e13b88eb6b4911e6710d2019f9620adef261c4fae480,Cutwail
9f9d3c550cf51489121c9bc5f7c048647798a7ccf2e7022642cf31f4fb6d1d82,Shifu
a01cc764fa0312b7d94445426cff58f95f64f42e21d927412ad1f42a567ec5f2,Zbot
a03468704ad726b455e47ecf215cc2104b2445839a5c77a78cf443d329aa74df,Smsagent
a0b6e35a08c0fe688e2ba668d5a544dc30033243c1e92675f90193df8a8f6c0e,Zbot
a12433cca47167a2317cd807c5093e312dc03f8a22d8dcb3d6b029990b5d7429,Smsagent
a16435786e8c4e439e9b16ce9a7043d2f56d014d92d733c798bda8571ba36277,Banload
a16ccf88f893288309d412ed3554b3a1337f771ee5969349d872c3949885dde9,Andromeda
a17528fb8b1dc68dec91751963ad9f3b659836538856038c8d6d4676f849fcb1,Ramnit
a1938003366fbc57df03b3115329d28985bd87a0051b3636ebc1ef649744e6db,Andromeda
a1c8e1804412f66549a45369644df37ede2b8791475b00312450851446c0e9ef,Inject
a1d91cd5c0c1f01317b67a116641bfd3675e9cb34d50080e13e28d73f2cde71d,Zbot
a1fb1066532ff99fe46febcdbea6387298252549fb68d16c98411ed8974cfcc6,Banload
a24dceb0e2a304e9cf6861ab45814bd15248e747541b93c0ec2a036f37809828,Banker
a252f9e8ccbde86d4001083d925d5e7b41d83f3a0fcbfe58bea46d3d8876f2c8,Ramnit
a26bfd8b88c9a8a6e3b5e4abd68c85fe59e560c5189e016891bb44f525e7ec28,Shifu
a286455ff4d18ce4a8100fd025779871b290a98bf1373a0e92a4b8587f1f6a57,Inject
a2ecb87a185aba0cd94ddc04721a8579bf7a1d4da315065fb5092644f0e5d98c,Andromeda
a2f1838a3b67715e69fd2f96df15ab96d3705a97de02098738d867681b40558b,Zbot
a311baec18c8e72de306c4f164a82f7d45e5ed8b11f943f6f5935c689a1aec6c,Zbot
a31ed8942ece41018e82e3c1e7473edf16ed1d9c8a94d310a4f5fe25cef58c36,Zbot
a33d15e428eb521b264e1afa6cd2029326ca2159aefa080c0ec05c4f942af34a,Inject
a3720a1028536fe458ecce10c234481fea1e2e659e675aa62efc68912fa65cb0,Shifu
a3b96982841c8696afc9d2554622ae69aede253cfb6bef8cac47eef3525bab8d,Zbot
a3bfe942b17f71a2634688f53fdb8adc10def1038b61c34611f2a4f7319bbb5c,Zbot
a41208622d3d9ea79033f094eeb89da951e665aa369eb444e01b756652b3d9c1,Inject
a4170996dd555512c3e40be17fab95db77d0a375310c8c0ac5ac8b23f5fd0c0a,Shifu
a4408655eb9a57c8b825b4408a3ed241f813ca745cd028438de6007a74c99fee,Shifu
a470c18cbe344ccbfe04c595ce1b4234cc099056a1469028ee91f02cbc7cc60f,Injector
a4d7c83a7a1a92a948b923509f5a1234d808f158748e6de96def3362fac653ab,Smsagent
a55fb0d4246272326e79f25eeebb383a02f4a110fa4c93f1a870b7945079d394,Zbot
a5b554905e564eccdc96dbf7cdf7986fe2bcd2b343bff275fb0e87cc0604d320,Banload
a6046e292367237d02b28197099effe8bba97db201819927bf71b9d3ee2bf465,Shifu
a61d8c1180bbaf4f316a3c9c53a7db03e9b15bdf19d9a8029a3f9d475a7e6a32,Smsthief
a66b5b4e6855bc9485e58558d370f01dfc4f493e5f385302d6c77a42f7670538,Smsthief
a691b42a26d7447b8b87989f07e1ae3539920ee479261ee485e8e4da79a43cdf,Smsthief
a6ba8d9b60ebe25045297ba1e21fc53ea4c07303019a98b831915fd67567872f,Zbot
a6c46c1703a3d7361b071e646208a8949a87367c27f83c046080f3e507b27501,Smsthief
a6dd67c685a8dbb8c69cdeddf5d7cc4bcf50f71c40da1e3cf0efc6e2e81bb86f,Ramnit
a6f6d3f1e3a0c69cd78df372ea7cc76bc7628be92133ad8f295737e1e66a3da2,Smsagent
a71abf3f6a9bffb52958fdb75c427b329508b8644929eee87d588a1baaeccd21,Banload
a71ef6d455815f5cba4b79997d40ac3c87a4b978aca92d61a849109e7f9e259e,Andromeda
a7906cec5061bd2f817f8e0d47b2a5073b8044d7aeb54cc3b5167093e69cf5a7,Andromeda
a7a59158f9f69bfd0c98c29e8817e69c7e48ca2eb253fe192fecb7422b12c850,Banload
a7e5917a2759ac08f9ffd2a2df7e22f4ddfa47386dfc0dd30d5d555433c8827d,Smsthief
a812ad05407569cae279e950ca7721da40c6f69fc68bde44fa8c382f90363936,Inject
a859ff368b43948ba86284ed772107e04bcf178babf5eefa8f3c18b2537e9f4c,Smsagent
a96cd7786c6e339117077fa8b79c964a58035b2a0a69398fec8fa9ee89a93b76,Andromeda
a9bd112f476409a20b7843b182117f5e98acdcb2810d92e6bfe99b2a1a21a7c4,Banload
aa4a1ddbd8314a78861045ac683154e1f82d54f98b554b43b2c228326113de17,Ramnit
aa7e9cb8aa66f58188751e0ef60bc4100adf440a5417deeeaadca0c9b885a539,Injector
aaaa12ba69af3b1de6fdf9bb465b7ed1ebf7fb49444d142006b7422c7c68a195,Andromeda
aaab28b3645794ad31a0781a7077d95371cc53cb73fdcb3bb1a87586afc2ee6c,Cutwail
aab2edcf1a19e71058eeedbe106487389bf2397b1b446e9f0f3586b8a1191489,Smsthief
ab3655ad5c9278cb0804f662ed68b0f8e71bd78a1ef3e84d55654aeb988d4214,Shifu
ab3a06d98ff561006f492dee2bfe7be6c90eeb34479667ffe42f079593c6dd18,Banload
ab4c3a7edb8eb8189a0821854cc10dae511328767c814cc36a72e5da63cfe372,Zbot
abca069ed3c283411a790c1b42a002d740f43325740419d5133dbbba7084d1da,Zbot
abd5233e9920b4531d649f4d5090022490a639b0f3220903d707684230b9a214,Andromeda
ac335e0c65bef403e458eb5a90dcf55e8816cf5998264e032dda59441c22279b,Ramnit
acaa720b716d92746070ddc41de16630a56bf03ae555c86b10beb9286c6ab056,Shifu
acfef32739b917d1f634cf3ff658b8ab8f2161afe8cee7234d5db9edeb013d32,Zbot
ad27bc6d7eb45aebe117b5ae5fd07604b0c1f6e3e3e008f7bba5287f8813ce04,Zbot
ad286ed6e54367b4599bbf770e2eac4b06bc100d60d52f180a4c5ab21bef4ac1,Banker
ad763fb9281890b74f50e88ee7277ba6e588138aa2a4461820d4454326a835d2,Banload
ad76d2ca3f4b5507e4f4fb3433f4e0ff75d5cad96979a91b990e551ae11919ed,Banker
ad78cdf3c99a9833f4b534da608f0ea3029088f0757b53bccac77a3cf4611744,Banker
ad8ad0a83ddb52422f75e8b7a8c74dd9b310c9f2c09c49f86536745b95cee568,Cutwail
ae33ae3d1f11a155d50b3a0ed62125fcd1b5d1ed1e77a4b868c9e85fd6aa29cb,Banload
ae68b327f5961768ddea20bc53877bb5a5c03b80ab6aa8ba930dbc68ffdfe9dd,Ramnit
ae724e1e51c3355c92f10c2b64d6c125c607fb5a8537eae8f878863b42a9cbe5,Injector
aed26239f90b83a296caeedeaa416fc756c4d73a75b8e4b68db28996cb9dcb0a,Banload
aee0a124570a07e4eb2427e15aed37e836eead88221f1f1e698164ac2c447315,Smsagent
aef8ab839df4e9a7d06fd7c121ee89009f7c9397901f3e36174ecdd380ad9e8f,Smsthief
af00c3fc1ea1c665b73e04d250b539eed745b37896db2067b33fb4ef4638040b,Zbot
af107e9e66279aacbf8bc598ac7e3d1213c07f98d1566829195e581a27ec0ba2,Smsthief
afead29544b64bab63a3bafd0c3e1662b893b3c7dcd201d6fa3c082d82e80c12,Zbot
aff4a6b969f1a5eef7d44c58c8fe8e88baf43ff38d84032bf0fc67da3f8620e8,Injector
b024baf46541d207d0d8df5648990afa8d99db50c00d12c6ec89fad61e983d7c,Ramnit
b065221e4db50cb141ec155b1cdc3b34c338eb6f9744f654634212335b847e2f,Smsthief
b06d78c306d4e4e4813e14ae4cbb88a6d2e9b8affb7f28b032ef478456c43647,Zbot
b08c983cf14d019a26d71d314eb6b76fb1734060e2208019dc79b51168d23f7a,Injector
b0c714e0e41ecc14194ad5892ba07e2c95dba08fef2d373a7b3ac309a850533b,Zbot
b0cd28f2737866057b99ee912ca4973cea11af133c7779128783b813ce91ed08,Inject
b0cd53a512bd542141225df9ad798ef56110e42ea090a4837129e16d30b9db1a,Smsthief
b129228bb3e0044eb5d6ecdf3057ce631daec15876f8c5e201164b624bbc0880,Cutwail
b15d7574ca59ec03d9e084154830d9c3a012e871055b531e015318ba909ab0e1,Injector
b18c8977509ea8a772f5db9631330b8e91e364587166633414bac9e0c22c6851,Smsthief
b1c96c5689efc8d710534b7f4e840bfd4f7c969cf2751608ca1bc866c69417dc,Shifu
b1f176f26d2045c0b37b0dd7db7282c901c4d277dfa76a76d0bfb2e664598527,Cutwail
b1f9dfec2a8bd406e96f619d4f78f53a163eb243c541e9adbdf171b522f82d39,Zbot
b20a167552434023cd7ec5493c816b13364a3abbd3dc1d21f9f73cae612d3fdf,Banload
b29ed14c3915e042ac176aee9cbb49476e6566c1e5c1b480021d36c83f92042e,Inject
b2d3e3bc36312a6fe9ed0d671850a3a83932aef900058551d22d2a9affb8f624,Shifu
b2ec71b898c517c5c781342c36c6b36c1984f02934401554082279c9a8a435ec,Smsagent
b30a3bb0f4d8f815b3fb0fd961be2dc8a61229c26848930a52eef65e9f022230,Inject
b35c2067e216e5f45cd801cdd4d25ecb71798165b2876d6dda3a24515305cd60,Banker
b3a3818be189e7abebb010556b6e59f263ac752c4a37b04df9889537c0b74472,Andromeda
b3f07162eed93503961834ee93b178d9074b7459edb78570cbe81f4cd033ed5f,Zbot
b3f11358d3af9dd752676fb49562b0a69ef91f547840744007c826430b69f547,Injector
b459211760c36c9d458eee198a42ab6ea583ed9ad19cec46a68e9dc2c0776822,Smsagent
b48a61bc23238dd789a42c057340a9cb6571258ea0d2e0f49a02ff9a76f09b0d,Smsthief
b50c2dfb1c926b705020036310f12aad7eb6da209cadcc5c680131b70e574a0d,Smsagent
b50d43be08f3fc1d16d47afc6b86d052c0726a3a704e0921945a0e0389c84982,Ramnit
b51430347fa5ec1d8b7184efb49ba0bf9be8a833e14d610787c6542084504062,Smsthief
b567b7916bc7ae300f71934ba17d6c4d4523864fd4ac852c78fd003822a56cb6,Ramnit
b5692e48f4e00e3f4f52a9b760833ef645577a95525f3ed6f865cc33f77b33f7,Smsagent
b5c9cc6685569017437d7e4f7c608b3fb56149775185aac6d9a5f36dca28d54d,Injector
b66983fc3bb467a6b120d3800c0b7ee06f1157be0e178cc4c3808272f5f0521f,Smsagent
b695cc91a5827fb8b93f55ad8d1f107491ec364526e74688f8aa717961e7e25a,Ramnit
b6c13fdc7e1a8bae797dee3c1a42188d5fd5f33238cfede41e28c0a91337cfcb,Andromeda
b6d1dea6305bb5dea76247fc48690450d9a20bd853a0b549bdb6fac92d331ef7,Banker
b6ee1a98c014470367fe41549c5b8371a1de06f94d0e01487bc498718256395e,Inject
b702c7bec3d2a4cccb71c99c5d97d327d274b0fa435eed73ad34af8d49d7f16d,Banload
b7486c3d32aa12e32a710819d4b329985e004a2b078d5791f184f6e47e13bed7,Shifu
b762148b9e72a0c536318159af5a079a8f07df0b3db1ff57181a8c2977016f42,Ramnit
b7ae001117682ad0d4a8f5dafe7424a8eaf3522a0f16d3d8778d32f904ef1f69,Smsthief
b7d57ff20fe294ddffb585c605e1d384a1c6bfc90e7ba37650e1f77f3fafb037,Injector
b814fbb1e9b60c8f66ec249012bc8e7264bd281656b8e45d30907ab1c21e1b37,Banload
b879c0f4119e288941b07423d62f65838d3d6594f92e9cf928251b2f9a2210a3,Injector
b87ed4df4f729d39ea7e443a9ed6bb31ae763a4969dc6b5ffc6e96b3c9eb13bb,Ramnit
b9a8fc4a0bbd272258074fd8ae828b0f4d37879be16fb54aa3a705ea62214949,Cutwail
b9e6ecdd9dd62dbee6ea2322a6f1e3d349e29e4951b2108dadf2723a96776be1,Smsagent
ba5bfa8e0ee90e19912e17d767be3f40b7410d9742af765ff9cc063d2ff2f308,Ramnit
bae7488fdeb9236324ef8e546df6977cf2cdbf54a4afc057b2951d66463dfb2b,Injector
bb8e3daf2c6584dc8b9684c409cee5699b416c679ffbb961a808dceaa3b95b0b,Shifu
bc9fd57045505291cf5776205155957bba8e2b4d376926925515ba4e101e778e,Shifu
bcc825eb902a71bd5c9db37c6f39de4f084b8fd9e74fc02e005f0f47cb1fae55,Cutwail
bd179d79a264ad8bdf5bd8a0128c5e865a080a0915b8b41931d6c275713f6a69,Cutwail
bd3c6f1f4d97cb6289c9f419bbbd576e5f93d0b805f2ccd8c602a8c204cbb3f1,Zbot
bd69b7115f0a9704e7ddc9abc865b6291da9a7fc14ad108551b60c8d833f395f,Smsagent
bd788b4ca56a7de3f166d512a2c48b4115111e8bb36871fd0fd5c1b76da706cb,Shifu
bd8e4d8efe0e3689182c841b40c8026dfe904dacf41270fe4eac3dba57549bfd,Banker
bed24b6a88c2a2aaa9e496fe9625ce020d4fe325cfdc3d1458db3a2319cf2487,Smsagent
beed4debf0329ae3ffd02b7c42e90705b89f379b1bbf068e7207ce52dd366f57,Banker
bf2bb1d6eccf86f7e90d90abacdcd115226dc5bad0d52faa7e70eb0e98e53f67,Andromeda
bf46e4a979d112eb20fc0007d16302ea269929d3f857244e5471df992f480826,Andromeda
bf561e084fe277468d2a708630655a6f40948336baaab7a807d6996a41185c1b,Injector
bf5897ff3fbf4ac56034e33e4669d2a20c5671b1321862f138eb5ba7d492022f,Cutwail
bf649ded31b68b4dd27f98e001aaf03064009e2372746dc76dae46566a083b26,Smsagent
bf743aae5b88a90bad9040e28ceab5aa1c83036f07f7e392cc0856d6dda0c13d,Shifu
bfc206a0ada7c3ed95f32511b6f204059d6571d452bde77077dd5a55b09b52bf,Zbot
bfcc8f7bcc52f177728e204f87ee75b8f62dc12744e7424357b524ea1488e112,Andromeda
bfd8963eaa465d71fec27c260e99d827836d2d4b9e5ee113aec77d2a2323b492,Cutwail
c00f8bca357d2bf216f3ff1a74068cbce9c3000400d2ffb8abeb6258b6d964a7,Cutwail
c0321d34b9311dd7c48219132f0ebfc8dd908c0d65290a17db21a51ede85b6ce,Banker
c047068d68571331557050de548a28aafa9e6fd25e0c6b6c292467cb25930f72,Injector
c051f9def415c2e7ee6e5aeec2840574fefafb69440a16162365b295e313de6a,Injector
c08dae975e6c561d4356aee5c4e7846f86ece6e8f4218d2de33d7af3bf598821,Banker
c0a8f6e19cfeee218c3e52bc5a0feacab87f3a88024afe939136ac0e3de73780,Shifu
c0f6f9bcc564d220f7d3c05e5713e57d761e1cf6c9111b973dcfc9523c44df5e,Banker
c13bcd0e209e208f6fdee7771771c38c0a6a6d5bf3222ac9c721d26b29fe1015,Andromeda
c1cbecaa6a746ff744ba6b17a82e504cc5928e669a24e637661a7c98c0747122,Andromeda
c1f7a4d708cb94333c15a558984e6d515ed5a4949e15a6eeccb87c51d911ee1d,Banker
c22413e03bacbbf82fdd582138f2ff2cd327c1d486989ba3cde7eb0818285e19,Cutwail
c225c069381d924299a53556887737cf0af02f2a6684d650497c2c862f2afb9f,Ramnit
c22852d6f6f5f0028095e9d0454ebf824cd3998d4dd085eb68b92fea9a6b363a,Cutwail
c2401c974971495f558c362917ff8778bf5484ad5410b52d31c750bfaae87d53,Banker
c25ee39d7f78f255a9e53dda0be76e3c63a5a899155f92e35585cc19a6e987b6,Inject
c2db3aec2522668bc4377db385abcb14d6626475803c2923ec86a8f18812aa25,Banload
c2f8ce8d0209ec936eba1b0709cb73de461b0058b6fbc66d66f4e86fecfa0f70,Inject
c32fae02aff3c94070924c03a262237871a300dd6cb48513d2abb69ca7b51a2d,Injector
c3374329e40bee6d77f368c91db3ca5e89264c5b3fa5c8fd6968454fc99592f1,Smsthief
c33a891998f21638b719ec2bf17ce80825d403419e73ab2eebd416739acec0a4,Inject
c37153f73039e64b5bafc2bd72183ba83e2f6a77b5cfa232cb277b50fef4feda,Banload
c37e4e62dae7173e8b159c5f4f0bd8804da5d705e4d87971af24f9d164839b28,Banker
c3c8425f7514121eb7cbdb95ec87e32d2199977ec33c07a7d6eb3e288a0679ca,Injector
c414e101d43e6c7fe81e72c9ef1288cdb6b2f43799f3f4c8422719bcc01b5a4c,Ramnit
c4231eeb69ee85397de19dc7ba53c1edf52ec9733f008e5d6516c0f8b566ddae,Banker
c4b1ad1eeb3d630352544e43de48ee9f423aa19845062de2f4fa5cfefd8da186,Cutwail
c4d299b4ff962f8c93cd697623d5653bf8aa2fcf017a81da805ef2d40b183fe3,Inject
c4d3f8dc20c7e735d1f0ddcf9a326eaaee3d9b7536a562cb7ca9aa22ccc06c51,Ramnit
c4f6af17f6a8125c09a73a98b720f31a055fd437d1a753b023f6ae2247ce65c7,Cutwail
c5119fd00636033b4b7860ed10f04db1d297f5da0e1d15cb6d3254fead66945b,Inject
c5194007b1b5360e75d970292822ebd2518f28b307af47fcd1e53282ac1044b5,Cutwail
c564da9a7a06dd09fb9fbb244706c9e2cd7f4711db64825d4cba271ba1903d67,Banker
c593073a79410c624165407616176efa71bedf67d254a545f12fb347d5d127d6,Shifu
c5b681460bdc7d19400b07c18a542dfea26dc4361a82f9431601dd351d38579b,Banload
c5caa7c4e15d34be0b561622e5920bd5124a4ff7106b8e1254d4329e8a64807f,Andromeda
c6433b5efeef53254534cd5da37f6c5419b2e3d425f9b2888a7a0e305f2cb750,Smsthief
c697a829c1189e4900dcb8c21a762b019b3a51a99690810b82b489030e05dc7a,Andromeda
c6b0ecefcca82441b3f7037879772b6c4364a3670eab8fb58ef8bd8a745c1e8c,Smsthief
c6cdf4789ccb23b93a7393c4b1b0f1c0b85221f7a17f8481bf04f99662016abd,Smsagent
c712eab48a19f84bf476d7f41d957aa95f02313504e8d6245b35519ecd4c8995,Ramnit
c72c4869f62f6eb058885d38a6d2d0a6484bf0ff40879a26e372cf98ec62aa99,Injector
c73175e3fe2b6061cfc5ee78f66cd2684b59b3a3706cbd6dd7c3fab6c7c18027,Ramnit
c75765e09e676d7c1f6a58e9ec57f586f01714830c42d40a47425a0d4bb5fec9,Banker
c7982ed8b95e6ec5ab1237ef20e57922155e5ac311454f2408aba2b17220c237,Ramnit
c7adfa435f65e9fc368839002bd30e1e1920df0b419382a93b15d51f44d2c8f6,Cutwail
c7ec48fba4a33e1948f956521e9518e5d34a218b2b1a8700e3fc8fb9f6927c8a,Zbot
c82639867251a628389f4aac04243011ebcff12e8c6c17b98e17a99cab400334,Smsthief
c88deea99e233c4defec371aa9b0cfbc0314cbb140ceb8dd2f175434bdecea97,Ramnit
c89778e047738501fc7950aa9a92ca5c469fda77af1be3d8e60aaf2688bf9b77,Inject
c8d6c305f8db7847f7ccdf21ec80e41b6b252153f1e06ebe1fdcda20146b89e9,Inject
c8ddde89b01e2cbd1123fc1ce1a447756b776fd01f2b5615789357981498551e,Zbot
c9096a233b4081db94ddbe9404559e793989b9c435a1999d1f21c9e2bff3cd9b,Cutwail
c909b87009196709b3c376b4145fe933fe239cca58a5245eb15fb8c61ff511d9,Andromeda
c91437fe9c0b096a744c749c7d70922a9eb489ab999d7de146f4a3d267a2caa9,Banker
c95ff90d6789b123354342b94bf6dc54515b7a6668c7db0b2632be0370abffd7,Banload
c9ac76c803ddd01420f5c6b7ed1760a91d87300a38b7de7962c702e8bf804a4e,Banker
ca29ec1692824985cb69e74dacbe63aebdc8ffc7c477699b8d100d13bfadd023,Smsthief
ca32794695424792fd96a1592d4a579cac8906461da47e6637da15bc37aac93a,Zbot
caa1eac5d442d3ffdd8f4ab847794e8cedd1601a74c1a9a3de69dc6c7b3a9c97,Inject
cb3055b55a8b7aac4ee4b8d1b2808b9187cebdfd5e16d13622f1dc43f4392f86,Smsthief
cb4644ec56909aceb1ac40765d64738a445883987055e283abad3d75670336ed,Inject
cb8b0109a66cd781c26ff276e8000407fd1f49e243b2f48de4f469a2f0c4bb26,Injector
cb9a28202bb19d7a11d24ad0f14957e1a24c9b448f986fd716e0115825602743,Inject
cc1e1db21a1d5ffdee6c4e60618379fb6dd1f369e8bec6195ff349a07766eb88,Smsagent
cc22c06c9f06a5d84717d919967406d1bdef34fb746b878fce272ac9f10acf97,Banker
cc243115e8f7311f84c4af2979a399938aeba92a5b38631daa3fd2cc16c96dd3,Ramnit
cc6b5f6122b0296cc859dddce0ce6898d09c188d797fbfdf4ed379834ea775e3,Banker
cce9668c7dfcb38e8c8f8a4b5ee35677dbe5816fb0d12810542c28c04ec69876,Injector
cd7f0b984bdd39afc04aac362dd840c788a44ef2a95f2d10849dcf629937bb7b,Smsagent
cdb2245982536e4cac50a4bea7dbbaef9e3bfe9b588a0b0bb856355f27d643cf,Zbot
cdeb5f151503ac9b34b2e8bbfb2ed706e0b55664a8eaf468d8f916743f1c7589,Banload
ce951292775ac42423ee4b96d119bec3f58148b1db2e7d2321d7b29096a295b2,Smsthief
cf21f7f767f70694a8ff9f21f9c6a17cbe4a3daec5241ca38a66fdd75d7e8330,Cutwail
cf4cd8b3c918a7c32fa50cee87547267c3aa3ecf9714f5405b77eaf8134348b2,Smsagent
cf95041be54209b0ee166f085b8ef940dae242acd2e357793d9393c6d4fad403,Banker
cfd4fef78538d389909c8504c33407765474030e3da89dad05e6d614ecc73bfb,Banker
d01a895d34ef048a746dac2e73726cbf7019ffde993451a91eddd6fec4c4ee7a,Shifu
d0509fc70418dd0ae9361eabb016ddec41e19b1e082378f0cd5a8b62c2d27c7a,Andromeda
d094a8aff99e514debab8e720e1555d3d8bc330eda1f221a5b4beb85a2b34e52,Smsagent
d0e4222e7042c5b5d31ee7d94f037c5a88d35c55ceb6d1dc95a3f095fd3be537,Ramnit
d0fd9e1fc1295de1199d9cdc9c1ed125e97dfa047defa2210ad33bebdc8d6feb,Inject
d122ff4026a439a75b7681b1a515f43d384c4472ca2fd8e1a26e7d5817f7e4ce,Smsthief
d15f25d919bcdd6a3c0f6127c236d3fb54da3a10f6dcac04fb47e6757777bb97,Injector
d1632d6807e5a175fbfdeafb9f3b6aa3bb9b6ff5514a9d812f74ce237e2bbb18,Cutwail
d18d07de0f6e596a192c3e25a25d89487de9d829af4a0ea44069293eae630e19,Smsthief
d1a3840e85a441768fb1c7532048186f755c7751b0c845da06246fe510db346d,Smsthief
d221465b00ac10e802c3500a87f95d78203c3b29c9e73f164bf70a5d1ed0cce2,Inject
d284956074b271d620030f2d6be846fa3a9c32d7cc0c18de392e588b54b42b69,Banker
d2bca71cde2039f6f09e967a58c6e063500a3ce833407c2d13745c03bfe8f477,Banload
d2cc3d1a9dac731a32f3974d693ec9a4b43fbd9f46155c8e5c6e10e162b0ea6d,Shifu
d2ec7b01bd07dafc4fb5651c3ff408d4c70bc2fc83a0bcaf93ad29994f5416d2,Andromeda
d30b1d06b0436b3078f912b9108db3bfcd10bbf28d15c7ef1b50e136fc36f874,Ramnit
d377e5838995105a45c19963f8f6e9408b80c155c44f58ab6db7f5fb9d1e1007,Banker
d37e2ba764e145a7e5e0e9d3a4c0c646556da7259dee54accd08772fdab220d8,Smsthief
d38bafc486bdbc0f89437562743fc7aff678d69a49078cec270dcd1ce46a276a,Smsagent
d3cff9db80f55484a3d455898a718c8fb4c93931d361ec6eccae81c15b728e77,Smsagent
d455da37be4d01724ad0674cbd61cffc91911e959b408d95daffb23beffc6cc9,Cutwail
d4959522cf8f88446699637fc215298037ff2b8d0329aef98ea2b9bc36b0c128,Zbot
d49dd108cd199c238ba47bfa4f7d50929ccbf90dc4d15c4ff5d7b77d7f2e7bb1,Injector
d4fc314d307e9e89a3108f3ac675dbd3f549cf139b8b89ecc02a90654342d6bc,Ramnit
d513291d801490143629bc36c754a01261e3f8ea34da4e66246307e7921e7573,Banload
d523afe3ff03a1742dec3b9113d9258c6834096f7567e7c9f23e42be3a7c45d1,Inject
d5490e091504fac9ffffcff80e54374955bb25a8e3255339aab135f5d8fd4ba5,Banker
d59610cb6d255b5e9fde6124214f0cc6a32a8eaaadfcfa89fde7d9d3b1a48e78,Injector
d5ecb9541aa93d4619082338a0732c467d3683ebb576f67f6992210c3fdf9f8a,Smsagent
d61f4c90d3a2f33751d1fd03022a8dad0d0e089d0e1b679e700e99b8285aed94,Injector
d69dc1fad0182bc9ad112923ecdf455befcc99c71717157181885a21226269f9,Injector
d6b7b28da1730f6ba272e43d97f1b4941696391d8ee70eb010b00b37fdf9c162,Cutwail
d70851313f5d2f872685db8608f3463137beeba92cf2ea719e9a6ca583a70f59,Inject
d70f271653ebd10368a6c0c91670a95f8612c2c1fd0eaead15c8f11e26b33b37,Smsthief
d761ee193f0e35a2bafcfefbdcf38529887e38b49e14d5a315ab51838d11d50e,Banload
d769d4a01aac8db96cbe2c2d85e614c88c960f74455d11de2d1dee810b6e86e7,Shifu
d7c56fada1ddf6f1243609f6f63df9c22519a2b90935399e0f1920db30615170,Banload
d7d501aaa124de02f0ad0e010af501715ec4b7eed8976cd0f3d0b1f01897875d,Andromeda
d7f8cd0a05608e774f3f7d55dce8e5da516f625cd3e052cd2f121f6d1aceda61,Cutwail
d81f04171658797b5d6f02611c668926f1c9a857ac0dca66a90e8ef303606b81,Banload
d82ba65d7491d2055b19eeacd7c8e1ffd6b2c6b900606a75db8ff30f64e24902,Banker
d83a9da0c21eb9b866fe2d9f9f262bacb4419b7202c0807e560c1336cc51679b,Ramnit
d89467de36a3f59d28b9dca636b159864cfb61c4286ca864181405ea78600c1a,Ramnit
d8c9b2a79a69c9da7ffec022e34428bf11e74042b1225702a7f4f4d9412ebb85,Andromeda
d91f8bdefcce4174b9a8cff6228afec250f6caa486306b02e30ac41e220f6e47,Smsagent
da5e794fc29de46e845922e7b8c25ffa66e4e70ad713a387f7ffe5fae67165f5,Cutwail
da912361dfe95686a0dff9d48ce0706d550d8e5308288ef8cdf3b11d26974798,Injector
db13735a165ba4a6405dd5a1e086b18a82ad767224ed54374232ba1a460a8729,Ramnit
db7c3c7d332fb3c9a2f32d05a5fb3f77c2f38a721ade9304c68c875adedd519f,Ramnit
db983033efb88d90c76fd595a3667e4a9352d8081a1d959e21369e55ae2c83cb,Shifu
dbc10ac8217f53c421d38dd721fc4f63ad2c91d4fb406676410475e69e71fa16,Injector
dbc2cecf6debfb4c2fe4704a48fad4f88b10541336f9d07d7521079f175c46e4,Smsagent
dbd5aadb7f02460c4d92cae0cbdceb79a31befbdc40c3cd115d706f418a66a24,Banload
dbde4f136882c7e0106008ad4d7ad84f579744b16fb28fe46a4993fd0ab8f7e2,Inject
dbe1b3eacb7d4f9d09310796a291633f1ba1ad63b18b0dd87cb7e6550eab1ba1,Banload
dbe7c870974ff33c97993faea3edc92a3c6376421eec3ddc774ad50e8b615c6f,Ramnit
dc288c2485aeef630bd180f96ac0c56cf27b18c0e19e53ac9bb5a4bbd275956c,Cutwail
dc3310fb0a8154e92cafdedbbb966f5cd337df7a1bbf45fc168d27b3a04a0478,Cutwail
dcf1c046b62c9100a158a54fc6aadf265648a55a54e7cc86e343a4ae5f20ec2d,Andromeda
dd06ae8c415fd7da0b8ad8f144b6f077587314a658849e09ec85bb26a171c49c,Cutwail
dd7ce7dc798f51b656d83d50f9610d90711cd03ffe3afb12485bdd05de177bbe,Ramnit
ddbe2dbc257d5d42bdad9425e6ea5421e3d76cda60e366a3b5d28d9e6e63c50c,Smsagent
dde1c8a7875ce0e92164c8d42ec477fd1042bbe487a2d06337068f10a01867cf,Zbot
ddf5ffaedf91963c42a037366290138009d5fe9d33c6c1a9da5c7469389041cb,Inject
de190ea69665542036a988b017d7b89d1965c5ee3d6b964b26cba00247c5b754,Andromeda
de22985699892de6d8379b3063ec355c37987180de676d06afd513259bed6771,Injector
de3276730a4c3f44e5cce9e849a174f35d1b4b31a22a3af2c5d22e2c38bb006d,Smsthief
de4f7244c0e881b79f49124f79a8691e9f858a5f852ca3945a7d54a9ede7649b,Inject
de8498d9cf29ca1d90e4092946a23e912f012312eeee76e762aa882c8608b260,Banker
de9bdfb9634198b3c93721eeb9a7654577ad2185b57db27b7d881f8e657512dc,Zbot
df03f92c2323b157776f8ca5291cc5643d860ef890ef9af83b28aeef04adce60,Andromeda
df1780b675bf27f1ab4e316e1cc9b64c7f5053e1997939962f5468c57900b110,Banload
dfb789de5408f5fe243c3c796c0c3ed8a7e8b35b23d45620b038cb602a7bad13,Andromeda
dfcbda5051702912dbc6d8899c8b9632b5297cde902343ba5e253c8ce3f98dc8,Banker
dfebabb118264acfe16818a0a19ede227f0b62e175ffd66af1e2e506aef4ae6c,Banload
dff2744740175cced4b37bba866e1cbc79fe294ce721e49684b01e6960df2f10,Andromeda
e00bdb860bddbd07bbf099e5de8cffae403487b18324d5496169757026605bf2,Banker
e0162ad613fdf5421d4d03e8e6c49c1738abdebf7fdb1dc76d092d83e92e2018,Shifu
e02b467321e0ad4b4be9c1cf1ef246807b37cb67396dcd7b008920c822ff7933,Smsagent
e0495d52339614c5319d191baa95dd8511c69134272691162e99996ea1a12a21,Ramnit
e0b2351370507436c221a1be7fc54bb64a0a7f526a24628b91861b80b9bcc203,Banload
e0d44fbd98877b09366bf6f8dbef2f835bfe4029afe8337b8e99ec3e644ced62,Andromeda
e0e01976d7bb89991e5a9228e946f44b90169bc204378c1275d85c884638020c,Injector
e0e452af14f37dc763aaf753077e60ab3da7b7e13b13733ea26b455ca8dbb0ca,Banload
e102a244362ca573cab16f03bf2417f238f60af516ed207c366e53ae541ec626,Inject
e119c9b527ecc1aa3ce51129b0720f73a3212a79976fd4c3c4c4e9a061b15e37,Zbot
e16997c876c29ba251ba6fac7aa188289627f89cdf17ad6282c2dfff9608a85f,Zbot
e18a8808a0ce869f0388915d74fec3993683aa71cbff5f84f0bbed9e8c3179bb,Shifu
e238fa66b9560e763557293c4e659de3d26493e6c284049ff67d71c729b1feaa,Smsagent
e23baedbd30fa4d82138bcbefde91400dcb62242d43ad45013fd530052d12617,Cutwail
e2d5562e8965ba73977b5f01d0c6916c03ba791edfdada44c155befc73368516,Smsagent
e36edf57033bfa62d33021e4e5881430ed16ad785b5d6cc3667ae9c0f58e7731,Zbot
e48cebd643ef137345bd276784b33a460175fbf8de0c7f3ac3c19cb8911162f7,Andromeda
e4d4b7aff167991c24e4423cdcc93b720ac9115a65c87cc04b7ec000b22eb495,Andromeda
e4e9cbd157403d0d5f5cfa38ab88b36fdbb590a842a0b4360057289e356a12b0,Shifu
e4f55db0d3b0fe74a1c2368a920e68f926565ede8b7eb2ec76d5fb46f030aab7,Injector
e53fe4f69ef590486dca72c4e18ed72b7521fb65c5e2330f945d2e698ab2ba3a,Smsagent
e5e2023f3d2239f294033d756a026e497c7c951c74b9d2ac2d3775d49be0b0a6,Smsagent
e6026e8adee9f299f8b40684cff4b948bd02b3561c08de5ce5e8b280bc65d0bf,Smsthief
e616c05a6dde4c48d6f8fe6aa9b98b03c2d879aa67dda621b97ef8e8f2024aee,Injector
e6ca8bdcc82ed21fe0b47a347c1c92824e216e9d533fe64214830c6cf7ecd8e9,Ramnit
e707fc7a2c697bc367ecf3423fdf3864656afa9c6240ac1f0a0494831376ea55,Smsthief
e70b83a9fa76f2ee4cd63ba463c647af5aad442342295d8be180f759cec932d1,Smsthief
e74ae7777c90cb20d97af0ada0d374ba95d5501a9c55d462925a9404cd8de8bc,Banker
e74f2406654d253d13010063f46991a7773788546af6f54e28e8fac520fc1fca,Ramnit
e807df3abfa82a1ffc3abed6f8d98a8a7576361a6df5a2f848baf21bd163de75,Smsthief
e81632191dcc23c516462f670177a8a1f2a2f65f9687717df2867652fbf9c6f3,Inject
e83ce4b7a9356483ecf1f5a5d4c100b370f55583352eb966698a87aa0faaa1bc,Banload
e88b3e45c160817ba4906fc53d9f53f12cd278235232270c07b6f4416e96d55e,Shifu
e8be316c8af933537c951ba8a58471b5ddda6744fdee396961fb90e6ead51b75,Banker
e8be416129ef654950714c4cb8706232aa1b07c16ab0f26aea2d3299b157da23,Smsthief
e9c108ea93fff24fd5750426a9520f86326b2ab24e29fa89331da43ef5ead058,Inject
ea34a84740d62ed0a16c2b20b740b1debf4b0ccc5e4f229d66d32c1c369036a9,Andromeda
eb2592d664e627fa4ecb707bd82e385d71ff75f02940b69d50a0bfef96e31e10,Zbot
eb385f9013c82d1d36205b8acab580d7383f74b249f7225fd55ca9606c38393f,Zbot
ec34fb92f3a598ec3c9e2655495d609745d47a09ca4a22e5ec7be4311ed6d2e9,Smsthief
ec6d40f1cdd47879dc971328e94ac60c8e96b05c55b02cf1fc85c56a2510176d,Banker
eca2a7b75565be2059cdba39c41065b37e98170e0bf89f02ce71e95c3ae16f2b,Shifu
ecaaf8fd3508c5b527497c161b70e700115ac14e6af7260591ede2912e99ea26,Zbot
eccf04e3a03009bf9a104440b8913d328acd9680b8d8f423f934c7be1b4f0fbd,Injector
ed34db270adf26f12230d854b516dc20ca92639ecab227d6f4c287f36e0d7eda,Andromeda
ed4bd4ad4ab3cc8190145a85035b606cf16c43e5b689fefd285547317091f54a,Cutwail
eddf031384e5c2b49ebc2500df9d0fc6ea9b7b3affe26c6c0ac741813f920e02,Shifu
ede592f8f83a9e7e7d1636924160367d16b24ac3ed9bc7c115f86d7b7679b1db,Smsthief
ee5effdb03560e091e0c9fd068860ce178f5c8f8d605ef3c8eae2efbd6ed5ed6,Shifu
ee6de4e951882616f6baf726450f7fe547cbab06076f4fba1c3e4b6f6617b925,Zbot
ee7d83061ddf70bdb9d8052e5876306d9e908415d3dfdf040258801fe9b140e5,Banload
eeaf7e99621cfba7cc99cf828281b77eb3964d0ce3f779d9b672ef4ea18d67ed,Injector
eec263e568f99452dab73bd1d5f1ffae48e9bf7a11a5247dfb6e89308e57d0a2,Cutwail
eed26a33e4e57ae1ab7ee6fbb7b8c4924df5850274ae0ae4b36420338de726aa,Cutwail
ef35dc916fa2f255ffd567de03aae280cffbb52e4b31ab81649818e68c5d2aca,Banker
ef46931767bf87cc61c139789f85598fed43ef6aef1f36c69d9713c75c9cfd13,Inject
ef9d0a73a893b7a41d6c2500e0e696ad75bda40cf707566d1f22a949e885335c,Banload
f00011854400dce0e6f20182e3d6d41ca3733b0d27b0ec37c0c1ed6db16d1041,Ramnit
f01879f28d10a31b945a47f6eb5c509c7348ae57ffe855297efb24e5b77bc698,Inject
f041f01ef4c35e635020057c70f0510d8583fd88c00e6957b3928a2a464815f5,Andromeda
f0569aa9a0213710ff55f1fb8ff7a5b4df323ca994aa7f1892485a04cbd7a6ee,Inject
f06b845831eec4689883809506672b7d1fe717c5e0d6a7b3b4f02a7e617344cf,Smsagent
f0b45fe0935c197eac0c48abe9eac777f89cc311a94b324fdf28a92048ebe0a0,Shifu
f0d9f3e135eed63f3b96325a51d10dd231e5337c61b89d89f172a5ddcf490e28,Smsthief
f12350c27dfc3bd5f9cad5bc3e877c8ee976506ba9d7e5cfc35526f2138c52d9,Banker
f18a7e4f0f596a89c906aa8b2c60fc93ea478344be98ca65df82353f9ae99f97,Banker
f1b80a9a20a78d07246a83745f7098f751adf37cec7d4cddb5d87a3eaddd5b7d,Banker
f1bf8b0c6e07807c2b1f155bac768e819e8bebf652524a75b19510294b416000,Ramnit
f2473011b8a55ac8a8d6b9a0c758a978f67eaa2c7560f28a70a52093b5b3576b,Inject
f26947fa6bf7d4e45e986d763e4414272da26a7c7ee1488692972615378bf145,Cutwail
f2852ed528fe79f62a917866c4d19c84cde451b1e48b1b79298b59dd5375b8d0,Cutwail
f2881ca65a6bfb555c3261e6deb5e43130de4273885dd2627de7524958078e99,Ramnit
f28ff4229101d59738318d4cc4a878165095a073d0d6739a98e4783c12bf2cdb,Shifu
f2a4c2c53b4d2e08be34e1e186821857512186b5a00d31676012ea878257d9da,Cutwail
f2eebd762d3ba1c8902decf1aa9b2240c6dcac75089a5091c89bf5b21ad4628a,Shifu
f387b59481e1b05fadb5449bfdf651e7f081c311eb3ff8c529ba155275edf9c6,Ramnit
f3bf51ece902f07e142ab646a9f31bf23bf69a67d6c9cf98a51b9a4409ea21ee,Banload
f47168dc49c5fda1db91b471ad7e402aa7fa31615eb2db3febe4fd71022ab37a,Cutwail
f4b2a32cd31fb9e030c217e0f386402b50583a38d3a09335dccf8d5c593dab9b,Cutwail
f4bcdda0012fb8181fd43d843ad1b5165bc74658df88d24ddf54ceb8653a677a,Shifu
f4c97ab96b4fbc0a4a5455b9aef747232bf9375173ce9b6f2a950c9e3427e32f,Banload
f4eb953f6841ab2d94e44b04a910f3bef95b82a5098cb2802ee31e0cfb6f6b0c,Smsthief
f50ce4efd5254110481b391d6e56acc72cb2a9d025f902104024a61cc9297348,Banload
f51feacde92527b57ee70c8cf4909999e07a02f2611f4ffef504b6ac22524335,Ramnit
f53de3bfdcd9e01f68a96091e4e5456d19d28a472f190a94a82f9c5ef4609044,Banload
f53ffbe451fd85ad9ef1a890b1edb2fa6480d496a0e282bf743a86c223f55b55,Cutwail
f5aea2fc7f3d333b446070a1dd587e04f8b3f046340a827faed5549188acaeb3,Injector
f5f667e38e79bd579d0cf1bd4f826fb88630995c2cc3cfddcd93d0a64ee1af42,Injector
f64dbe31df7aee6726fa5446a4874d3691fcfb4440e537caa4ace7de512f40c9,Shifu
f6586b048b52e336acbf43b0da3e9213ff0ee936f94b55b87bed0dc3239d7438,Banker
f68f725dc0bef405256b8e6da695ff3e9964f884c19a1d1bb1ab92db192e652e,Ramnit
f7044ec16b6db384ee419f17e25bb4f9d74581ad01a12005c9953cef3de4a2b8,Ramnit
f7360e6d7785e5ed7a8e454db00d53d129f77da67a525886a3ea18cc4dfdd7e5,Injector
f7517b946fda806cae94521c4b3181cf2faed09fca32199a6a5be457c600518d,Smsthief
f7a7da1dc1416a909ccd857a34c6417c1b9f49472fb51901abd2ba70ab136858,Smsthief
f8f2629978bb951834ff0dea1edc29dfa59c7ddbdbb39aa76bfcc67210b10b78,Banload
f91500d76a27fd4f0e0688cfdf477fc8b23cb0821bb471c2ff58b50d71002bbc,Smsagent
f96900ce142bd844e01f7565ffa23df90389fe2e5638b8919245fe172390db14,Andromeda
f9ad2224884e7e335c8f306282438145b05411adc47945f8ddef4faae73b39bf,Smsagent
f9b95d5c3e94dfb622a9212d9c4b93eefa47d2e56e17a2dca65de60ce090de83,Zbot
f9d0333703972f6dc693649cc05b67ecdd13323a0b7873a9b31c652282f1cee4,Banload
f9f0a70076fac2dce7b51219cc1e06681ffcf662a005841c811098a099db1731,Injector
fa277780d5c009e5c864f47a246807ee54f60b9568017f3eef5e3fea123c793d,Cutwail
fa3a1539be710b90c38eda8d9830ff6d2c3717d99feef473453a3e298d6220f6,Ramnit
fa4bbca3fa7256885816c17b7765607d061205dd08fd72df2aa505f9ec6f10f8,Shifu
fab2c3685619374bf2fae479a741860131642726a84ad8b38c9e01e2b7d38830,Andromeda
fad0d9d69b52d838be2aa11bf797dc0e06819682a91c985b9f694df96230b561,Banload
fad377148143315ea38cbf6896e086cc9fc10cfe96b05504b291324a3ebafd9d,Banload
fb152c0efd21327a374959601fcfd5f56840f528f6875a8767e8f1fdc8bd674c,Banker
fb477f8b8c6c9cb94ae8f46767d0df861e1b829d3c424091747c4d00eb6b7647,Ramnit
fbd380ead23bb10f43aacfc2f5a282c5b9030b15ca0fcf9cb90d828c6ae40261,Zbot
fbf533b9fd89612cf2ebc0bbc8df381654e8269f25ccf5a50759b9facea1ac3b,Zbot
fbfe8e133a354490ed7152e716259c9291d52f8d2c69fa4165a6c3d720d896f2,Cutwail
fc0c2d5fe44787c286498fc5883fe11ad508e957c8f2d950d96355b1587f89d4,Shifu
fc4eb38837da68fd24c8fc98717711b27b9b1592a340b155159876a53ba7e029,Banload
fc56519dc5bddb8541cb86389ccd558e86782c087bc5f97844713b7e3b4de857,Smsagent
fc649b3ac532670b8d0c3a0a94c0c50efbee93be1b11cf0b06b69f27d95664b1,Zbot
fc67858fa7fb82e9ae6b18f1e1a05be0970e41c2c7b41dc5ea4ad587bcbf04fe,Injector
fc9ae9e9fe053b5f64ee65ae78a58eff57b8295d25a0a38a863a7eb17f269bcf,Banker
fcf0c801f7ce51c304fcfff72e27194b3981504d4f892ce80b147d47604422b6,Zbot
fd0a226206670bd8414a8715dd31ec192ff8fc40705e9a06b9b7e988dea7c6ef,Zbot
fd377a85de022ff10abb2d786c95b246b4fbed0bbf7770a440e048c8f8280ca4,Shifu
fd832fb0bbe4703084cb49a3a00b08e06d35f1bc4c42d63404f4a52a8b10ed75,Injector
fdf456d5f0e8c9ef53d63a9ae43fcb82650f9cf16408eef48027087f8dd691b0,Injector
fe27f67061b96235b8dc1250bb739e20b08598fca4f8f088dcc9a14cba51bc6a,Zbot
fe51a8b82a53aaa7b7c4ea01a1bb7917b7cd2a2e7f1fa7452dbbec78f52c2451,Zbot
fea15bbc5eb92a593b8aa2b9b3c4adf3ff976cb311cecbfc00b39493f411fbe2,Injector
ff21ab562370ae7e3f9e1ee0ec9463a175b235e8a628c5393e9f013e1afba42b,Banload
ffb550189a7cac06f322c973b9f858370c7a21ae25a2a2b5881a914057fe8bd2,Banload
ffe025c64e29d082f5131eb39e95950fa05bdd3b301cb01cb4d76177f8b4b5cf,Cutwail
fff25c1f678e9414932e10d3093efd653420365d75249afa314535923891d58d,Ramnit
