02ebd11f6985ae477b7666be5c538c156b35189c166b331727f8bc1caed38b57,0
06f85b1d1b1d3b865b43ad3828bf91b015ebe01b269ec5237acbfba271486487,0
0751e937440a0dc343a9954b207fda2e86a09c0ff5eb28205d2542a796627015,0
0a98fb1de0ec10c10d0ef7345fb6b85f631be02fb02da3ba7e782e1521cb9325,0
1390dc7a28df27e5bae61ae712a717b7982c3de8e9ed150ab80cd9cb6f77806b,0
15f26fa56b14bd87d36556fa9b0b8b78ead936dabf94d1700c6eb3522ee11b0e,0
1a3247f5945f051da9d443641f6ad3854dc78da92ce71dc3dfe10c76b2d13300,0
1b96416ec554b3238d0ac65f579630901a3fc2118cec359c33f193b3b1b3617c,0
201e42f6f4199328a418357d476e9fe08ddac66b08039b776d5894cdb7da82f6,0
21fbf88ad06b835cece60acabfc2eeeff13e85e5d89f64a248519ecc2f1e3f6d,0
2477b781cb2a1d64a50a05a2d113fa3150067b85cbb2969099cb8e57916312fa,0
2513b44e4312edab08b96587ec085f026b3a40f2ec825e5dcbb9c6830d4d944e,0
252a7f63406b9a5183f478feca335cbf1161c106676f381d6f9129273da21b55,0
2710f8cd53026eeae602241c46edaa527d0d3c61d2e4864299ecaf832882bbd8,0
2863bcb4bf17f7aed93727f08f8054b5af562faecbcb7bb0a6b6b714c61e4169,0
297d28837c86104afd91cd950f524270d68946dbe255c0e509d6a9ebefbb3889,0
2a4b6355e8dedc22e7836bd70e59edea285949495153c626f3c9fe34124419db,0
2d1a2e11a905e235f57b6cc22e15076860ef46b44614a268ae25dcd362277652,0
2dcf7d393b7408d44a888f11590ae2f87fc1a1c4ebe25a4c0710cdb10b70165f,0
2ffd4437a5dccb07f001e9726732823f38651281e57d547d4f46ecc40950bba0,0
37a72142715484759ef155dc4195c0f8f8a54d692c0cf5f53f30040a1b0a1f96,0
39ca653b3eebb454cbddf4dc7126bf63382503bd810b455099c1b266b7f1a0b5,0
3abd9308717684614a1527d0e72d68a053acfdbb1e9fe2680fda445cfb581ffa,0
3b76bc5d198a482aa5cfb7b0ed794ae757bc126872d8adb04ba6edfb48ecf8ae,0
421964db058ba3dcee820c332f6ceadaa4dbb0f70cb8b92fea913a58b69e9bbd,0
4664faa33d40054081a677e4c268da25b3703385eb5ab33484d9b155d6cc5daa,0
4bb6c9171447e03334e557a065211363e215d59dee2a391e9c4b215a0aab9aac,0
4d3addf648706fc4ba859eb45ffdb76ce97e4fa189a6a00913cece2499f64c1c,0
4e28c87b7832085c9b998a13bdab3f51e46835f94b087e9308c37e88e889ed63,0
4eca4a60381db45811dc0c451b35006aef3ed7c7724b514143dc992b070b999d,0
4f405cc9f73742d71d952f943def7fa9a959c50c4f1c043592d3b7abafecc97d,0
505da557111146a669da71d25c43705527b45a59372ee00ede63dbf639d18898,0
50bb198564b2ac11aefa7eef32b481b89a903a2b354a4417251cd0163765775c,0
52d43bbe0b8722a8dc89d74aa1debe7d2f35392614bb4810b8787470829a317c,0
56a922b99b550ae2b7e255d2b93e3669d51b40c025f8485d11870dce94cf4f7e,0
5d94ff95707c9809b4f6aaf69f3cb7a85ad8ced72f08dd371dfe6fb36be07658,0
6091f796b39074fa509570e788577ecd32a36d188967abb5ec012e90abc1a4be,0
621927993b40c062ed76613542f4e6ec4b29ad8cbaf0bb55852843d11bb698ff,0
642b7ac06ddbad425378e7fe2ff6e646120f0e1617f178df8d9d19eda753f59d,0
6510281bb3d67f1c88191c5af1069b69851f8a6e4afe1500db7cfe761d9718c9,0
654f43cbdddcadd5bcbb41b24c13b2762c939d02e1e28a0641e0034a612f2bab,0
69e6588b5bab57356463edb149b300d6b7f9a0fe7f1f8d9ec46543a2648b4fa0,0
6ced8cfcf0f8087d4d37f4130c52053872073a80cd174a9f23727bd86d545ba1,0
7036c43a1cd94b2a2f41f48c15eeecb38e676925b20b622cdd1b757e745ae6fb,0
7232f6de0264a2e4a91efd5be9c9dacb4ce443cb1d502d9229684b81e0cc90fc,0
74723d1eac550cc4dbe899099d7ddacb48f7adf67118165f2e17328ba7cc927e,0
7495183234bb5e2bc22e0d3cc23a1d16669e39c74a3042a396d90b1c0aaaae27,0
74982c9b2feabac4316e50c56fae1c5f716b10b2c152cf4525d8ab89b84004e7,0
7fdc37eb06302251d8079e532ca578bf08863a7598d7e475906d457bd87ec970,0
80462af1bc93815569b20b4030302cc48aaa1705f294ea416a531e272d4d5db6,0
8084c5f08839466841b96295b0b1c7f73efad3fe8c5b2da12e324b92ac4c9997,0
842b71bf5a27ea8ecddc8f821046e7073650fa00fedcb9c8daaa7c9165ac1a9b,0
85c2b170617bfec78120991a29f73c3e6bd024a0396e00c2e1aa03cd2a3cc65e,0
87ab62017eed67fc5893ce76c13d3bae3213d484f27cf9ae95e2c7d8b8e236da,0
884befa68e80802187efefef316ce74895916b8bfa71c0d2439d9a8dc39ac2fa,0
887f2d4358f66ab137541c32d468c24020c9788d5585e760cfd2a9f5806e1953,0
89b3f88be5b9f3c9a5a774c6743dd769d38dfb25b79bd8c61285a51693495785,0
8cac08d46d538895a675dfead90284579a33fce5c15ed09b006fca878ee23081,0
8e67d7f661e888e4fc7b7145f89b64291f9d187d24ea61e8a4447f029ab79b02,0
8ea584ae3df2c048fe1dc03a9e88ea598ab5908151d9eab31a7ccbdba45c1715,0
91cb69fb9f52463594b4373ab6f855cf94a6b775711741e4ab1719e03a47bafe,0
97cadad5f9ee577fadf5968eab0d4c8fb73bce35bb62792787ab53476182afdd,0
9b56f39e8b09a54d4b3175078be838de301f800ccb8c61095167ca57ff5bfeff,0
9bf75feeed1401978efff5cddee469e17c70c13b23957a3fe9f5540f6068d7ca,0
a05a612d284f1416e10ecf2f2d7ae090f3c67a9eaf10f53a0b5752cd5c3962dd,0
a256b91a2742b4dddf13f3475241f8de7816b824bc4fc9ac4a5eff36048a3a12,0
a25ab219127c8790c478726b0ba83c41fcc07e19e4bfda626bc8024de09f2d80,0
a3357923660670286d22b93f4a8816de2b46e7b02c48b66612c9a69e16d616b4,0
a5829b1ca7c78b5554315350eaebafd844dcf1ac1f8555b3699cebb46363469a,0
a6bda11b8ae4863bdc3f79167e88625e66f7de0187ce17c7a4d8be86ac08a790,0
af12a403d342610e82ce097f4655c0b9d4ac9f913bb433c8e4ba2a3c2c11ee7c,0
b118959df9c25d3bb3a1f42affbb9457a3bc4ce3de235680453631e179f9ca86,0
b553b8a6ec443c146147c711206b2d209066be036121578edc335a48c74f951e,0
b69d31a2defc76f2948a041432135ba5c0abfb0d7b68d1497a203ca743f5a11c,0
bc46a8ef22f9ff977128ddf41f48769f3f4a911d03f4f9f68b6c3cfe933c4256,0
c0afbfc28a8c8f8aaa5bc046318d9e92e7239bc82809d864836ec46d97306d52,0
c21014970586842089104d69c664d36aa3f160ad5cb7cf9b4f34b15839e64a16,0
c2ab119add51bd8dddf809da6da7809e7fa03828aefd5709f1294ba553ca4e27,0
c3696715946e98a601b707c18a2d85bb3bb77948820b6c8f49c2dd2286734d84,0
ca2881990cf00d436e4a1b90ed5d0ecc6c24947a64d5551858e41ba44202fb0a,0
cb27287f4f6b127209cd25107d7447311a72ef8e4e3585f956bd3d8928d3799c,0
cc1c9202a5bcf291ad2c81c487a5e3c401a0bfb5bf45a13fd706ead0399eb0ca,0
cdf4d9e3ad081ccf560d728c6f72b5a27509aef239f64f7ba4abcabdb11f7b8b,0
ce4af4dec3ef1f6f34108a6e85f63fdd0041229b71bc18dfc86bd71d22561131,0
cebf9280f41a041c581134107da2bfb05ec5d735c8c447081eb6bd83b64956b9,0
d303110aa871e5e0040a282f4831ee573751a7e0efa4d6a0a9d1466eebd4dc21,0
d3c8fb5471869b6734cfdeaf38e517204044916da0f96a32e94d60b51b29002d,0
da4463aadc750ef6b320f14574ae52ac13e1a7aa0d56d95ce9541f3d5106a501,0
e1ab621ff6d515a406790a1a9c9e066f99f6cf76e03f618d5557a1d2d67da018,0
e1fd0099ed2e3b3a35eb06e2ed850f376e9c8ff7de82dd270f26e96a014fbd41,0
e86134b366d89dd1eb98051005a83731959f2bc6315e9d5a52caf4af51e45083,0
e909fc273c4298e888209dc76db0eb745f944afef826c48d6bd0f81228189e3c,0
eb4b839cae1fd808ee0f9f0bc110dbfb47957e50984f45790bb534dee27adb56,0
ec0e4684c714e543b66bcca7719084a6ccb32fbccdc1ce952d64f6a2fd512022,0
ec82c23a9804ea8f3367dd55f98da80ed688ff5383838a03ca7b8c9f4630564a,0
efce67ee4bffa1553466198d56316cd6ea433ef3a332e950649a847d43aa4aca,0
f160a80b5354821feb96d8d3da4032cb1aebd20da852da5f874b6d0944ef2114,0
f1a36c75b9e84e35cbab5047ff745f052cb4d169e4db97f7b0db309690537dcf,0
f8d5623f53cb05fefc7454951fcb47a03744385b42016c3721bb4dac1d90ebd9,0
ff20406aaa6c2a922dd13e26e1302cc69f8e2b86ec3aa5ea0f4aab6fde9c11be,0
01747218c721d423ab8b19aaf97ccab57e8cdcbb858c155aa15824cc5e08565d,0
043e4645a2d693bde623244ef61e016d4611f185b4e76f4a832e3d34bf84e90f,0
0449997eeaf07e71304ae284810df424be97d54575a769f33ea396d8c26ba729,0
048623497a3ef1b986e5986694800e5461486b7ab55d8cade30c1c3e7836517d,0
08b9b217ab072f01cd44027e137b1f5b992fb90ade308218791d3cb88c0d0b37,0
0924073030931afba77a98a707ab258ae30c4a2168cfc45e25864970e88d1b37,0
0ad3a59f142516365bf45ce8d9db5e9af1cf5552fe88143bd7505e72702850e1,0
143599ae115a3957d202972e83b7ee2052d089f6e264899415f16486f7de253e,0
14d93234883c6f2e644a89fb5838ec268f89956343d1db3f26a997e1542bd246,0
18f2d199a137ba006fce38184ac6ffbf042f9148b0821b38e20ca4b1baa4b4f5,0
1d39721b7ff71e6dfded72907224ee407bf54bda2f6dcabaa61064f1823bffd5,0
1e71db1786700299079638afe5871e7adf5867f414bfefc9013b7f6ecbe13506,0
1f805b8824e65389aeacff900a382368286ff20fcf73eedfd65d439b744c0638,0
1f96a1256b3093c52d0117c515060c43fb04925beea38d219538e4bafe3ada46,0
220ad1fb880a1140eed18dd739fdf0457cac9db5a6000bebe2f77821fa072320,0
2522b3d86984c9a9f4ddd6f97588273df5a2265b9d31dfc7ec3d8ee1115e258c,0
293a865d85f64c0af73ec74a2a2e9350e855600ccf3a5317b684bdf6ba483bd2,0
2bd2431b2f5acd84d1cee4a22537f51f0d72e055ab0b797a949ff4023d836970,0
2c82e6a9f4c95fac44788df23d26e46675b129869ea93d28ca496b0b80417d39,0
2dc8696edbfa34fd0744210e7313f43ceb9af851453e1ae865fbf0402dee5334,0
2ec2865196c5d4383b7e360d30d821bc755d3f0d4e88daed537eb73e6330f893,0
2ffd4056fabd44cb181a059e9c187b355b961cc7fc1e3333e5cb7aa4c80374a6,0
31e317d52b77e7d6f3dbb52c7ace028a041f4358147196c29a7f5d5d77308d20,0
32c6ca382d79d7d0ec3faaa2e4a62b36a9cbb68cfba8a27af044ba8d46b8fd83,0
3901a5649c8efc2f62df8e46aad68e22d39f9f30c892a77c11bfc98569f56193,0
3951eac25f6f558296bd283b853e3fc0c9eee3a03a1786ff666692c4a2cc1254,0
412bfcebe6cf42b3131334fa8b1f334b2207cb4f304152c6f8e68e6d95a740a9,0
41628308baee457abea1d11a6eebca796bb070c553ce1ad5ff45dcccdc9c7e69,0
41dab90b2d772cf3d0bb1f579ef375df40a1a6108da8faefdaea8b7a2a86d090,0
4273147bc39230080d580a2d64e10683bd7f48a88ffbabcbe2430019c02437ed,0
4356750fe614d2122b7d224cd953f5ad10d51935212b11fc80b572da432da941,0
4372265e3623d6e4483a702a7e1a3d5f7f4e3bd8b1e05a5438272ae5dca91389,0
45c93f1dd56979b9a24ab3686f3e7d116a3cbc295bc1946417f193efa1218b3c,0
47839df39a7e5121e4bc33ed4ae541bb0c55099a34e14fc3fac2ad659fe60ecf,0
4d8687fda611915f120a9ba37b8f60de55deac18da9e44fbee5e0f2fab5e3317,0
4f06f4ab4ba2aed43c9405c3b605b33dfd13d1e0a06a949a1199051c3fdf9b13,0
51dceab8ddfd0eb8929185f2b8b085a45e5b1e707b991000384656ad1920f3ef,0
5586c94e7c500fe567a3f244cb7277c7a6b11da34c584580c54bae3450797c51,0
55ea919eda58836d0bab84bc55f07906968f0fc7ca8552adad6014c6831ab405,0
5a97a38c9e590b39593f96b4e9fdf8c09f80dde0f3b62da854e5dbd60bc9f871,0
5de7ea771b622a9174263fa5e10d683699534ea9af427238d4354894a5b7072d,0
5dea9c559e57cfb5da58a0c0438c8c307bf91e28b599634611dda8c876a07d6c,0
5fab7567cb7c7baf8630cbf97d0bc21d4e68d9966aefac6d72aaaeeeb1b371f9,0
635a63994ba0699317a4bd51805f3ad3247bd0cdd74cd1ef64ac08c56723f623,0
647a509c7a086621dcd20fbd34197b5b9b0bb6258e61582a356a482e90f9bc75,0
6804cb3bf12bcf03bf8990ad5a0bcd0d48ec8b9c56b675f4b07c64038d139343,0
6b5d5a0a3dbcb7bba775142fd3ef589ffec3493df403f82610a88c771eb335c0,0
6cb5d0967c6a1c65035f9965480e4e55c3dbcb39009d9f9518684651ff9e331d,0
71b480858a823ba2d7e4db91b3c76894776728cc5d1010974805eef5194d8bf3,0
76bc47ad2714979df24b23f966d988b02671f2b0bf1c6af0d98473963bf9ef4a,0
794ee4090d380ab2cf3f610283a25c5a5695f86c7ee745a8dd432e5452cfa10b,0
80ed83009befe4747572ecfa8c2da7dbfb688649c9eb986cad9efb76febb0a48,0
830e7da60af02d7b6b6d92365fe8bcf106740e82a63cf114636c6eb2aa4b1fe9,0
85a2a2a61bf62ac74f6479a1041e773e07271d74b2c9beff133e1db8a39366f8,0
86947a345c718c3c8ca7ec185963b22d6bfda95cafd49a29ae3a87ea3123c45b,0
86e5fe3779e1184d278621d602c13c117f156ec652afc31d701ae0f1913b4a74,0
899b5d5928a8e66d6811e2c1c614cd1ee809353df15ccb65545be1455c2abea3,0
8a6ba8803b38aada78471e5241da490ca5f1d47aa5ec7ef4cb1f1e3bdda8c875,0
93f28a50d604e4ed0bec3d6a4c58c4448de7f3ce29c64c7e2ea2e3efe3915973,0
98313fb8b118a153a8679a91631255879e44ff2ce7831d251426e95593144d66,0
9bbde589e51d12b7b3a4eb865f19a7637dd45e255646f3dcc34c438f363d5a32,0
9ca774b4313eaedf74f32e564863e5bf7b94180164b6ca170804b28aa79ecfe0,0
9e59b62d548e6e18ce7e72bdf69a78b08d3ddc2a1957dcf17feac6eacf658eec,0
a26df9cbeef3283c7fd2d9c6a6b78ab4a33868a4821ff931b9ba38dbacf63b03,0
a32d9f84785f57518782ced61199f34e5983f5def79a017dcfef7b9951989ff2,0
a75d3e46aaa7e3b8989ce5e1ea5299692c4cdebf6bf45ddb479d239c5f11f315,0
a8fcd8a9e0621aecaa1ab41793d8f19ffdd213ff5765e0d9c0396a9fd07222b7,0
a9c3b56251a3e4a43183a808e15f9b098b377ee6faa187fa4980bc3c174f85db,0
ae98b99ecdb272a5d8c100ff7f840763891a1a736bb97a2335ee1d293fc8fb8c,0
b27c3dfeabdb9757f3ca8f052a9058299172b906c7df6d8fbf184b8e8de8759f,0
b326ea9aad9e949e85568a8078b05f071c5f981f44331ecf45543ebed8baca56,0
b668747d85a125dac0914bee89f4231fc1a3295e48ea29f2af0611be98f4ab98,0
b7d80bf07accb40df5736a44393d48455d1bbafd38885a0c27f320d8b2bd96f6,0
b9bf190bacbdabaa229e83ef0feee93fb569d07e885a457f3d833454567a0d4d,0
bb1d53962f01b40cd003bada8691cc7f4e3a8b6e816e6f231f1e5d7281e527ee,0
bb37655b18256d8862127f0a9bca12b42ad31d4d4dc52dc45ad57fda36841291,0
bc6b9c6b64778ac3b1406dcbee5271333df5f2d645bd824ce4ad53352dc6630c,0
be7cf884687fce69dba663561b9693c45321b5b69e878d6800e6720c46ea2e43,0
c0573f70e5c88ad61d298dc5a986324dc3898ea249e82a25ea850e1c461a9a15,0
c86eca5ee8bc3921e8385f9b22c86ec30b893ddbdb966ccc0bf57b8076ddced3,0
c961a57c501a34f59465655fc7cfd5a6faf02e84ee0e4bb85928bcf28eb48094,0
cb387b4640c792daaf81d4395b95baf21236aab7c21056b75c18cc7ef8d3a56e,0
d44e19d2b8af7ce5d3a898dc490155dd6aba6cc6e0ab6bed2ce2e115d275dd79,0
d4c9c3c38d06efa3a841d08d615fb5e6f840025b89372000166a3e09129c6c7a,0
d6679d88f838c5f665b84812905379ba78b0ce31e04d9c331abd68c59940f11e,0
d81d37b3434488a8931d01fb3c020bbf4f332e1a6bf6d86b7d1210ad7525ba1b,0
d9754ec280f652e452e7c6b03babcf9382a67c6254eb834eb11068c40f3167b9,0
e03f51eacee6a6021536afa445b39944cbd2ddb3fda685497718c4cb12435d06,0
e15d29caa610d098e46c36332a97b6e0f1e48a31d6e614bb3f9fa9d8f9693511,0
e3d98b6999ee0852b960735b9a6fad6b94674f016c269d78755b934f41935e82,0
e3e08dc1adee103f8f031686cf0a1c4baf2e79c39022688c2c5324360913e387,0
e55ba6ffab3bdf8071242459bb270553515790e8ed6eed121aa30ae8b782e2b1,0
e62bb87772546f0edfc60fb29a4b9b91d5711039ee830797a9050821b263b64d,0
eacbe381af43a72d1ee81a27c0915df097c157b6c340eb6686a2da45acda90c8,0
f043372da2e5d70c074b72ce254f658b20b1a76c6894a2c32b8529b41cf3f715,0
f448468d17737ee764b428b326dbcb7bc046306157ba2e07c789427a96dac2c3,0
f6d5d2e6179a60f9830dc9893a4d5a51b6de7f145104b8854faf6d7e801e1b68,0
f7b204f8bf1c5b7053a4fcbe99f62f28e8731eff5c4c36018da86aab3a3fd861,0
f8f8558923dda3daf312074ed2405b370b5ab256003c089998deee4bc23c67fa,0
ffb981ecf335bc120fe712cad81b5539483190f7b2d320faba86538c9bdfab73,0
060fd3379df7b8393876bed136dedd28bdee07116bae240677b887bca41a582a,0
07aec015dc0913256e073ad227709194c2c936db8b167498f19b2547480f49eb,1
09f719941a2e003aaa54341f40cd7616642c2ecd90bb81e5daceaf72e31dff11,0
0bfc9c0bac7e624ab13e77dbab7b15391b8eeac07e2f31f5d0ace340519796c6,0
0c12eaf567c8e1f3d99dc6858c7099a9fd38ddb74765485682a231450dcad1c2,1
102cd816a1e6c9d19888680e6f58c6a7d31067816fc16f1cd9484fe90cfb5e54,1
11224e0c30e55b9edb29bb2c5d08c6cca8f6844033fbf81e58ac532d1007f51f,0
1391b98b9b69e9d814cc395fa9549e749ae549db7e14cfc7e030783ec4c32085,1
15e8d5035c6078450d138c817ab73818b85c0d8877edf36295c0fe09596b2d71,1
172a8d1767a05d70366104e1f986a35d892c22dee340799a5fef28b34f0ecc6d,1
1bbfd2d073d62249d983f939f078156fbddd7a5d5fe857ee528d23690c38e2ef,0
1c466b4bbc00f3c03e98edc5825dd459fa6f62440206fbc464aca7370a9fe8d7,1
1e4f44afefe8647f538ef37dcd34912c8c2825811ddf058db2e9bfb4288f7a9a,0
2177bd43c4238ec93d175156509eb6fa67bc1676a4db60976a17986a7bc9b79f,0
21a2d18bfe830ac04d605c0eaa975370a23ff5c830961512a4285069d7d6edef,0
24372b493c7906405ec78e50786296528583da03720869c974fa48d2a1a69dfb,1
27f6022f1b3031acbda5c34563bfc7e89f3b5c2d322c7228c5ef3a97f87839fd,1
2a515eb0bdd6a4c9a01673d1d91ea0af3192f4f378e636a72cdd3e2867a55204,0
2d72cbdc6f0c2a60b854a5caefb63fc0972944ba6438cb914bd98c7cc2b4b909,1
2ed5e79deec5a88900e923e0a139c5951f94737ab57ea219a04f7ad3a79b3cb6,1
2ed6483801cf7ec95e9fb072727da8d411152014f060403b17c53a6c68a57d19,1
2eefd7540e9d74e14117b67c1623796d9b4080ef28e5a934426e7a6943d94b73,0
302c8f620ab7f144554ad3b3f4c24a5b7ae03cc99c65ffdee6c5d7927ecad89b,1
329bdfd35bf84853372868dd855a0b0ce6f0824bd3c4c1ff161b7c1dab6b4794,1
3452da948ce2c0eed24c60921345d720fca4529e084c3ea946c45bc3645ace20,1
352ea31a04f2eef9c4f540fcae82ae931c866a2ca6250f52f2e3ac64c9f0ac5d,1
40a43e3a943f07ae657401348ebedd53a3e49b3eeeab2dcb7729056da69520c8,0
41d2f244fbc976dce625a75b6bc2322bf1cf781411c2a2a01e5c202352663061,1
427e861cba6c7edf70cb13c821cef3bff4cb0b76ef663a2b7e19e9d2e0f13eb2,0
456fc91b19d0ab5cc734abc9926dd2c628610438c89275b79ccec2f8fda30ac7,0
4738bfc6316b054145c0845c64b23967ba70c77fe8047f851fff49d057b6476f,1
4980b4bc7bb2c167701c8d6acf8e50375873c0ef7a6d13941eae0e49977cc051,1
4c28c8fc26a45ead7842eb4bd61972553aaaaac5e31b38e443e756a20d1981d7,0
4eccc8276d690966f6843df886ac5cbf87509600bcfe229c1719d5a7880094e8,1
510c159ef95de024097b33eaab0e7aef440e46d7b59db00b648e375ae2b2795d,1
53f97325b97b7b63814aa74d8d532fdec0b4d477a60e473a4ea7a811d2add9dc,0
56b3e487e0baa44504349a7974b8d9587136a3a9233680bd0a7fda3b3e152a4a,1
56d33bf1c1dfc42b17ef0e49e20b5314b8613ce62963c9026c7e602066c8487e,1
5857789394f4d689f100996eb04a75f0afeb7050f3423c1d780c7ea09c0e7e92,1
610fc7923461e0b3f5e05bbc0d5e4003255446a4f8bda57c865d217184da5ac7,0
62bad92eee2ef57e3205cfc25aa8546fbb1bd960ec1df0f5b93ec23dbab1f06b,0
647063af05a5a2ff08147a0c113d3eb39273abc94eaa98c15a31742049a37e1c,1
67beb80cb60079102715558ae94a452dd46a45a62e6d23edc843b9c177e120c0,0
68b8b9b7c95033fa5ccecca802768daa0efa1200f27e419fd0433c5db7c003e3,0
68f871c699598545a589802c16de899c36bb17f154bc0d5832d61dafc8083f54,0
69c560e88e8aedc191cd950b16cc9ff50af53c7d7a52989bf9909a827aca387a,1
6c6320c60c26451d09edf816c38bf33f658f45af77558fe5a5fb9a227ad7d3b7,1
6dcf00c866263d86fd78d2ef743c1be9bb78fd476371bdd6e73d7e8bd3b8a44e,1
74d8d11e85cb4b2dd55daa92be8b6682d675cb2d5fc36a5f5bbb2ef0a8cfbefd,1
78e160239f19693a496c06bcc1ee81fcdb3d8d6b6ba9c0bc2778e088c365e22f,0
7a0cebede4f618bb62eaf02c5b17e1145b1d4afd0f8f55a297fe594638783004,1
7c53548a280c9cbc93c33e2af8b6f3903d2d4c37c38a9b3cd5e7949e0a49df09,1
7cc29f3d9268eef67f0e9fa48ca933f025fcd0e1c5c3fca64409b9681477d2bf,1
7da73adb3e2e8481af27d810cfd63f817c6d575e74b9a711a28e110dcdd33e52,1
7ea66af440f7fd237b6e715bfdf487ddc6c62cb6b5043fdbfeba0d8a15ea75e5,1
7f8c359376961c82b15735cbcac0129294f47b6dec18a5f48c0f8dabffe1216e,0
80141063ab74aa24cf9ab90993bc263a7d4c6c5ca374a85d7cc5318b3e596b5a,1
8a1ef3793d9614084f68237c531b705a6e1df692244ae27b3fde43e55f5dc6be,1
8b43b3d8a69ecba26a2277a696be6628f96c0d56b84ab7303858786a09b9d378,1
9668ad2ba68e948ed2f4ed60eed07f88ecd2dfbc2caaf34bb5092e56ed83333f,1
969f8301a8cfbe6d9dc02b2f0f3144f5363a2b597dec92ef0a49609c28fb9ee0,1
9aae156970abf8f777627eac4ce1791776c755d992d4ac36fb0586faf8d31d56,0
9dfacf885e568dec079066c86bf3ced443534dbc25981d446d7e83fb12d3235c,1
9e86b731721be7cdf781061a87f83c1aceaf887d6ff7ed8d98b143486bb92334,0
a214cb2eee8e9c55d2269de402004246f3fd5dfaee0fe15d580dc4476d2b083e,0
a514b05138f9ef1a31be0a20e75c956a33f29b27e521a492bee8807271d39a46,0
a577d24df66b65bb037e38f19bffde4a7843cfaeb7a2b1cbf1b8b250beb2a22c,1
a8d8f94dd0d1e2f412efcae07e1a2a558460c420fb0dd7e553ffc90b92c4f39e,1
aa0b3d6ed13778f2b39a1921197fb0e091e009e0f013563b487dd08efdf78e0c,1
aa73ca72537c4da3d1e0017f66743617171e07a079dc75e9241d48edc545855e,1
aad170040584441a27caf3b994ed4e97aa8761746cff2f604eae12581db9c594,0
b5e33895e6d302fd7955acd560a3029c17f8b3428348fe65051591f4f6e3f394,0
b8c08e0e150f2fc2bb9dff05f1d810431f670fed5389fba4a6aeb5394ae93cb5,1
bb5640745a7a62abb233495dfbab9accf32d0737b217b628df9918e439d18cbc,1
be04637c4c2e1c1ad0e157a9782de0ca11dc3fed39014831ecfa41d7646a0961,1
c2e2b8eff5f3b289f6a2f2ac0e60cefb57f45f5bd7d08f11c117903c58dad5ad,1
c5c19eae3e3b6bfe6ba8b2af20d291b1e48cc00acf3cbed62514ac28f941f79a,1
c7a092f224f8799cc903a1846e6d56e5d531be74055b3fd4c2e371c014cc44f1,1
c8a209e0441ae76fa871601cf9bb43c78c12eb9d217376416d2dd3904fc12d0e,1
cd9567f527a8d229c750ae6a995fdc743ad4f97a0dc1ac79f5bc1a3ca84ea557,1
cde0e6bdecee47d1f0448932883730919c91071dd8f4286bbacd771328c4433b,1
cf93fcfe182571460f1865544e0987be94412b023032b701b5308b4a521c03a7,1
d53e68e25c61386ac8edb33ea4d9e80e223def68c4f2ada7277848619a6301fd,0
d7d4463a83ce212d8137b59f1b6e289c8b7fc84a79a8fe878ad0c9d51fe9e92c,1
d875bdeb89793683ebc92e2cb340be6e63071cb8ba9df97e9b77c618245d6961,1
da9492ff3361adea1c83554deb0adb2dd6ca5396566c82fdb77f4fa4ab165d21,1
dc98416cbe779f3080099dca4409ffd0fa574dbe07f12ae60ac3aabd4e31ed1f,0
de909c5d6db89465bc6c3112b0f8c50d0a86ed71195b6a1a07d4839b83326420,1
e07ec7c5d3ed53fe81c6e45e2147b078cb7690af20117dcabe753a4f7723bda3,1
e249b1751c3273214b0a20d32575eeca34e89b14264afd59d335d90647ae96d1,1
e9375cce9ea5919377c884d5a5d80c8c98f5737d506b47b576cd3c11d2ab33ea,1
f2710ebb79cc5b5e2db787fe71e086923cde7b82aa35b2466ae5d529d46dd576,0
f2e4a8c180e029e56444f02c018e0b49226843200a408af367ef26ba98c1e9ef,0
f66708f4317b8a350070ce31ab4d773dbc58c01ba7b4d2d84d355719c5617760,1
f6d78113fdebb6281758f9da1776707dc88bef1c2eb39b883934b5b2351be29f,0
f9a7348094b3964d6603b28d269062c206ee77d99b805b82cc92fc21883703f9,1
fb1a40b239a35635d8ba66fe5a0749f4b120fe3161936cd22fef3437568802cc,1
fbf542590d4cff078e1c4927e7702dea093bafc9b5a368e5fe5339ac88b4cff6,1
fd66d81cc86d6b989b929d3b94bc200f999c5cf911d80c173b481f55cd8eccb9,1
fe31368da8cfa2337bfe9e154d84df48f7664ee3a0c7d369c9d5a433f5b72f48,0
019f13e8eb5cb637783dfc6ddcda74a70ee1eee2989604406e00445e9cb414af,0
0af8e58f311bfc5ab3f153e9106afe0f22c73fcffdfa6e97799489042b83b7ee,0
0b999c31c6c0fa627f0d41b68305b403b66652f9c7972681c6fbfa0ce1696a4c,0
0c93befcb31ec3c41570efd04d8311456dd6c74a7bb3f4204c61dd523e0a52ca,0
0cd627bfdad24275049616fee70774e27512ad2e386a0bf112548e9ef30bfab8,0
0f5650c40a723b2bf7e4fc4128c7607954631e1c267e4e383154a2d61bd133ff,0
108da4635d58c28d7f932ce3657a5ae8ff32a3b449c58a0f1c9557687c6c45c2,0
126ecbfbb24fa571e6dd9fa696a35d00cab490f770197bfefbbab705d3edf2b1,0
13d68426ade08114eaeb056c6d1e17e5eb30e926eb40db431cb5b76e903770db,0
196648dc0e622d8f1e3fb0ecdb94baca34ba60dbfd53c0619a550b507b0f1c61,0
1a1f14982e7c5629fa86649fb3830cbebaed3ad2ba2e707a6a98c39405e6a631,0
1c4d32bf673795426522015277c6dd253061ce40b8de67717c71f9ca5a06993d,0
1cfc6b14399e0ad2988657ca3fc360817a956af0f6df9dd869d0cefa64589011,0
21b31d241d1b5f06179969e6700eda1fb61b55cbe8031f1a992974737104d192,0
22b7ab157062678042b0f4cc855d36dccac45a1ed94961b92a8f8468e969118d,0
2994d00c3beceab5329d4cf2ff9044e1d31315c418f4fbf7eda77b27b09dd993,0
2b329c9f3ba571b53842e2c65f375074634b5be8d34b4a0e668a28bd210761e6,0
2c2b00384dc0c25cdb69ad093aeaa40a1e305c38572dbc135eb236df861ebd82,0
301a57f6ab9c701ed835c12d179c1f706792389d11c1a9429fb975f802675986,0
3213d440af748fde99ba2cc4da65b4d467d37b13b5083e66a6fb4975f1020d6a,0
34eaf2b84db92e3472ae85975c6fbbcd99393d4d00a33df1c407d17dc2787688,0
37a18da25bc216c93a9caa107c9acb9e20b77ced9fb27375216fb119b5cde41a,0
38449f4f3df525aa89f6a5ba35836507f36391587ba0c6b8467588e99bace86d,0
3a3a55e284cce2bf0f1930aeac2d01b487be85baadee58f9f2fb95c3f0b69eab,0
3ad2f2be86b6a96b3a3ea727426d0ef6442f0f67de95697624c1e40f88b92d2b,0
3bc33ecaa5b21af36c0bd52c6446052cdd4d52a6106bb09fede529806373d6e9,0
3f7429a0889a23e43bbe342f444fd5e7b91a24674a82a40fd9f89b6ff94bfbb3,0
4165a119c0d305c979f03e2ba1288cbcee8c4b1d73314dda2a01fdad7f912978,0
4886ad33221c2444f7eaec9c1a199a8686c8a9624e1d0a0eb4d46743c21f86a7,0
4a102cafd5b257bd65aab9778c998c39a496e26914020f5c214986e340b8f993,0
4c244f7ce154dcc6f75de207264450b174f858dc79bf5e6ce1a291de8bbdc72b,0
4f8042e21596877791062e723807b8b2c7c9fc8e1c914e1f37c3bc95e29c471a,0
51b45e025c186ebbede09a524a5bb47562ed365bd6eef6decaac99cf590b7fd1,0
551275ef4d825015bd5fd61dd2ed97677a390f81157759b0294742b014112601,0
5591055723e2fb93157c388ffc8ed5f9621385dd1f586aa7b3613d1f36a29fef,0
58a9172065167c66962d924b0ae5a38143c74a2310ecfef9dcba5db87fa83690,0
5a834798958ae4f2e496675e97b9cb42a4e3a3aec80cdc05b7b1ffc1b8b8483c,0
5c893876da5f9ce1f0c646fd600d9c6e87b4b8f153a5fc5049017ef6a2d9434d,0
6488913cfcf921ef5954244bb3534752358148b5c14f0b32e1ef0022d31d68e3,0
6b71bd1ee68bdc6754617d6ce9ebadb5549a13d3f0fb2c1d56cc99d654bc6158,0
71ff08b7ee7b2ccd6404a5d07763f6d8fdec51e116883c3e59c58f543c70d827,0
749c0c14f0e090d4abe733ef222f21d49f833d0fca6cca12ebe0110f7f4e62a2,0
75e456f9696f04317787aafd49ce4c9af4b5f0cd73b9ab2042814e4ee4e01d1c,0
764c7ec7e7d63890ecb3ea12cec889c5066b7f288c4f6125480ce8984c9fd8ff,0
7817108d1ba57902afd63b781d156e89b9512f02f654f328cd6b3f652ed0a69f,0
79386fa124c01b1d05bb4c78c67e17c84f3a373cc1ce3128ac21d18b1e9cf7d5,0
7b9bc64012cf890fcc7dba392700debf8f93a9e8b6b8011a9ef76e95c012b307,0
7cadadc69432a00c0eff8b999b91714218ca9f98d313ad2bd87d30b6a48b8a1b,0
826cc0fc5116226df3440c0afc616ff9181ee90f9b5577f21900183e26204f02,0
86f0cdbaa402a6ef132257620e838df60024f4fd170c8fe2ee982c9da73d8d04,0
8843e7dffa09259bfd50632dcf12378e532925e22894711f811f65c3b08e2079,0
894eab792d438f9e7af90e7fbd6629378f6a2c283fbf0cbfda87bc1cf74658fe,0
8ab1525cc5f42f4016454b10e1c4c00ced7f2544b0719b5659e678327aef0a30,0
8d721ea638952fdf89a3e807914930e27c282ffa1d52cd1189a540defb9efe7e,0
8ddd13af8a948500bc37de1dc8cbd40a8c485615b1cd3464628fa6d61d62d553,0
8e983a247e2430abd8f37763cfe641e13142fe78b3653a5ed5fe7961ee92993e,0
902ae2ff64ca445e04a1412628f78b880f05bc6f4f00e7c565851bacba3be8a8,0
9ee1f8f773e3af7bc80904fcbe4b9578fb869bc9744251aa424f9fe3154a3e46,0
9fec249a5599c528e796a580fbb32fa1af1ad322798025c1a72e4acfeba9f200,0
a4adbceec12c9bb40deb5d974d068093d082f3687934af3d5234de53d1e66f91,0
a5a2d7053f0d516df2547ee1212820ba0755953da113c77b50359df4edeb323f,0
a6821781414275eb3be443e3e2a45d8b8e11c925b93b8946848d53a5f5e21ee3,0
a82f236268cf7e29789d54bffa9d5a773bfcfccdbf114cfb289012f097d0dc2e,0
a93a9e38f239e7a71bb511147baa432201f19aac4cc18890ae13f7904f40bd63,0
a9ea4d6511cc6ff40ba240415e967643c963b697fb88d7974424d36de09943b4,0
ab93535b52b05c630fb4d0090d4b11d4de1857bb7847a59839b398993f7874d6,0
ae4559c2ccdf345f3f965b1bee9ef2e205cae73e37aa982e09f90e1cc73b1702,0
b84e6fa32ae2ec6d517fd7dc1d483acc98fccacf9d94cc92dc31128f1210f3b5,0
bb66c7a51752c020359bba5b6454755238478acff043b29800e5319f9af8e8d7,0
bbe4a003c2f63930b942cecaa5cc795957be9866657442da5a8c3d8001e537f0,0
bcfc507565b60a6bc5dacadf47f51da7aa56f65c6fcfc38ed6f8da01534a2e97,0
bec3a36524ef50bb1f63dd8817500407c71772724d1c26fd7d74fb0c7593976b,0
bf1f36c685b79bbded77cd00607eb97277e575a15ff1c0d22b3eba7e946ba4da,0
c1ea9f547b522428f9680140529d4a9d24776e328c7a86ca442809a71f01cee9,0
c310eb7794f01e52078d9df0f4279ce1dd8bb364ced79bbcb62bfe79fa92d16f,0
c4939c85009a54dab179433f7d5c1dae35dd0bbec179fad0e33b2bb6b2a2db34,0
cb6cd7f0d015abcf050bf6cfb622b11e1c93e1c44963e4cce096e181ce5481e1,0
cb8f72537a82634bf070956e6b654887e91f589ec4cb4d5b4cc9152dbe89efb4,0
cddadf1428b9bae9fc869ada0a860515b9afde1aece9ba3ae1ea3e798bcf3030,0
cf6ab1a936305d231393fd4e0b166b4ec41c074bfdc01ccccf8023e7a95a0b74,0
d047ae304b71c8f6812b4868771588ea55a97ecb276698a42b9e2e24f972102f,0
d42dea93df9647b617469d7bc925f241ff662c7ea5031b41550b527c60651f7d,0
d8d59be57cb128e37808a619f9b44855952b571cb048f1c2768ca45ea9d18584,0
dacdba8d39afb37abd8ad676c519d0ab18ae8bc0b6f8a5a8ab6d14e02418a6b5,0
df2abb2e1d45a14f29370f84e74b21226a89a60240ae34c0d1d2f0750dbcd9e2,0
e0dc73266c40c28f60deca2cdc74a4a9a7e2ebd02bc66d500cd810bf8d505204,0
e1e5807dfdd4fd8efccf284f2f41713076cfbcc0d6ac86cf1aea45fec9c57980,0
e30c48b98cda04974aa2703b472bec9e1c2a632f5fbf77cd9a9a1f496c6fd3c4,0
e314ab937cf8707cb658f3af90712d60ab5eed101f891f42746f49b6b6283bae,0
e4ad33c2e8da6333c8bc512d8332774924718c8fcf56e9f93afd8cc7a08ec124,0
e8af50b32aca1bc9802f673cf633b48d97c3611d90140974d04f9646f0e19dbd,0
e9fbcb5ad44d26677cc8b975db267975fd189fe588a01851b5f1616256436e52,0
eae41a8c4ec4a7ce5c9d235522087a3e0a42696a81b0dbd62ca52a46fd7fd387,0
f04c0c3272569f6f8cd1abf1af23a77c63488553a8d80f8ba849be0c850ef9c7,0
f268a4963df767d618eee394971616b9bf0d38eb6b0bef873dae1e7b83f529d8,0
f54259e5342a62b4dca0989582653c3d85043b834f0aeef7de479933acc91ff1,0
f7a0cc6348e357f30230c94cc542d6bf974a260d22f3a63585fe5e3888952e5f,0
fcb8a51a3768a7007bc5ac53703a636e64a71ff4c60fb8b3bbe52dca9e89c4e2,0
fcee2d19a30a284c88d1b90e9ade472538b4edfae62ee1b0425b753fb7e7f465,0
ff267f6bca905e59896cb94cdbb2ecefbd57a6d0364913fbd74375f67702d74f,0
006a43557234c548813770c11e6627b506bb2ed6b01f5c967a07eddf7a9409ce,0
04f2da495ca3f2a53afeadc9390b26a8767b106e6eb6924c065f78182eb64189,0
0561ff98af1d6b7a3f4ef485376fad241daaf7213fe2bf3525e0b73bfdd619e1,0
05b8be9e5759a96353bc23df458b28d6862fdf47b1fc99f1db13e158fece02c0,0
067f699498d568ea2a146401ddd67a0823429ad1720c21b2a5dcacdd264289be,0
0b935873aa1bdf497820aeb026370280dba5ddfe9aa173e4764c0caf1b0fc30b,0
0d3f0a705163c78c8f931f4ec8e6b15f3fd27a8846e9fbddef80f9f9f1ab851f,0
122f5bed8a1175414cbdd98ac066bff9422e8dbcb030e4a928e1dbb898f58342,0
182ccd7ef758af9f70813aae6588b6859f2809b157b7cd34b5579b569e350b45,0
19607069a87006e9e6940f684a4723ea4b555bfcb68f6571880d1ae30892ebfb,0
1a6c0a9ac6a0bbc1683c4b2c6b68db4e23d6c6cdf8f02365abcbdb1ab38a3d64,0
1a99954e2f7daccba64d998c32d43283cf89ca27e110230123a72a149cf2306e,0
1b0592722450e9c915a6d391545cf14d174ede35360e6ea1f24a593e84b554af,0
1b3b17ef967c57980b0fa24630c6188eddd204c0d5f6e875e60d406de94b8a1b,0
233b3957b9a8439e450289e3be23beb709fd704998d3fe8389dfde38c3e93b64,0
28f210bd183625ae7438304192700c1468b94f66aaeb1a6f41a26283d6bf70b3,0
2af060360a7e52d3b586765c16dd880c515122edb8b5ed3cb6f57aebba13b25f,0
2b6c6d53e6a950403c65c17525088b82ed03e837f995c8e9f2fa1988860124ab,0
2bd1173c49ba67e44f5045a8a464af680c7d5e0262ae97b62beea6a952927a36,0
2c5d1da8e0c6b1593034d0b754e826ce5fab0c9d63d7912fb1a1252dd6301f04,0
2c858f44c8f9d76dc0eaba28bec75c049ca2cd67f1b8e333a498c8d27718b80a,0
2d21cd40d0fbc6c16bbabe9c3442f662d2499d936883ae2ff99cef808d8a5e93,0
2e8362f12c09154e96fbe6ca9a4bb04384ec559913918b5d6af6f2d06667f0ac,0
2f9f320fd19bd56335067ca7231b24efdf45bc93fc0c59e54f40a274e2a8422c,0
328efdd5f4db31e1da4337ab50e9f97b1f6718361cf44d82b39db393538226c7,0
34fd5557d3d36f3cd2a656450ecb6018f67b7c514ca488fd6f2434ef7a69d35c,0
361144b9de4603812e49146d1bfbfab178d64c5bea6f40a8e1c7a1c139e6f18c,0
361a3b18f5399f52efef4f05cc6c13f4c4049190a62dfb92943a3b3bb839503e,0
362d52bb208fcba8f62b1a117c411c8c5f79f53c4d9734d4a1cf646aab9098f0,0
36db877626ab0f5bec296b9e09d6dc36272e3d545d4d9875824db14e7c219dec,0
395f43df70d03b6a5acebb94e14921aa60df78dc02419f7c7081524b25b67d3a,0
3a61e54d0ae654fc5f22981d4eb3a9c34f5c72c485612d0764b94b4dcac485df,0
40338c76568d8dd0407c1a89364bd06c652e93f264931109c249701f7c05e39f,0
43977901278e2005e53f7b14c9d0478b1f0f8c0788dd9ead1dfe16b3e032cc1f,0
45707f787c4411f06751d9f8837f443842d2c5ec527e386f0ea3d36257058bb0,0
48141f3b00872ce20ed7389c88006977882636cb719dd22671ed5445bc9712c6,0
4bd5099fd3cdf9c960e1d4d8b1a102c9d32f2613f43872aebe7617e20dc47a06,0
4c653f7fcc9d1bbbc019564672cdd189f65d6cbafebb9474eb438cecb6cf17c3,0
53bd819a861a8e9cf22f394e698be78b72089940e6f7395e6749fe7e38fc7b2b,0
5d73945fd64b7c14b936074af5812ef1c089c73e596b3475fcaa450b8eeeda9d,0
61391dfc7eca635911fc26817cd71dc35083419e1db86c72330ac43c865dfd2f,0
624cddba9b2013ac3c0562c1eef06cd91786a942f6599cd68e92837c130962fe,0
634ef9c166c85dfed1857d680ceb5ac64b779a5505042ee3a5a59d260b788e27,0
6b1b4919ee8d2179aeeea7fbdd97a1630f604caa4f71bb45e9320204ef94adfc,0
6e1b1bc337a6f7f141e554ae07d7298da28f141053944fd13bda3b5281215887,0
7191bfff27fe6f773c5564cdfb5ae77a74c6e921c64d884b9cf72daa40e80cd2,0
74d717d29947e97e06e6dfb6e23aef1e3516767449636cd65a22ab613410bb87,0
7b02443196320248607ada583b9ec8463f771108bb52140664e226fd168a089c,0
7db98cce4a5a9d43add45a3614dc5a8f74db3690d6b640a2e08dfec4531d6dd8,0
7fb4923c45c61c3ee28e32a353ef890ece7d5c9a879593b5ebff0b2c7f17ff8f,0
807106ae478de1b9d288546f990583162d617d9f5fc293bd2d152bc58cebd95e,0
82bb2b6c7d21a6033fefe12c56227c6dd80c6aca6f1b54f297199815de1a7654,0
832b1c02a50d06868962d515109fbff250cddbf44e066845459c912f27b73a1c,0
83d0169a09f5127aca933a89104507210c9ac600e7e8c4af996b1d8e425a47ba,0
84f0022d037a6e5dc956c688e5a0baabb38067a1c94ec2558986e2a9b70eb90f,0
85c038a16096fffb945aef59625b27f2b3cfb344a26d3d64f71e62a82b18889b,0
884aea74841c6be1840d3344c8bc37820f342e709852bf6f7f3d4b80f5374a88,0
8e3d5b96efd6697cf99377c08ad926392412a3bbc2acf48fc84e69aff4d2b64a,0
95011573d820eba9b26a4bbdc3a94e9f7c4b821c1a8bc89342bb1a5826994a3b,0
9d3df24fc10283ab1c7774b6a65c36279222d81ab901212d8f24cd399f59bd49,0
9e7cf416a1dbd2562aef8af461a1212dbe34eba691b057b4db767d96a92ded54,0
a2406250f51614c961cb73ff1e39de83e81e92784178166144e40d7e8162c34a,0
a379464d09a9ca901cf4733acadd09b0b68a299c2f0621ce21dff21e98e77627,0
a46472e65e0970b36eed4698a7ee61dfc701d472eaed618635e4ace67170beb6,0
a6868eb7a730455e6cdb839d4894790e7008c07f5df715372f78560a3fbd5e2c,0
a6d10bb1cf6338e67fb717485a3d9722ec7cfbd438a25400c2c8a4f93f591306,0
a74071cea390511486190655afc8723811ad28ab6d0e80e9e5d475a35747ab34,0
a9e89b728a4625a307d21ee91f09934b83f905d5a02205cf0a9eea30f6cc0eb8,0
aa3b29f479bbbd5498f5979512c2dbb2577982c64cc590404180cba82b564483,0
ad50910ea3ad5ab7f1c37596b364dbd21caa17ac7e0fd7c8622581d80d6655df,0
b0018494e66cd60c541d76827954d94ba6fb07b67a78ad44c0aadb31b0c77d95,0
b1d17f1acac2d8c49c976b611361f09f1ccc9d9ad59217900174b506cb834e72,0
bb40d714640447bc8564ed8d6a88a49a3e351aa56691682917dfa8e4e0665564,0
be3c26e8e20497768994ed46df7dda60f4121592ed9b4025e609af091b52010b,0
be5f06c4b6086b7a69c3e637d0246a98540d9f908abdadc6a09e1a3666b93044,0
c29d246fba0ff96da3b36980af0ec9e1f44577ec4d9428073fb0494e8af01e1f,0
c4d4bdbd62545cc496ffc9ec84d67f9275906963bf5ae745f0d158b2d97e0538,0
c59b582d517d7e62dbb30a4a35ec1fc2a854757788c846d3ba61f5bdecaf8644,0
cf5db4bfe4810ed14af9cac4c0bcb23576775b504e089626790ba354add7fa20,0
d09286bd1d67221ef15a27dfb5a78a0f116f1fafecaa3042aef3af47441f45a9,0
d0bff0ff332987dcee13b751014fb422f275be1f629d0e2acf788d28462e18d7,0
d0dbd3e09ac32136f1bb9391abb7eef3e9619cb95b2d15b6b5537a529ff58806,0
d18f09aa1ee5bdb64b869ee3ca9cf98327df81dba1410c16c259589b7f124329,0
d54af0afb10613dbadeeed5dc43909b3b468e08718e54c432dd226fb5febfa6a,0
d5bc5df44619068256be039bd907f497357f2bc0603399a208f8370dba1c18ba,0
d932553a1997221488442cdd0364089ed6ea2d1e6c1795c09e41f5b1c1e14044,0
d93bd079c3291054ba0d8f5991f231ec74e1331ee1e101b98c67443fa593a661,0
dbeb4e21b79321b9fbffb0f7c527d615ee67085e227cbd717dc4b42c99c40628,0
ddc644064ee16dea8a20512e29b500a174940841b709d07cf16a32fec74da631,0
dec98387f5613a727ccb4db44d34cee3bbd3bdb0ea11a9ed817952c8a72ab729,0
df6b3d42c4021fb4d963be948cfd4aa29516957038e8b058428e3e1bd127c59c,0
e488dca5f671b877138864af613a0e715077cd52ce986ce4833462d4ff583b58,0
e7fc167f3045d16ab9f88f3c3ee300045041c3d6b8f704e795881585dedcca13,0
ed1f3b0ba020c69cfb3018701cd187a1ea884203e92461f8bffa4935021c9192,0
efe1985e6738c3be03eadf0a53f4cb8b50c5d9714a2e6e351cc86a1c866244f1,0
f219654327cc800b293eeee871c099b8ddf66c60036aab5edbd12d9f58fd29fa,0
f4d95f53a5bba6ace7b20756a34791517268440b412b1c4f132e0fe44ce7ffed,0
fa6bb41f986b6887965ccc91df66bd7293b37350b3426271d28b30859d2f7396,0
ff5eb6e349715a302ffac492d65bd5e5517c809e47fa89ae167dbe74b9ebb8cb,0
ff5f8b0cec9ea17ad9366cd16f54dd9f50a7c6c37e878ec74b15868c6b631f12,0
01c121449d180a0d8f59f887015ea076937d78bf10b17c68baa06413c862538f,0
045487426138efec065c4df274963f7f76f638c269aabb8f3e4382eaaf71ce86,0
0593c0ed2ee445a7ad586b3790c3df18e86690d9b60c6f31cd30585394633296,0
0e4bc632f4e2f0dae679d8cd70dc1000cbdc61503b030a58db33c0a7f951f601,0
0ede25e8158bce417919a7d6ff16548c63d1390bcb5c000583f4b099e65b3e26,0
0faa61830b54f4b9e1c4a54441538ccbced4e1f1326a13077695ca590c3c7e57,0
1344fe0c8efcf4ddae828459acb9ab3bd586ecbd685d746ce493651ec75c351d,0
135cddcc154b8e49ef34ace0b4a9c24142b6bec5197b117a3a26830f8ce99650,0
176136954025296a689ea66bda719b2bdd29a77360f648e18ac47e354f6c9ee7,0
19e7825e47e434e6fa8087f6f0f3430301fc40126c122bb2de3868e1eb2e2630,0
1b56bb4e02c51b4f4d411eb5d092dfcbf1a426a8e1fefc2ce598c89c5c8b8495,0
1c51fa06439b97b06dd793b6ffa378672233047008f7a92b75b85a4dbf7d1c64,0
1fdd7c6135fd48b1ffd4d3c491c6c3fdfd97848d6932be4cf1ae239c7f782ec6,0
25c13e29d3ba45b89917b130a4b53f623e53252dc3bb90956fb95966e45df49b,0
2709a217a5fd73d432d69bc2b52f5ac19ca5f829f60a22833e9556521df1fc05,0
2d82107b3660d4fd0b4fa5250a06722c07c66e6831756b006746dc2365c06ff3,0
2f0fb2fd02941722fed1d6d98134332f00dda0b2a2323f6498c19781ce3aabec,0
2f86bd8e660c4451688fe0438d36d4c0cea116d50decfa7f52810a47a26b4a2e,0
317f5e1c70d44ab5a71c6fb36834d791cb488e8208da14e10d869b3ec4d6c8de,0
325f30e7e091e391ada93656406bbb7107655677ab7c46053a03b51deb5a0756,0
351db7bb4b348ad843593ba0cc7e84375cb19920747588f27e11cea3a9db2508,0
359155b99dbe84f7f9addb0315545309cf6e16e62b39381c00718f0d7e8f7964,0
38861a40bbc5c95258a5b4b12f45c3a574970b9297c170117a39d9eb7d11fc67,0
38b7e68c15ac15f83a53b39ce87c36b0db9651e11991e4c62b96883f559be0cc,0
38d68f30027f23d9955d43e2729ea8c624105afdf1bdaa76c8df099a9a6af3a0,0
38e6f89eec760b3a70e0c5ec04d4ae239f07d9c37810246d4017c140e7e0a062,0
3c850e7046576ec7158967b178533073e33c2c767af05d64c26f0097174d4cc8,0
3da2eb61d4110eb768bd5bcdc5ed571a8ab1663085f1f5f325ccf78fc37e7e03,0
3da79d185d25fe976bca86e9ec4504fe32eba6c83acf442499f083fba039c0b9,0
3dec8abc93544b4d35cc1acbeb4ef21d3ab2558891862eaf0aa9e29b77ce77da,0
3e979a6f61e7339bb1b72bb4dc547ed4975c40cf7ae971081c2fd1854501e890,0
424cb952e99ba0c4e1d9512a069d4e5189ee483a0d6f5f76a44d3be3b049d344,0
4702141930745a1cd8be117c41c71a7fea4d90eda6f8d6e81a19d4e9655304b4,0
498cd9edd0e0a9d05651321f2d4aebbc465d492b0faec02ff4ac0744d95de0ed,0
499ee416b56a2128367bc16659ce3151a64d548e9abaef6b6b8ec8107510ac3a,0
4b360d7595235c295b6cd0076d8b4c624a26b27e86214dac9bc055c74e4861e6,0
4cfbfcf26d330b1c2f7845a97f47ce0f4241218afd6570fbf2e02d047f0c03f2,0
4ff6490eaf2a049c44a4271f8881cfa3623a0582fde1549f70a9eca79a6c3ede,0
55100d233306331958ea3b0f6f37b39e8904ece6bd4e98bf7b1388ec5725da8a,0
565f9dc2d8fe268f1a140c75f629de229adcadd217977e573f6bb28290117516,0
5ca27e8a70b57a869cd51f2402f4bcc6181229a0ab636e6035da8008febb4896,0
668b4803026827ceda86043bfc88a6350569d2813e388d723196f8b9aff2d23d,0
67a6d56d1f85bfd029870c891fe30c66e88990a27a17caded6e3d2d5bb299456,0
67b4216d15654b5583f8b17f78e9b93f5e6901a601097e5dc32a4da08cdb5784,0
69b0e93c31ee9d20dd0dd44996dfcccfc981b62aa387d73684d0d44a832b1578,0
6b172a1cc8f0d9ae009b5864caceb7ddee5e3c14b67a98558b398ae87282103f,0
6c21458e36d3b180fa9f57ca335d097a6e949b50ddb493038826ec61c6979bef,0
6fee499514149e4d6cdaadd358d76b5eeb8a43c0263a07bc9d9a86e5ee92db00,0
7089dee6847d27ae1b94b6252d53c330b46e82b99dbb96dc433c3869783290e4,0
73a1fd58a250a09dd7f0f386274cfcfc7a2e9ccf878509c608c4190a61da8e3e,0
76497ebd4fec1134670972673953047a98b4cf59e88a8b0f345e60c5847de9c3,0
77a369d1721f835e4c16ad2316d699c98ab7e28aba0ed9225e91c0d00d71d75a,0
795e8e1335ed7986f3478429dff16df5ebbedeb1bd155bbf5c89275eced0faa3,0
7ac97885fe3de2f00cbe936b241c47c188335727b72a39a02187e74ec3818c7f,0
7b7c137212f342db3fca06753ac566fff4360758b4a6021b3bfa172ea8a7bd31,0
7ed6d6d05352a11a3f23dec18d280aa0b7077c986fb4cf6f6c736902e2528d46,0
7f4cdf2c3aa8d509d656ef8a432138788abf2295f4357bce8258b03ad98cb18b,0
803e2b604f37388aef35d72c287889e847fd5f739d04dfc8f7a0cb027f5ac7ad,0
8211454c62e8cd51e954ccae0d84bec8950b494ba2e7fee46b65fc14a00f1e9d,0
827508e64a24699d14c38c895bb8ccbe3afa23c56a10f878d738f167ff74d1f3,0
83ff235528ed3688214e4f88dd12de6a20e35f4a24a524d783cf83a9f71d52d9,0
842ae341359bb7aea378e0e67e85f27f3d681085dc134e06428199ef70c38546,0
8697a9bb4bfb55096d86952cd2d0c67bd49b50e1d2a0e92e1f803363243fd666,0
8acf211d527c7ce16ed9cb35958127075273cc71ebbab9b6fe41ab120afafd69,0
8c0e5f7c81fcb286a9f393b9ec12e16562bbdb745245cfd2f3bf7f46aa3bdf22,0
8c57181c8f624bb0de201c9a9b0e204b1a2c2476204b17a5bccbd6520028493b,0
8da451a2570c1fd5b01d0222bf297864a47cc8af664122a3ab85fd229b456e0c,0
90b356ddadabe585caf6c31ee0af8e6b6190fb76937d39a48b826b9f6809d9e3,0
92e188933b3820402872119db0cb566f800d12bbc31a53198a9533a65c8587cb,0
9479593c8b00647b94602327953b35fbb3c0f14a8076abcb77b4af5520af56c3,0
9830d8e1a20c0b816a3f4aca5c2f94ee87ef7bd8a27ddb07fc2134baab586348,0
994c14e46e66511fab28e90e1dc26e860a2c384294bcec1050c0c41e6b0da035,0
9cdf10b11a1527feb2bb68845a38c3c39b9bd5eca23baa00443701e3a65ffc28,0
a089d29d7157236b47dd838581fce9e8f1f998978310f5ed97ae5570e5b0e1a4,0
a2c60ff0ff2339c6fdcc69ee82de711cb2437382bf84b8bd2d9b428ecdb895b1,0
a7febfb47cd2ec15a4a7bc8a2ebbd4ef7f8fa5f149d8dc88cc1164b1a435b2ad,0
b0cdc064974c2323b203905943fd18e618d0f86d3061578c5de581901cd08d1b,0
b12066d85db0358329ba225e6d26df72d264f9c59611cecbec1983824e4dff36,0
b2c6ea8551615b0d6629e6856936f0dc8480747b1ea933a838b039debc8e6415,0
b78c1dd55cb8f97d7e7920d9df21f67889ebcb2108cfe06311d0e4797082627b,0
bb99e21b767ce32a0d5e6047e07be2970724d51d0b73e5ef75b51bfb789fa3e6,0
c11f49a5030b59a7078ce5d4c0862f7ae7c8a7f9f3b03a44770a1d3539fb425a,0
c233810856bf83a4235eff680a35a29f5a6d44cccf4bba2116a8ddaed77c6502,0
c24e18feb710adb851f1ace3c2cb0671afca46b82146b6bec0b4286b9b66e6e9,0
c31324106e7d15b0433214e30f9364ef33b465608bb25f40fe8ea6e6d40402a0,0
c36395098afee973548e5708b08ccf5bbe8d99f5b7cccbe33d586c531af0d98a,0
c6f3410d3b60ea028193ddba7351b50f1a66b8286b462b17036cfa360301184c,0
d4ce2603ecf677f3a75776828dc897c141e6d178d888054c9b54f15985957c75,0
d83e42afaf1eed456b945a80ed3c218f2fd8d497809f1d6c7954a1b9b0de1b1a,0
d8acb248e51f8960500f2cf250fda46da4b0cd93ff8215b8cc9695126d5f1f47,0
e0a1caa01a3ed43141f88693b7b2f755e4d0fa82579b9ba5a6f3075494f85550,0
e23a055ec46422c847c96cdec9e424f7328205bfd01b6544a8eb3fd280d169eb,0
e4d30d2cfa6dbb0ce48a03ab23f03fd9b8c490e4728ee4e2dd1c2edc8760abeb,0
e7a5a8880ee8b31af9a473b099339190f8d79d88955c2e914918453a11592fe4,0
e7b97a7645769f0696be9820ea1e29a717cba4fb31625f69dad26ee1d6160224,0
ec3ffba1f3dcd5c25f047f794b52e7ead00d258a27864cda0428342759f17ecd,0
eebc33fb94dc01f45d0d7ab4093ace43a31f43b57caaf93343301f452e2e22d8,0
eee78439c2cf317c5408b399beac98669b19ff4b60611429a48d083893858f73,0
f2244aeada5d354b4044ca9deebbf20b7eb9f938b8dcbe68f2249d3ab3ae78b6,0
f54735244e1e906c5927c6e407450618f705398b8d988c2d301fce3e7d63e682,0
05a42d51e7a4cf404cdc5939456a98f24156ea49aa206c1964bfb761f77ea7f5,0
06898f00deca0f0388ab7060b0bff48854471d6f74d2362174e8e0cd9a1c2c2b,0
07681031dc11d66f240ac2a43141eb85595e378924a158f74f42521da453fdd9,0
094ba41affa510bee390270f7e4b3634b4664923e2f53172d2137bed0daf0d83,0
0abcfa61b16aae192499bbe9f83468b96334ab52c052842dac6ee328980adbfe,0
0af282cff722b5b0c775faf3bb0f161ef1a4ad774eb9218091cd1b1716903c80,0
0b27b75dcef5dc6e95061bb7969103e5c8d557138c9b140a988430ac2c8928dd,0
0b4633cea5611ca1e1560d9ea36d21d7a87c75d172cd42917183bf38236f0d2b,0
0c098215a807b62c37b42de794160d7ede6a2136e9b10c62d4636cb9add104bf,0
100f88b656760f155af34669dec6de95f2622751248fb3019a825c6987d6d2d7,0
11243509644510bcd345d0c298240b4733cf1c86274bed10e5c17ed822d945d0,0
12b26b0420090301c726b0c85ffc0aed9f14090e0f76d5e166f21617610bab87,0
16b5eb1a16e9607a8dfcec70a1263844c4726b2861c360be757c70f14f8ca72e,0
1962f03825c7bb552cbe14e27c4493c95dd8f7a27007383849a1fa0390cb701a,0
1dde9ec3c7bd87e1595964a7e0e37eb5b97c371836fea843a9e17e5fc1bc5535,0
1e2ceca3f9775e296daed04dd06dffb418ec241344785e350289e508645f07b2,0
1f41c5ebcf0502a4e3103d51080abd0d1792212ae2e67160721966cd3738e6f7,0
242c9af55e79dee7517ee058b585cbf2d18d616b07effe81f393d5b037af394b,0
265ffa14c730b046fa97a2db5e6e9a704c1b63913782b2e03205d92ae8b41d6f,0
2ab59903c8697da670d5cf4a699c128b0b516ea93feda937b092623ac02e8323,0
2c4525127c14b553d1ed6a1dbb3fdb20b7414dc7eeb01dcb57148207ab6c5b56,0
2e23579bd30e117e1c2316b0e22cfbf4eeb3fc6a46ddfc2fa4d42a3c7b912bd1,0
2fa36fdb8c90d62a508aba11923a8566821a01720c45b68131f2ad92f7435e33,0
350d410a831e3dbd10b0987591b6b5ec29b3c298db7ad252160acc2569c9390c,0
391701604c80006252200eea1e2ec9b0fe33869a52d52913dd436ed070ccea48,0
39816eeab46f2fa6799305f1492c7896f29f6627923513ad20565a76db2bc390,0
3a44a1a15dd5a3062a0100cfd4cf82bb1e48828eaec7deae19a4821d2416e1b6,0
3d8a534d6e32611c19fe60920a36f38fdcd21fdb9fdf350aff0431e351908c52,0
3f95cbe7358eee14887e686183ef95aaa4769fe9510b231b39bbae82917c7c0b,0
3fa5237e73583163e103cfc89170c7bc9d9ad8623bd30e744a19f611013c6dcb,0
432a73ef2cfd0aaafeed8959d03c751bd548c60213314745e3f708fe4ed77fd7,0
4acc1adb042770c3e892591a228ed01480dfe221ede0b42857209bc439573604,0
4dda1c379fd28a9e31f2d0906255223f4fbc38295cd3ca34ff145382fd2e74d4,0
50a9c424d6970e93451327a1dc569851a4b9dcaeb42d01f11c251838c1059623,0
52ba831ec2c90d290da9779ce31c2f1591980c26fb7452a693d5e03d253296fd,0
558d8f20fd57bd1e4e606c9c5029621e7d0d96db2c1af1a9a0d0ccb50f1257bd,0
5703c73c3d2a6d69bbb6dd3525d5e052c31e78b2c7ff6cb02e802ef15381ce6b,0
5a770d7085766a36f31892ea444216bb30a6ee07cd0048a3663199acc91376ba,0
5c08684fef6b7a760d8b2429afe11126b8cd5cd57ff7227b088364cf1fea8d9d,0
5cf7f18993ed6a78419b84e1fec650319d7d10e94e6db261a5ac4108fcabe723,0
5d2dd73492897522e3202bfab49e1cbec418e1f2c983e92150b0b9761d181129,0
600daaeab92c3310c0851ee699a7bdaa9cc3195d8f82de8b0bfd4ede547e928c,0
67986e534a8bcd40979e85252d514b2c174f9a225ce05ce9872d7264a8bde3dc,0
67c020eccc586c9bbe7dc71329d2e225412256b9517de789e20b4fca88afcd2d,0
68b460fc452e0c9482550bec4b6591ca605d62fbd68a9ead058af3cc724d6817,0
68f5a1e831dd6f02bff0c5a7f77ee510147b650850d2dd374d4491ba3922bd9e,0
6b7ac44956bef6ea70a7a7707401e7c77b0fd9fb40c9ab40e9f8b4d39f719866,0
6d01dedbb55ee9ef3840bd0818a95dad2e282151ce9b431f3cce83141fbcf385,0
7319134cd480a683bcadd21707169843d72f80704e87a8fa911dfa681816050f,0
74b00977b52069b6af0a7ffa77d37e9ad20cd195e0c6d8ec54e1336eb35126f4,0
76d758b13970f01eb8e0f605c978d1febab0b4ade5cb1bdda8e5521e4aa94f87,0
76ea4599496a8f82fb7d915c3d71c005d118f7f3cda76a39037ae69375e96da4,0
7849ba9b2e3d35b6f17dfde0874923d8a8c0396c9eca6171bdcb5596c2100d8d,0
7e333e00f051ddcc7fe5c001ee2ca58af615576f2790e16f3be004cceecada7b,0
82d3bba7f99077636d3b56bc8641ab3565024291fc99b09d5532c93cdbc411a3,0
850bc41073201bc8d02e208c9a7acdc9427fbedf03581d906d444c59ef3150c8,0
88ecfa4dd250d32edb78311e31a7ef061151ee03dd5d9083bf0cdb69efc4b12a,0
8a88794fbd30c42e72dd6dab6a1577ffbb6f05a3c8c47cc67e9938d283c7db73,0
8a9b5feeca1b3ebf2fbdaa471f09a2792a00dfccdd0de3194f21702bf5fde11e,0
92e14af1f0cec1b9981cbb198ae51b2122f13632bf54ad6ecced45bd12f8c7d4,0
96776d13b001f828906a17708becb328877828dd638d6cfd84aa7647678e5ee0,0
9a173c61b7699c6b98edd0f0c994ec9661104b5bef6ac3c5dc455ea1bce54979,0
9aa550a7331e656704ab9603298a24c151ba48887c827416caaf03a60e3b01a0,0
a0429be78d9028687bac2180553cfa97593d298bafef3e701a36d9846cf31b29,0
a049b133e8be8eff03f53b578bb4770249a828fad44a9307ebd61a595913d2cb,0
a51d2a916dc653cbf30735253ba6af1cb9217a308796a4965b941309e8a6fcbf,0
aa41115f4083bb71cc4854f4f597dd8ad28501bfbfa6e0e8bd725197d69e304e,0
aa653c55d2d9098c473da452cc514dc7256e17d0bc6200f4b554f5a7216680f7,0
ab8317ad6669659965d127da228e2f33c8d5bae363e841fedba0aea659bc9097,0
ad619a017e96375afe7ce4c7eef706fe3193ac3a9ea2a10953a8a26bff29e96f,0
b94e586dfcf7bee2fc3110de9e15cd5ab65eff0697dbb7f727bf4961da5e19a7,0
b9614a8bf25db656b876c86bd700c20f66fc1096e2a9e96672f96011e9512a3c,0
bc997e7ab5548487801ca848356f5554e369c17d0cb3a8f41ff5f20807e8101d,0
bd84f073a262c11d47d55f8ac1816afcd70adc909a7e2ce82834d58a855a8a20,0
c19c26d1e14a5e1168ae5dbf121d8a59e2d0d339330f7f894755047a0551b3fc,0
c530844c704950e4c1f92f1c9378d8608d62192bbee052f4f76b8bf2188393d7,0
c62f7d1afd15afd115797ffef308fa9596e819ecc9a45f4543cc13d7945e3c22,0
c6d5af28a02816b0b35ad82601ff91ae9357cac4e88d10e836803ab6f408f281,0
c811667563f04c1121e12c654dfa5e78f61f6bedb1f7b062897ce68eba034590,0
c843236c924075c7dfdc851b437b6c4220434650f7ea25771b5d0ac08ae550f1,0
cb306256e13a1c4cdb10de2c4846753786db9d587da5d10cbb9748352526e812,0
d1068c119e270cbe42dbeb92b00c78258d6168720fc2699000b0080d01ce1a8c,0
d544c86676268d69b224b3e98d2da5a1d011949bd50996a740bed4b0a0436db5,0
d74240b3b2b6d66be5bd4f40254fc874c30817ddd59d61b06c78d5236d5b8521,0
dabc3f5c61cabb75c6011728208dd4d86e64284d8ed3ffa4014a219a89acba85,0
de434f3a1ec6f298aab050d723e36caed91508f985dc4941f1445c35486fbdbf,0
e6fa9d7517d388381b9e1ddf3cdf4058c23869c8a997ef575839e75c7128bc88,0
e9fb8748543648ed0114fedf4d9ff2ae0ed5f25911b5d05370ca0da0bc9a2f71,0
ea61aae7a49957f9d08dada6cfa3062bf0a7e01d9ea124e0900e3014f269c669,0
ed2721700e3f3073d0c1d58c549e3e40000f62b5716609ca7930d69d51a62273,0
ef53c459de4d63c78007fe5f66bb03c5db65153ea29394e90dff72e842aa34f3,0
f0eca18c6ba1629def221b4862312b4c4d4930b256e2d1444091259b43f2b589,0
f3520162993d81e2df13b6d30db34e7ede3b962da0053622096f7b527937b517,0
f3b2811c32c36aa5b70d6a7097ee0fdf8255f859514e9688724c6a4d37f44589,0
f5b1b7f74954a03d48cd9dff321a2b556f39d8190e01d12637951bf965af6670,0
f63772fb30505f560508d352e57933b087ebedb9a11a4c09c6a4c54fc4875c8f,0
fa99b61ee239cde2d3fb2d8c9abe1c6dcb8138bae87ff56c8ca46899e8f5484d,0
fae916c31cc45372e49d79c0594bd7f37ccbca7a60390e4762794c97a619b197,0
fb028671980c9341dd845f0ba53d659a0f4ade8630a91c28e02f0ed1541d838a,0
fb4b62cc8c6dee3baf27b5230b51999c4bd74c23176f480cddf09c92e1b2c664,0
01838edd27956e21e2845a52a5d54850d4831699d737e89ce476682abdc20208,0
025d31551d5b3b11c78d4c2925814a2a13163f1a844913fd9f283c0992c42e2d,0
0777dadf273be2ca07b13f3277c002b918977bb59282513e8c21bf9368495129,0
0889c46028202e2313cf3a9621483848d67616d3742b12d3a1d585e3ca4d092b,0
0a3d7c606724fd50fdacc59cf6abb2f754f0989ee915131829acdfb944cd56ec,0
0edab7b6f4b8e8602aac839b912b00bc22699dcff13b28673366531b3331d4b4,0
105eaa2e382d6d341065694deb77b6a5c1dde8052343b634414f3a945a295f45,0
10c6738cf0bec14137f87157ff33cbcf26df3007db110f68fae9de922fa6b535,0
1ac6098227374588a8ba44ee9f1a3ba6c299316dd2b9dfe81177b1a70f6271cd,0
1c7aa4f2c43d239f126dbc0ff38abf0df0f72f1fe46eb65cb654129fde9cb7e9,0
1f21ab9d68d733ea9f457d6c378eda4dcd729cfc6949f1ec4e23a74af20d7d76,0
20b4fe46a8177b3df374f8676c21a75d4c2389096736b8bd37119eac14169e3f,0
268c0586b406d23f5c1ceba8d2a75e016026ceca29018ec826684b8cd25f3b38,0
26eee0ea27151c36735203b84c4467a9f51dd13460042746b32b204cf600cc6e,0
28660a891a20cb2d94f0c64c3dc94ad60ac7ffbe31ededd82935864daf217145,0
2b8182896f3bf3ab73c3de3326ce57857c6b1bdf9c2c458570a1db3fef540438,0
3165274b8def937c29b4e72d487f94fe1dac47e1c17e0625b06853e6c3819532,0
31b373efde672731aedbbf63b922fc6fe208c5edc25b26f4dbaa6e9eff46c555,0
321bb2ae256bcd4c11933414585a28fee86cddb7de75ea39f849e82141602d28,0
32e91a31f84baaf70ef436098fe5f1e834f7809ac437e9a0ee2fec7f322d3e27,0
361dd16daf2f82cb23cc618cec13936dd34f9246f5ff37c5fc56dd5b0dbb245c,0
36a0c68dba44e7ba9eec039c98836fd0fcaebc6eb9863220637c9344d40ac1ca,0
36e249203480ba144b252470ba05fde7dc37a7a0b12ddb839c414c63029383c0,0
38dbe9bbb89e3d127db641d5487a262de787776047704f661574c62980158a7f,0
3a0a2a2c1f776c338bd330689c64efa24651be65f9f80fa77de319404c8f969d,0
3e307927e0821bb9baa2192df33681d7aed81e7105777129ec347be8984acd9f,0
3ecdf55a10844dd855808bfb2fc637640d491dc0e9dd56582d99a1788aae66c9,0
41e746a157735dc0d6d41ce84169a96c679bfe1cf20cd2a3914fc9ceeff3c400,0
43ca4c464a4395f774b2a9c3510b7c6a9bbefd794daab5b6abaf570518605786,0
44ded3629a5c20b0b91b1ec79e60c0b1bb7d82eb8b3db12ed37cb9a3a6b03933,0
46a88f73bb209f36bda1fe632aa23085503c05812ef11f6d3e6f5a32cf382fd3,0
487c010293184274f9927ca49de5b18b777428a28b8c0b0a2a84e8da0b1377c7,0
49d43d4028e9462143809030e7f32ae29095a68052e65caf28d5402a93836dfd,0
55509868af17d94965b35b6ff917aa71e487b5d97b2895b92b1f7163560f9947,0
5c316cbebe9bf64b061beb323ace94ab95f263ee136d4942080862d205f5db14,0
5cbf538a47660ea3f9ea80d37bfd63bc561bda7b9f42ff3540c3dde251aa2972,0
5e6d8b9a1e0860f6bff98516cdda2d5a72d4593ed3b14c9730e1248e838a2980,0
60b596348a21b478fca31550d982775b51ab1c1aa943443368cd97730ba7335c,0
64eea70052389079b5b20d78fdd360fc2fd6fff3905b9457438a84badfe94ad8,0
65579ca4ba91abce76fa1bd6a4a3433f05dab7c642d6e0cdc9bafcfac58a58bf,0
69457801a7fcb275f2416a5c02f7ee25dc9496e21a297eec8deeb38d9f295373,0
6df0a75cb285fa83d4893456bbc6df41752f7a6df14dd18405fe5632f3a03edc,0
71030b04ff251a7b1eb1973ce62a13aea8b582de61f158b75b9c82ebda38819c,0
7186d523d9cf951c1367b1d5fec29367fbbe4b3c03e1fd68764ccff670f41717,0
7213005ad043ad896b679c5eb75274f8fbf68d920062cf66d78f8c894d79192b,0
727f99ccd4e5de9c2ada382e41605c7b40080b56b6173369f69d323e75b22e70,0
7369d0f0fa70454c021288c37649e16243b4a08cae8f3f96090d89cf03e41085,0
73f5eb18ec870dc018ddd8ab13f40430eb8583190ce4e81db02250536c30a27c,0
742f682907b661352b93c460ca8b2ed7da881b48ed8a946149df2f6e44fbaa2e,0
750ba0127305f699af869b5257e52c72a6d4825b631980ee752e299a69bf6d76,0
755aabfa00a38df5d7538562fa357637cef424ac985c4a63c1d498fdc5187159,0
76b0ffe827ff362d2037f391fed8358eae8d10bbdd393f24852c2e75661765ae,0
7771acc69e36dbcab37416d094752c6d05770a2016e03268cb77d9efe591ef4c,0
7819a08d0ea635c0e0b99b97122e56f0cbc0a35174e1f56a94718425206b8a37,0
8003ac84735c756f8d7261b7b0d8ad8c444707cb6616922ba514cdbd9a3bcd51,0
811a0d1e1c4a00a6787c83cb54a661291bd81a77903e70ca4a9010f54eb66a33,0
81d8248d6ede50606a20923580a5fefa681604fa99431ce93269aa8224999513,0
822589a38cf6da1cd88cfa2ff5e342204d4203b41de529c0b19d002589df20eb,0
85cf05be08fb47b5185c71d3f9562bedf53cc3d4153c6ac4b94e1fb7ccb149f4,0
86cfae3441a4fd8f3d075bf94119dc281549f5584d33dba6b1a3b0f41d1f05f3,0
882ca997b76223f906d8f70737952339f757ec42b0be0d0ceea8aa9cd5c81b0f,0
8873accfce920b1abae9f77229de3ea18bda325f8ca0e3b82042535e14ee8539,0
8aa416f68a6dc6ec7f27469fb9b173cdca2e2c64ba58021e8608782b6ceb27da,0
8b520f61cf4e9de34b94791536201d412acf838564d91ddce9b67278927bbfe5,0
8f93cbcdb3e490a5a41b0c7e204e9095ecd1dad47a3a0a9d58c5b6d335084317,0
8ff3fe6e6bbaf10e90a728b86609ddc4aa8d523a743d269824dd24169f43afb8,0
90ec13d2337a34f754fd4bd25537450fcaf5cce35b7e3491567952936ed841ab,0
92e687f79905194b77ca85f10edae3dee2758364e0907838c18ba184f79e229e,0
9449c1b83128952d5adb70020d0f9e73c7a746c7950f87d7854382532812f3b2,0
94842372e178f7c83533dcef1fa1f7afd29fc34aa03e2108bd0ac48dd03262e1,0
97188dfadcd9bc29c3dfa3440c6d7548ca315f61eed5241fd62fd91ffab2369e,0
9a3ea11425403198859505b720b1004960feca10c9fbff108e6e21fac790f72c,0
9ae9f82d68cb5cb1150d0d8d2ed7fd063992b48cc8487fe14ff13750959a5fc8,0
9cfefebd3ec70e16c18be0b7f8813a57c03acc8170ca669c7064ab08dc81f5c7,0
9f4a647c1886ce2060077718222aa70bcbf8982af5dc43af5b97eb03b685c367,0
a03d4b3e4aa54e0e4855bfa40103998de115895f229a99b77fa2a98c69c0afe5,0
a38fedb5ccce88c1fa4b133f1b56d9cf746956a07988789b79fe376b341a9b55,0
b0f6101a7f70be200b79a9983dcedf860db4282b91152c1234d74b8cd549754b,0
ba1a9fb70608500a3a52af6d7e2264db1b13fd80fa91334ba16a86b996bedc20,0
bc38824e5be848601aa88ac08d78fb64be3bebc106041f2dcb1b71179893faad,0
be0c5e838d5997e7b8daaa267b721bc0ed7278ee91176c2eaed1c6b89fcccc8b,0
c10e40dace62d74d4e93a0ab473cfa1627060233b68f84d78758619e786f474a,0
c2d2ec4447777d8e9b16d34f6e2a89e3c5b53b873e728a21d613155d125b4ca7,0
cbc48e2d2582b19f04d87874a9f4dda8eda1dc9c16a78466a7fbbeed26fec58c,0
cd6c82e7a627b81464117fbccae65b97eb9baa448e2c1a86d0adeca9f66aadca,0
d27068f0e4d8a3b9b7e80ac505b168ffa9e68d97652948e8a9f1d319211e3cf4,0
d279104e00a36cb4d62d3d41347cfcb2b113b79fd36305255a3220b78403531b,0
d83574f73b17fd3c912c083580a3bff717e45cd1d2c08c1e5d61cf4d84442183,0
d85a227a38a6736e79ec27144c3c7e61b647c39a56a0e8d8c202bc8e81f8a934,0
e3e44594e167a2aa4840641a8e281a6d642404038d1fd05934556b7e4ea4cf2b,0
e804d79b5f025082ee7b1c4323216569f732ffcd50f493282f5a9bbf0f52c567,0
f1258a781f241022129020d96790c3de293e994f016fb384cc87b19308853db1,0
f2eb16ad935271c1fd3379c3ead407b73ab7e1f3a80c88d88a84bdbf48f389cb,0
f316e6f623963695487224f88e568cfaed62a16d5cbfb4037fd502226956fc18,0
f6e6a02192eb5dac5317ab592b7f2c518d6ca91493f5312694157e5dc9a79441,0
fa9b75c693cb9e6a09376f676f0e12974cb7198be16ed16d8e6b1b810a2afed8,0
fc7667a6e13c43602e7bbe75b24fcdd10956cfb49cf04a09b4b474360ed273c1,0
fcfd56250a4c4b04d5a7ef89e78f1d16127f6e27f29cba97b33e05a2c54e9c70,0
fd3c642c4e097d71b7b176ebf6a1c46e50ba0b4acae6875af19655e086d22701,0
ff0a8f31fe526265c2cdafdabc56e1fb319a98d8ceb030d42e23a3904db8e34f,0
025725f12f61c4a537dc4fdc8eed8ef21ff2941c2f989f5f10d7480e990aed16,0
034c5d248e0691a9812127fc6aec429b6320ac4d678f8bb8e8659deb6bee8e40,0
07e3aa5dabfabcac2fe80e5066ff3815c79fc2978e3c81b209845aa06d37b3d4,0
0b4794ccb4f1ee28b89aecc22f18176fe1dfc20878b24181497ef11475ae2cb2,0
0bd93208c57138441ca095d2f1279b30f966c2fcdc62acbed7cb067527ee72bb,0
0c0da716b63d6fd10aeae7d2f1ea7ba94224c3bac57d3260ead60346261a6670,0
0ed9b1400f6ed2b7fe2eb431e2a32f0383f9291d45ae4c5a670e3b24ba7fe7a0,0
12e29b91986bab0c61f0122e69093b82d49cdd2576cc777278e76d164caefd27,0
1710c85b845baa289cacc6f31512a854ad18121fa1c2fda6839a5e3d3efe98be,0
18dc9f25b42c3a6c31659939620ba29eee3942dad4c23e347ab872d7d66ce2d9,0
1af257fa0c5c2a5c1c6dee2f19618ae617cd2f499b39ddefa90353d8e70f5122,0
1d9aaf8cfdc30e70a254d9b17f08c852ab584157c95b8d14ebae76715c7eb974,0
1e46476d3ab0b948c24d1c6b6244b53416fe69c8035e90f5623ab407d28566e7,0
203c810309ca7dbf1a1907fc6c0f85df1dbf2efc5e0fe656a241590133c70ac1,0
2265bd10cc95cdaad6afc10e2851ecb1ead50a0b442549772a833dbe8eb67b11,0
2382225014c2d68a9a375aaf002b7cd84cc7cd6aeff0fa92dce8bc55c2333206,0
24f6b6f2c69d2a321fd81f43c518aeae29572d90e43c01956ee87161632db34f,0
2940abc2a529ae08910f8541ef86038825b5762c5c151e40524f86c3a062e2e9,0
322283432e6f79bdf40747c0227b6f79e3e3d198eeabd6051d3acff85de45fc9,0
355015488388f70d2e40fa5456985ff20339f7a76030ba99468f2d77a3816c71,0
3a9513c8d142b0bfb8c39117a648945c10abd1362d1a758ef3d372af53cb4bdb,0
3c002f4eaf3ede23460143e8cb95c409d9e11d09db08a94c02f83d79309becdd,0
3cea86825ff0e7127e2121b7d820cd05cdfb8b1375fcdace7ee283b65b91460c,0
3cfa0a55bec7195d3e20937284280833fb5c7a8376e6fabe52d8a79f0b12e711,0
42a889c98af05a8b538defe0d744a33adef13d9f9de2d343b4ab56fd94930443,0
43bc0a2845dff0f17d3781e19af9798a975449a8081fb050e2482164ecf8ee0f,0
444f3d60b7d8713875eee2c5b63e1049316736eca863abdf59ca7c5d825802db,0
4761d930a5687b8ec00875620dfae510aee5fe785b42fdd93b2aef512e4ac5f8,0
48298c8b14c40b9d1b34156a2c0df6ea1fca819829f60136ac0de13d3bd6e2cd,0
489ffce7d3af66c8debd8169db23dd0b61527713c322ae24e4a254c8961d34cc,0
4a07ab5c9c8078e2df46945184cff0a54f645e5c914316666dbb9103a46ba404,0
4ac681f9c62df464de5c93075a3f9eec7f03475110a1f8ceff458e3204319bea,0
4ee663da195eda0f05a07a27224dc7fadcfd2f9d30265d8b2b22567d4f81ccb1,0
4f21a0a86e82f6d6be06010edc81da9ba0da54697cdbbd5264268e069aca4309,0
532c97973c6ddc7716266642e86468a151f6ac7bdfa6e3193341aa12eb379a6f,0
54752a515133bc2dc88f5d5df8b18becc70ab7fb8da78c94e68e5ec3df754fc4,0
5cc17a0310eadcf6da515dd58b560b76424c868dd9b9cadc7f3cd2dadbbc021d,0
668f462207a42b8e694b3a8becb5dd8bdb20c7020e8da688796e8a224fb1eb48,0
6785c055de5118ab533fa89d831651d40e18cbc7ad06654c0af5c961575b8a10,0
69b3ecb3f0d4582ecfcbfaae0cc395852d33a8286985fdbe763dc4e1fd9b8ca6,0
6e33deec82273da9823a8856fd73696be914076c4228272cd2890fbe606382d9,0
72427a677283337047c562f0f249c6ae6526bd1d163b0adb9bd70394304c8225,0
7462b8d01df1b79dceb1ddbfe3f87ea1d2dbe4eddfceb94bd60c522e5f7dca8a,0
788ab53c919ede98b4a318caa0d4f0c6b3adffb90a3b28239e20dbc66464cae9,0
7cbddbbe2ce146914cc06c25529e6c22504ee3692de1cd55f4257cedf072d914,0
7ee11b6b2831d0f0fd40baca3155d7f303526d240f9ca42f775606579a691618,0
803e8337848aac93913e24db04ec7bc057eeeb9912b608c16dda2617d175fe5f,0
8124dbcd78d06087263ddc7437573946310cceca9ff0a10b6976c705f8cf959b,0
823230d82b6a2dda7177c2050d8ce37e0dc1be45cbb7b026e533016631994992,0
827657b45d94e485e8d5bd0c7f5b528790ff8e0a1f0b5c7d3f0ae37500f7d00c,0
828f71b98e48f63547330f1dcc3b4cd440a86850159bfcf6b5879667c5559a3c,0
841fc8f697c2461edc40d27d528e0e9f6c54ca3ca7c3216241330c268189b571,0
84344976ec25dfc07a34d3018bf2ffe192099928225f4fbb70484b7a5ae866ba,0
84486e7ee066067c96d6a22b98a412938c3fab8502e55331f3dfbd54a15790b4,0
85d5cef32be57ec18ef248f4e2aca29dc84fccbe6610163b6f814e3975d7b9e7,0
86a4be23bcf31de6506376e06e9bf8a7725e2b91912612a0daf78c4203dd153d,0
86cbbb1ab067777700dc890902f609c44bdb5e744869eb4375d3e5bc68a97b47,0
8941bff4cd3f80df8e94b8897294c0586363adee987c6a16dbe414019238edc6,0
8e6cf3e735989e1a16a5587b160cad1befd3ad2631c5b661020d85642409ea13,0
900c45472150669db14abe9ed05352f34129ecca33dc4b178685d4dbe318214f,0
90ba53b9f0ae5ff33de9d13211f4768267dd8f9da559a34dc47d91801e1cfafe,0
936c4062b091bf49d3aa8612dbe8938bf737755e6e502054e02f47a8a0445c8f,0
953f4f4ed2081f5f06ae130bece59dfbf8961dc985e0e09d7e366d1d9ab1680c,0
96c7e28ebd8e9276ddbfe8a4edd32f0abee23c4931646c200b0c5040ab1623ce,0
9b8ff37d700d5dceea0ffcbc9304bd021ccea6b23941014d067f44c7f627720f,0
a1ae7d4f200a0d4dd304cb003048f0198560f915fb1d7c98fccb2348e28dbcd4,0
a963bff44c180b43de606e1f5937d896caefc09d71c3ce590b49dbe3ad2002c0,0
a9e4c382162a9ca59210e48254219cc150957b58d6b5d89192cc91b86b295084,0
ab9c456a6e38841fbd4fe1cfdcee492c6971f8f2b92e0346812460578cd62074,0
b05ac33f1d09788ec58bff5a523c404891c020f9c4177032effa1d4d076a5cb5,0
b13b0c34c9a2dc2aca17c33242251332a55d639c6d2a86aa3732c81f1cdfbb40,0
b3ff5bb6e34d429cbf7bbf840eb1183031dc49ea47b4e90ff48d8dc00a4d42d7,0
b47d1563bf95e44e39578d8d1e6c4ada45fca6e03451ee04e466ee72786362a2,0
b559b2937333283739ddc7a817fe5fe486ce8c6b3007136bf755edd5e0a5c114,0
b644a66a9bc9c1a02f4f35db8e4d8b7b0c661a4cb5190243111ba6aae51615ef,0
b98f188851923dc7f9b53ca452c9214ab9f43fc2e91e1c5f5e4c99c60369445c,0
bb9e9c4ae11879f3aa148e745901fe88ef6421a456af4c117883ce5dd1300707,0
bc5c15e6dda26b4055e13a07a07ad81c4a8a8b5606d8b5f4def5b446baf97099,0
be56024d01a9f0e177635c45c58d78a65e448d610d076c784a59107569f4ae56,0
c04d68e87a958b6aaa4e5517e504d5ba777729fa4dfae4f9699dab5e319d39c0,0
c1b12431ae1d1186783d24bb417241302c224ff105ee62d544257194c52cc524,0
cb8841be705543919f8ba8feccc10a6e2aa73f38e3483954db1311d82fc7aed0,0
d1a8b15f0dd01eddae4cbc05061d9950984d0ec07d95d14ab8ec3fb3c163f732,0
d1f41c9807a208e49bb0e612ed20a9adfd4b6c77a8556d4d6febdce383fc0c99,0
d9678b22d50720b36ee5cf8def83609590282710bdf3abf71d9f4df53f56c1bc,0
e047624030b8dd27dab68c94e0ff9542e171e65245f202e445b43fbdd124a080,0
e27c00edf55f706400d2237b376c6b2b5edbc55eee57a61899ac4237b4e44aa0,0
e418197b067b1562488f2e5333f12edcba5e0851e961355215378b1726f45bd6,0
e59629226dcaaa53bbabd2b4310e249ebac93ff19c0b3a4140e37e4de4b30cc3,0
e6abb2853ea67bf9dc717a93f86e324b3d85448a86f18790d77d6d0fb483fbd2,0
e9314dcf050a532eb6beef2686138d3edc1d333f2bd91f0088362990a11c6be2,0
f02f66b19febc2ce963a11e89062bc146ac5ee245fefd19bdb09377bbf2a10c6,0
f20e101d34aafa7e152ca93a6e614d3044ccb50d5d73818e0d3faf2002c0527f,0
f3b00d6f27c797bd403cb515d3696aaa4a1fc955bed20a4024f8f0e801629e8d,0
f8c0a969a1d5f5ac94023af8574c10e0faa7eaba54d9d90a50ae9d7bff5d0631,0
fbdbe9c5bac57e9979d04e5bbba14955c881807a5213473ccc2024741fd5eac2,0
fc77c7fef91933aa356710bb6b3cfbda403f684a90467940138ac97bfeda8248,0
fd31b9232aa50dc532660b442baa3dcc14e92a7f713d006ffc0f61aaf8d2362e,0
ff1a4c623bec0a0f6e3d32f4dc953c64b6221be7933e814392a615192240a1b9,0
ff802a4d90fe7bb2fbddb3a2f9b6d67281a90dfdb1f6ace77ecb1713736f8ee3,0
040b321afc1388483056f7e383249354bf13436b2ba43ba36792590d86d6bb27,0
046be4179fd75c733548bec8b4d88d82a85d04780c13fcb2ec3eaee21e08952a,0
061600a84d609eebf92fed7058cbf0bb8788e82b96a089b0b40a6a773fc04112,0
074aa769529d709403c700055b547e3d5d5e7694d49c4cc8506aa8b8f9e8d6ab,0
0844d999220dd45e3a8cd2ec7c49d399084cb858f0dbbc07e5b8a82b3fe861a5,0
116e9dbb150c836ee664cb0c08e2fc79200275dc1e45a8f9202ae9ded2c8629d,0
11b77b134524cec6747b604ad990274a08efc2f7ffc5946b3cff0f4f045418f4,0
149f5100ebf4f196779b206643903ce168f60330422af0c1b96a88ac8d52fe47,0
15ad6402ec11c50783957cd3e4c1a7c0a6eb3ef8d8d527ecc64951c35961ab6f,0
1c8be43d594d70e5c0414aa31ed90456971a4cf823ab36c959d881ce1e684b8b,0
1e2cc83e9c6c0ddd2b077fa0cf381e80210694f476e4cb539c0f2f516cfb4188,0
1ea5446fc21e8c7535383fe002ba0bcd11134c8344ce447dc4e4e63d46d5579b,0
1ff947a074d9b653143d29cd6f4203e5b5faa27cbd6943579bec7a797aaf2043,0
2350b4d768daac6604d99cfc66a10cbe8d3364f8017749a0a7ba27942cd27bf3,0
23f3af153c62b955b18d1bcc1cbc41d73b69250411cbddc0d6344d9b0cacf33f,0
2524a548dff89867473d68a7d253269c6e1475b6e8bce9c3946bbd906bd99433,0
27f4d28829727d5945121ecb3a7a106da1f87a276caec3b0d32ee183bc7e5b66,0
29b2668dd1cab4d46dfcc6d9f79ab0a8f69ff2fc3b1a5e523e80bb054a05bdb2,0
2d83511c934f2b54ee8cc2b17244742592e4f67397d3d118c41e5f121807f7ea,0
2f4d71097dff572b9512c7de5ad6dfe9df67eacbccb705499f4442eb1a1e3974,0
33fd506562fe385439e79dc789cdacecf7e7187eb31e805e614dfc0c58b81ea0,0
350788f8a59215b35756c492705cbb82bfbe809a6e96a176520d0bec8f7fdcf2,0
3589c8525f0c562bca3c8953e4c187b12c714e0b5df602cd6337b3de41e40b0d,0
376d33ff6267a6781aba2775c770e5d193ed117dfe0e1d45c1e09fe9c995c4da,0
3933178ce4475dead69ccd86124b4c8061ee790d535f94a97489703b22452f0c,0
3c5adf5a4d4ca5e7eb27925f33afcd9d1253e172adf471827abac7484dccecdb,0
3de949914c23d3a65945b07a4f3ead829f499d4d314be9ad37b8d8f06096e1ea,0
40eba7300ccf588c7a1c37d677de965b60a92c8ecbf7fffa81d83dbbc8a72d8b,0
4a2648b51c4591cdc702ea439d143046e849630b229b9d0fe8261e0722c036f8,0
4c7991810055766da11d194747fa923a59935209a2cebb7bb0c57dbbfb04e0ed,0
50ba15e3e85a9663d6f4013876208ff6aea7f7ab356fd3cdb44f98ba8bf0c189,0
510a4cb9810ba8341bbb8768d7538c9779b77ab7bd62d8e580107ebfb6dd225b,0
52e2b1bfea987ed5350e00e1924a8baac6308783ca9517e4949b6e551f8285ea,0
5609710f37d1947aea649ae877080c365690aa5dafdba95c8e8386890e78ee94,0
6996bc0195dc94ee01910e946cf71fa13084d8e48bc995e4fb3e474155d885d4,0
6a0ba0c860d056a3d82903479db51c1e5000b01d9ab24f2fa3676bf521c99253,0
6a3e87b0c1c48b9e2fd9850ff09915eeb141a0f0dadabbcb3e07057598a5f7ff,0
6ad396db0a3bf872f2f5f8bdc2a14bf71234d43be0e27cf8e0cf542f6b35adda,0
6b7ce0c3688d196066aed370e2724abf473783d0ed2c8a6be1024be92437101c,0
6df7638e35545a7bedce41417927ef505fc54ebb6727feccd2f2fc2d01de6489,0
6f51500c11490649f9d94aab0fafb6234017c0b88e5fdd1fe4d353f2d06228ef,0
707902e1f1a697030e8b2692bc2f35d42935630eae9138e302a0fdd6e88e583b,0
72a0a2fb64ff7634738286450a29128ecea05190589ef369d68b2556295a47fe,0
78d78643d99518b36baa04eab6160a69d5d808ea8262ea4da10dd16571b76326,0
78f11b902dee07041056cb27c3d18a97e16d519e0aed90151c4ff3745bfb1030,0
7ad31df94e224e92b8a7ee49f81aa7b80929b5e0e30e7d8d626bb9f57cb79a34,0
7e4e73542c5b59839f7a5f31deb5993e132464db19a603691048c269bdd626dd,0
826e9fd45e293fcd0e72242340c488cb15cfc051e480465f3579ceb03980433b,0
836adb08707cb86c881f9fccbd2617cefe21630c0e638e8375c9b59a25aaf142,0
857dcaac1a7e42686db42383425f9949c4b41f2f6978d54e0cc99850e2574519,0
87197017bdb2ed9f0a4466ec60fef5fe0b61a7f8bf6eba67d0fe26f85f0f92b5,0
872a33f582c9a8b7f33a9545c78302b6ab130c242c70eb603f6b4f06e651f6ba,0
8a264c2324cae74b6ee7bb4ad1a4c2ff59d9c988eb2d290ce1afbfb2fe7579c5,0
8a8013636bcb413decf7fe1333c49bec2b5b71eba159f80e30d655d4dc1cef5c,0
8c16e257a8b3b232435d0a707cae890abb6907611964d0d537ad9e08f6bfcd0c,0
8f8ef0f0ac9fd799d23feed96e1122d082d16d3a08de6d375bf3ecb998a31c02,0
90058b8f0ece4b7a868a734416c6fadfe40b3d7c45e0e3d496f30ed5aa26add5,0
9190a035de20cdf28ca19c78c69d3d89cb4cc9377ce0f2f1d34ad56e19c06182,0
91c306f1f342b463edec9775f66a5ebdfa4e9d08b9d69b2f1773823562eeb36e,0
91d362e6f220438f9ed689c4355e357a96124080333fb9d3b67b3f8ea4870d61,0
92e70f1a6f3cecc019fc3b14333b6d1cf4c76fd8a8f4e5309d2f5a56b2e58733,0
947d1319e18a94ca120d2e76152272ab3974d0a16627562c73aace8f99ea219d,0
98567f754fe8d3a9f8d2b6e563c2f4825c40a2f0a0698de98e6d6883dca6bbf0,0
a13bfb96d08e48a0339c03e8660f4183cbaed4fbe34911978c3674ad98bec68f,0
a2a74f0cd543920b071e6962b0c56b4eb9d223464e75f74f16576e375a94b180,0
a3af73d9112526eb6dc6838141ffbd99ef087a4453d7f3facca703f5305554c8,0
a3f61bc0b7d93dc33725547d301f0bd8d16a1296d6ccc557f898bb3668691144,0
a762647ffc45c18a81e7d5ca1589d8cb616aea6ed2fa582a2e496188fa0836d9,0
a8709901e6e501bda0f41780dda0758b00bdfc0062936d1fdba1ac302c3c79b6,0
b6260b0a5aef5bba4059e14d8b86eef162080078e86b09ea3207ff149be1da66,0
b70ffa84dffc12d8604d76ba9cfc16afbc83aa51082013f8f693947a3398de37,0
babc5db2b80fc29479ada88bb5c2e260a34c697beb5c6d9984355bc1a37bb0bd,0
bca54e2c12c21287c431e2993022921f0dd2d1fa4175b85d2fe6e77a1565f191,0
c0700011cb0a698345ff933375a58350059b6e325e529ecbf6f471e0ab599a06,0
c5647ec956543397fbc409f971ecf56e7a9bcb7b9f14e843e6155fd95af480b7,0
c8f5a0221c0e901c1d20d1362bedc720799166c8d36c194ec89f1ec3bc15ecfb,0
c9a3ec524ed6580393f3f1e43951d056973f2847cd24bea7c2cf03027197a4af,0
cd224d070b684400fdb2d48f01b66bfcbe62b5e05a75a21cd256590f8a908c4f,0
cd3e49c94face13531b433adf1108441c1ed3a18ef1291ecab0eca719c6ee3f5,0
d358a0f5b3f4b141733700f2813dd206603527f99fe5650080507b07be68889d,0
d81350137b6ca043ed651c8b1e0238b8b9c3ae98086e6c8d04d9d98c690c95d4,0
d91b5f8fa0c543f3a3d73b940b34067a523b047ce8fdcccdb5d73203fef67d09,0
dc7c64cdcd91d98619dd0622d21cff052989be47324ba1c2f34a22f65e2a8512,0
dcbc2aff3fa8d58cdc55a6f7cdd8065823b0beb582528b0b9bb2fe9549afd356,0
e1f9f1ad7adbdaa22f82818ab48356e3bd554e6b16ff349d85da95da99c40c06,0
e30d9a9facc8988cb0cccc2399a39d61e3d17c734dfd6d3be92429ea7aaf8028,0
e402802a7f1c88ad5d6acb62b8b58465c105a5878974a6a1cfd9e4cc1e0cab9d,0
e4207508d47eec69bd45f07664f68827fe9da540915069e50b281ebb1995c83a,0
e4f7a7263101e790933825fd25728e937a2f6338745b27471360aa5b2e352cff,0
e67ea3c7308b4f5caad5b3ad917b839b3691f60151e9755d0ef04d794b43a44e,0
e94bc539a87603870e3c237e16b0c4e26e1576780a1230e6cec2f5b9f8a78bd0,0
eb8ea430ee9637d6d110748c08c4609aeed3f72f6e33128278be6f9a17720a82,0
ec12bb312cb8e569a74b446db5f14b8658fcae8ac263fa1aa58b15d38a1a0869,0
f52c072cc23df0ee7b4e9d44ab2bad28e892da6e5fce2d30edf22a5b25867047,0
f558d18fc3347cabe4bd4e44a86fd097d16c2d696b4d74da7d6e10671aca99ed,0
f8977413b3baacd1da3d354d01284befe724345b51c505ec515bbe62bbfe0823,0
fb6219138c92fd6acdfe0699a9bdb35129dd21b6ee86a783bdc061fe0a870ee9,0
fd6ab8efb77bb45d511117a163509661d4bc9b9a6cf038323a3e0eb9c31819a6,0
ff4bd2e8aa5d452f081373339b19d764a8fb3f1ce45ab3b9f59e9535b6f363d9,0
ffca001491b929477f9165337fd54c0e468b12fbb5b767b94985694819cb3114,0
013f6c26468b87daf46db6384cb784f7d2919656b21d16149af29cb4060306a9,0
04184babfe4da00424c46dfc0b9ff76cd5eb26c5f26b5565b89c9624e48b4244,0
0686bc02a648e00c8e86853d215f73ea3ecc3bba776dd2ce0d265cf7bf4c54a3,0
07eabec1816c4bf3b57f5f04312d836c3b93d97c70508346617457c910b3ffc0,0
0e93e4e0a789fd909ed715ac4c06f29d90db0c94f3602e358d25d21bc29d5a74,0
0ef42abddd93f03e91a4db45794191f6d5a7a8c2148949f596f4c1708c0be073,0
0f6d5c7fec7e56e2e924133667fb74a69e79cd78f317726b4f773cc775c2088b,0
10a272633252af29e2a805ca5a26f193f2b9a4005265efa3c44be2c9c59e309b,0
11dfacf9651a05a4830045175bb4b249d1862a0f30876aa60c28ec0aae23eac0,0
1332d540c5043a5007eed8b96a6c00e9c0e452e7b9dc415e1a11581c99515d1e,0
1375aee905ca90b09219a3f2119d28e9d8044225bbe3606bf68bbe27bdba7cf7,0
168d1eb1fe56cfb30847db9911bb5b63eb3ca9f3c487aedfb4275967420dfbc2,0
19c6d090a2eecc840de67ebe74a989cbc39fa1402d651e2999f91c33ce742d78,0
19fb478010627b6f702ea6fbcad0abb18fd330e936532ffbb12aaa855730c4a6,0
1a1593c3a86e9aec6452e99ede9d10e0cf28796b0451ae92d85c260103856237,0
1dc8d1c926f748f7d266a6f049abebc442a04f7553759c786d6b70ae9e9a08bb,0
1e3e942f37aebe1d07baaa397a0f2060036c28faacab784170c8c5d3b2a13f97,0
204bd871a67a3573a21b2c8d6ba6951f5ed908786a194f3d01fbc9be11b50bb5,0
2074172981b16c94a8cec0d01bd91b047c5b01b53ee4b52932dd5e5e820f0b96,0
216ce5e0533d199342c7449cd71c4bcab602b4939735fe037dbd1643b233549a,0
278cc000362ef50f86ba10eb61ae1997ec0885bfa8973f36a2078d84e778e480,0
2951410686e5bf2f67a437600bf242ab6753b8775f386a1549ddc90f7e9680c7,0
2bb3a4aab5adf2abdc02c9099fbaf180da221fe003d4af5b59c000bda5ea7bad,0
30ada726f8f75a37491f2495c9915265e4d8ca0931d72cec5c713436393519fc,0
331f06f399b56ee7a225c4bf770f932e13d06f6c60e331a3206d53de50a1bffb,0
33ac94d3b2d94fb0fbca28b38d3af7a4128e1adf941753b90cd48b97547586e6,0
345a7280a00332f88e04757d7e8d7ab08deb514ed98a18be7fc88be06a169a0a,0
3479831623b528228feb4be0da555f81a98d32bee761e38de225a7e7e1bd3ddc,0
36ea086c805be152993e18f69ed8f3276c8c4525194182eb1f3c667835e0a563,0
3d71483314d193b3c8c8bc69052e0c79f1e1dd7c09d2feade0faf29e4b6d16e2,0
425cb7f8c185caf2b9929cf05920f89633b7bf3e111eadd68e15e2e161a1182c,0
42f1914bb10c823072ec643e5ca240a9fea4a2944bfee88996998c1d74ffa3e9,0
43b45ca52ac800eb6537313a4db97a5425913fb100498ebb4124f8b721a29e1e,0
43c440da1104d1a19f711db4979fc8b2bbb332a848c5ca30d613731be874b44c,0
456f945cdf0c8286e4b3f1580712fea3f7654950f3eee5770ad0982d925e0989,0
488c6c8ee2d7ea5bc12e2920f206d73ad9e85e7095b9e04f76564d5b41e1cc35,0
4f2000949d147776c06d7f08d8b4e31958b12b2f4f66e123b87a8556eb579dba,0
5291183ef4e3f9cdc3b7494cc67e52d887e30a97d5de3874908037241da20e72,0
55475c4e12e3bd2064ffedc2427078a238e2e8038f585a0cda2e4745929e2f31,0
557bc56caa0cd9e7f338b46d164bad7ce4f072e5a9bc2ba879752c0b47d8d09c,0
5beb075f268b84c71a3d0f58f603a953f7d32521d197d0a1f2a9b7a72794fd25,0
5c92ae20a3e8d5cec4547624c172679831b6a19a50f5b017cf64ae44500745f9,0
625f0da1dac4f3d454c5718a7afe15148307688061a02890e3c00cb5b8818b43,0
64e3e02751b1b2f85af79e4d89a25cd29389c469c60129ebdcafaa0accc49a7e,0
65f8f7f10d0ba837197004c32129b7b334ebfe4669bc7298aaa20c3250ea09b7,0
6710ccff145b27aca903e72bc616ee6babf0b11f1e2e35d02d4d1dd748409fc8,0
67d3f1f55835aa22d18e7028aa2e878656a43c2d0b9945cf673322b53e7669c4,0
682c3c3e4ed287c90687a0bdd85a6ff94ea536af0499a1fe10ea01aa18d0e60f,0
692c04cacca33e7cfe803f124de6a6859ba3dcdb8ab099ed21e4c4f1c666a2d8,0
6ece5542906d99689eeab7de7b064baf566349f208f667bddc4643ee1d7ef87b,0
6ef283eada5bff3a1291c5ac5d9095b6a5f5303e8aec169ef2a27fc9b32d0bdf,0
70363344e9805e922f5aeb14b030da97d674fd42215936fe455d821e2d740b93,0
726b07e5110d8daa79e9e87ecabe5fba08f0701afb4eebeb96e7f6d7008c46af,0
78413bdde903dd7ef542f0745d6f3752f6d26456afd29d4cf7cece1a06186597,0
7c12321b5a30dcfc7608424cca158a48c2b6ad9a1ed186d8b66f79007742c772,0
7ee25aadd683cb863166d9a148128bddff736b22a864d7b2aab8bea9eccf76ed,0
86c2010b512edbe6931f00425b138658c8db578eb7fd72dba737c58bec09956f,0
8a2d7bfbd58cf110b895697a6a2326226339adb4b8b97121f8d188d194ea2fe3,0
8acaa0ccbf68662d019f4581c359468a7c7ee18773e480960f7499b6e2f784fc,0
8edb757d3347272cf73592312697f86b562c2741d9477874fc3c1c3f231af541,0
8fbe253159dac8d189055b37fde8bf7d870cf4f2be067f1d0694e5326f516fe0,0
90cbf662653732ccca5dcd34f7846ea2579e0dab61608390bdfb8997b2249d8d,0
91fabdfa0bee516e1a677a5454b4d24dd2fef06702e4c1af7be370df3cd25c3b,0
93e3132a4d78bf76415a8c2f0df9d484590303a5fb80d33b420a60049302a9fa,0
948039b585c37e6f907989110f65b75455bd376d7b17bbb32de223bd7dfd2572,0
99d6862b628b26914af51ae248fd3f0b3a319448f5a5542bdfb5a7535807b3e1,0
9c0ef662d52cbda7d50239c4196945f9366b8d9b64ba968351f7dc0b5a51947b,0
a08cc28847b74abc3c9632575e2b508ceecf0b81b781e207bc549c9573c3a0c7,0
a2f871e32889300af8711379cdbc0b804ff152350bc502274fb21880a020d709,0
a8aa3f51369c1cca1ed65b7b210a918d2ed63ae48287eff1c76a4ed9041f004c,0
ac92bfbfaa3ad235a4991e12622bcb1ba00224a51aa1c2f55a255f09d6636be5,0
acbbcf6f161229da39874481e4af5d29f510ed8f7dde669b3ee28e3f82ca33bf,0
ae9b0c67dac2073e78deb5618d257725e7f94edfddf378f48a557ee9933d2786,0
b1c91a64fc8bff8d82b7a9a1f0b42527ccd639a3938a3697b1db9cea72a9837a,0
b6a7ec71e28d7ca32d55152612b99f4cff543e9bd1d548a61c2189b72eed2e35,0
b6cb9b75e5f3e9a41f212074782a8b70b03a8039f6774b2b5ee2c9504a7559ce,0
be65578d21f4500d7e7b5e14e2071113b6ffbb61f9ac41b921aa07de3032b0f9,0
be9c0ddcc801299fbc2cd252747f30c8b79bbd479468b60d1a78a3f033eaa8a3,0
c683e01ab5cbe862d68f6bec7254f7f031f6a1e2a31418f622d84d0370584719,0
c751a05fa244f43b574c1417345fb54ff04728ce7834aa6c7327a855e77da515,0
ca2766c23f033b1744f7a8c17b8abf8f4e46b1b8344838ab49f0c331f4657275,0
ce7c6492818a677da27e1c6b6e0656278d6836737c91340d2e10aaa5b02ba996,0
d0fdd0d3deb186a86ac7974077144fa1344e96dd2333377ceb1bbfb70c391fc0,0
d354685afe6f456fc9c2c1253b3f0886f850315430b77a7127921427ea194429,0
d6a4317aa1e782bf1e59c89b7563746a46d7a0ade38ee0242fa1d777235bed64,0
d6e76839de5f6fef2192892604decc8eb5c315b02539685665af3505bcf88d4e,0
dcdf425dcd8f0010494cd3d011a81f07d34f95f51055f1ba13e972d8af2b6c18,0
dd11281a85a5ec88d07bc33c7bcd5a10f3de0cdd67423f2c00b1106eaae716d0,0
dd2386348dc4c0b6fa766f5e45afaf2500bdf1f2a4e1686d0994a993092192fa,0
de79832bc8c5950c17af22a3ba36a8ea6958f1afdece4cff910caf1729a95ed1,0
e23be1aab3401ba80c7fb7e44a219391560b98a508d5a95df07c7adf95291279,0
e34d8193e7b83166a3dd7ae2a1ded955840d7c3bf161f8a6592df09717c215e1,0
e489977d142a6e341b3634b953aeea73fbbf555bdff5aba8e586dc38d43b5757,0
e5d4b43798142db77dca1bff98db20f555106a18a4d3521c205f43f14b22e2b1,0
e8733af84d16dcb04950ccc2bc6160394fc156644d24e260a29e363698aac67c,0
edc1f7f534b1cbb9128ec8ec933a04388603c0309e9360a43fcbfab745a74595,0
f2df9eed3218ceb6c037c5f8d30ed4ba977bcd73519f6a6ad4e5773563958ccf,0
fa42b15f542c2fd21eb2ca120d793910f02789db01263c5b116f2aa659b33d1e,0
fa83ffeb5ed569018f13866413a0d98163343cdbb2181471ee29c5aab92c2dfa,0
fd28075b76f5ba2469253092496ea41e3207818fde54039863680b56d0891056,0
